-- phpMyAdmin SQL Dump
-- version 5.2.0
-- https://www.phpmyadmin.net/
--
-- Host: localhost:3306
-- Generation Time: Oct 09, 2023 at 04:40 PM
-- Server version: 8.0.30
-- PHP Version: 8.1.10

SET SQL_MODE = "NO_AUTO_VALUE_ON_ZERO";
START TRANSACTION;
SET time_zone = "+00:00";


/*!40101 SET @OLD_CHARACTER_SET_CLIENT=@@CHARACTER_SET_CLIENT */;
/*!40101 SET @OLD_CHARACTER_SET_RESULTS=@@CHARACTER_SET_RESULTS */;
/*!40101 SET @OLD_COLLATION_CONNECTION=@@COLLATION_CONNECTION */;
/*!40101 SET NAMES utf8mb4 */;

--
-- Database: `laravel_sega2756_hris`
--

-- --------------------------------------------------------

--
-- Table structure for table `attendances`
--

CREATE TABLE `attendances` (
  `id` bigint UNSIGNED NOT NULL,
  `employees_id` bigint UNSIGNED NOT NULL,
  `schedules_id` bigint UNSIGNED NOT NULL,
  `at_in` time NOT NULL,
  `at_out` time NOT NULL,
  `status` varchar(255) COLLATE utf8mb4_unicode_ci NOT NULL,
  `lembur` int NOT NULL,
  `created_at` timestamp NULL DEFAULT NULL,
  `updated_at` timestamp NULL DEFAULT NULL
) ENGINE=InnoDB DEFAULT CHARSET=utf8mb4 COLLATE=utf8mb4_unicode_ci;

--
-- Dumping data for table `attendances`
--

INSERT INTO `attendances` (`id`, `employees_id`, `schedules_id`, `at_in`, `at_out`, `status`, `lembur`, `created_at`, `updated_at`) VALUES
(13, 19, 13, '08:30:00', '16:00:00', 'Pulang', 0, '2022-10-28 01:59:16', '2022-10-29 09:44:05'),
(14, 19, 14, '16:00:00', '20:00:00', 'Pulang', 0, '2022-10-28 01:59:16', '2022-10-29 09:44:10'),
(15, 19, 15, '08:30:00', '16:00:00', 'Pulang', 0, '2022-10-28 01:59:16', '2022-10-29 09:44:16'),
(16, 19, 16, '16:00:00', '23:00:00', 'Pulang', 0, '2022-10-28 01:59:16', '2022-10-29 09:44:22'),
(17, 19, 17, '16:00:00', '23:00:00', 'Pulang', 0, '2022-10-28 01:59:16', '2022-10-29 09:44:28'),
(18, 19, 18, '16:00:00', '23:00:00', 'Pulang', 0, '2022-10-28 01:59:16', '2022-10-29 09:44:34'),
(19, 19, 19, '08:30:00', '16:00:00', 'Pulang', 0, '2022-10-28 01:59:16', '2022-10-29 09:44:39'),
(22, 20, 22, '08:30:00', '16:00:00', 'Pulang', 0, '2022-10-28 13:51:45', '2022-10-29 09:44:59'),
(23, 20, 23, '16:00:00', '23:00:00', 'Pulang', 0, '2022-10-28 13:51:45', '2022-10-29 09:45:05'),
(24, 20, 24, '16:00:00', '23:00:00', 'Pulang', 0, '2022-10-28 13:51:45', '2022-10-29 09:45:11'),
(25, 20, 25, '08:30:00', '16:00:00', 'Pulang', 0, '2022-10-28 13:51:45', '2022-10-29 09:45:17'),
(26, 20, 26, '16:00:00', '23:00:00', 'Pulang', 0, '2022-10-28 13:51:45', '2022-10-29 09:45:22'),
(27, 20, 27, '16:00:00', '23:00:00', 'Pulang', 0, '2022-10-28 13:51:45', '2022-10-29 09:45:28'),
(28, 20, 28, '16:00:00', '23:00:00', 'Pulang', 0, '2022-10-28 13:51:45', '2022-10-29 09:45:34'),
(29, 20, 29, '08:30:05', '16:00:11', 'Pulang', 0, '2022-10-28 13:51:45', '2022-10-29 09:00:11'),
(30, 19, 30, '15:53:27', '20:00:00', 'Pulang', 0, '2022-10-28 13:52:35', '2022-10-31 01:14:58'),
(31, 21, 31, '16:00:00', '23:00:00', 'Pulang', 0, '2022-10-28 13:54:40', '2022-10-29 09:45:52'),
(32, 21, 32, '16:00:00', '23:00:00', 'Pulang', 0, '2022-10-28 13:54:40', '2022-10-29 09:45:57'),
(33, 21, 33, '16:00:00', '23:00:00', 'Pulang', 0, '2022-10-28 13:54:40', '2022-10-29 09:46:03'),
(34, 21, 34, '08:30:00', '16:00:00', 'Pulang', 0, '2022-10-28 13:54:40', '2022-10-29 09:46:09'),
(35, 21, 35, '08:30:00', '16:00:00', 'Pulang', 0, '2022-10-28 13:54:40', '2022-10-29 09:46:14'),
(36, 21, 36, '16:00:00', '23:00:00', 'Pulang', 0, '2022-10-28 13:54:40', '2022-10-29 09:46:27'),
(37, 21, 37, '16:00:00', '23:00:00', 'Pulang', 0, '2022-10-28 13:54:40', '2022-10-29 09:46:35'),
(38, 21, 38, '15:46:56', '23:00:45', 'Pulang', 0, '2022-10-28 13:54:40', '2022-10-29 16:00:45'),
(39, 22, 39, '16:00:00', '23:00:00', 'Pulang', 0, '2022-10-28 13:56:04', '2022-10-29 09:42:47'),
(40, 22, 40, '16:00:00', '23:00:00', 'Pulang', 0, '2022-10-28 13:56:04', '2022-10-29 09:42:40'),
(41, 22, 41, '16:00:00', '20:00:00', 'Pulang', 0, '2022-10-28 13:56:04', '2022-10-29 09:42:33'),
(42, 22, 42, '08:30:00', '16:00:00', 'Pulang', 0, '2022-10-28 13:56:04', '2022-10-29 09:42:26'),
(43, 22, 43, '16:00:00', '23:00:00', 'Pulang', 0, '2022-10-28 13:56:04', '2022-10-29 09:42:21'),
(44, 22, 44, '08:30:00', '16:00:00', 'Pulang', 0, '2022-10-28 13:56:04', '2022-10-29 09:42:14'),
(45, 22, 45, '16:00:00', '23:00:00', 'Pulang', 0, '2022-10-28 13:56:04', '2022-10-29 09:42:07'),
(46, 22, 46, '15:47:07', '23:00:55', 'Pulang', 0, '2022-10-28 13:56:04', '2022-10-29 16:00:55'),
(47, 22, 47, '16:02:21', '20:01:25', 'Pulang', 0, '2022-10-28 13:56:04', '2022-10-30 13:01:25'),
(48, 23, 48, '16:00:00', '23:00:00', 'Pulang', 0, '2022-10-28 13:57:25', '2022-10-29 09:46:54'),
(49, 23, 49, '08:30:00', '16:00:00', 'Pulang', 0, '2022-10-28 13:57:25', '2022-10-29 09:47:00'),
(50, 23, 50, '16:00:00', '23:00:00', 'Pulang', 0, '2022-10-28 13:57:25', '2022-10-29 09:47:05'),
(51, 23, 51, '16:00:00', '23:00:00', 'Pulang', 0, '2022-10-28 13:57:25', '2022-10-29 09:47:11'),
(52, 23, 52, '16:00:00', '23:00:00', 'Pulang', 0, '2022-10-28 13:57:25', '2022-10-29 09:47:17'),
(53, 23, 53, '08:30:00', '16:00:00', 'Pulang', 0, '2022-10-28 13:57:25', '2022-10-29 09:47:25'),
(54, 23, 54, '08:30:00', '16:00:00', 'Pulang', 0, '2022-10-28 13:57:25', '2022-10-29 09:47:31'),
(55, 23, 55, '15:47:31', '23:01:05', 'Pulang', 0, '2022-10-28 13:57:25', '2022-10-29 16:01:05'),
(56, 24, 56, '16:00:00', '23:00:00', 'Pulang', 0, '2022-10-28 13:58:32', '2022-10-29 09:47:52'),
(57, 24, 57, '16:00:00', '23:00:00', 'Pulang', 0, '2022-10-28 13:58:32', '2022-10-29 09:47:58'),
(58, 24, 58, '16:00:00', '23:00:00', 'Pulang', 0, '2022-10-28 13:58:32', '2022-10-29 09:48:03'),
(59, 24, 59, '16:00:00', '23:00:00', 'Pulang', 0, '2022-10-28 13:58:32', '2022-10-29 09:48:09'),
(60, 24, 60, '16:00:00', '23:00:00', 'Pulang', 0, '2022-10-28 13:58:32', '2022-10-29 09:48:15'),
(61, 24, 61, '16:00:00', '23:00:00', 'Pulang', 0, '2022-10-28 13:58:32', '2022-10-29 09:48:21'),
(62, 24, 62, '16:00:00', '23:00:00', 'Pulang', 0, '2022-10-28 13:58:32', '2022-10-29 09:48:27'),
(63, 24, 63, '15:54:26', '23:00:33', 'Pulang', 0, '2022-10-28 13:58:32', '2022-10-29 16:00:33'),
(64, 16, 64, '16:00:00', '22:00:00', 'Pulang', 0, '2022-10-28 14:02:51', '2022-10-29 09:43:11'),
(65, 16, 65, '16:00:00', '22:00:00', 'Pulang', 0, '2022-10-28 14:02:51', '2022-10-29 09:43:17'),
(66, 16, 66, '16:00:00', '22:00:00', 'Pulang', 0, '2022-10-28 14:02:51', '2022-10-29 09:43:22'),
(67, 16, 67, '16:00:00', '22:00:00', 'Pulang', 0, '2022-10-28 14:02:51', '2022-10-29 09:43:29'),
(68, 16, 68, '16:00:00', '22:00:00', 'Pulang', 0, '2022-10-28 14:02:51', '2022-10-29 09:43:34'),
(69, 16, 69, '16:00:00', '22:00:00', 'Pulang', 0, '2022-10-28 14:02:51', '2022-10-29 09:43:40'),
(70, 16, 70, '16:00:00', '22:00:00', 'Pulang', 0, '2022-10-28 14:02:51', '2022-10-29 09:43:47'),
(71, 16, 71, '14:55:11', '21:56:24', 'Pulang', 0, '2022-10-28 14:02:51', '2022-10-29 16:13:56'),
(72, 16, 72, '12:59:48', '19:13:34', 'Pulang', 0, '2022-10-30 20:04:04', '2022-10-31 12:13:34'),
(73, 16, 73, '16:00:00', '23:00:00', 'Pulang', 0, '2022-10-30 20:04:04', '2022-11-06 05:40:57'),
(74, 16, 74, '16:00:00', '23:00:00', 'Pulang', 0, '2022-10-30 20:04:04', '2022-11-06 05:41:12'),
(75, 16, 75, '16:00:14', '22:02:43', 'Pulang', 0, '2022-10-30 20:04:04', '2022-11-03 15:02:43'),
(76, 16, 76, '16:00:00', '23:00:00', 'Pulang', 0, '2022-10-30 20:04:04', '2022-11-06 05:41:25'),
(77, 16, 77, '16:00:00', '23:00:00', 'Pulang', 0, '2022-10-30 20:04:04', '2022-11-06 05:41:36'),
(78, 24, 78, '15:59:07', '23:01:42', 'Pulang', 0, '2022-10-30 20:06:11', '2022-10-31 16:01:42'),
(79, 24, 79, '15:44:42', '23:01:47', 'Pulang', 0, '2022-10-30 20:06:11', '2022-11-01 16:01:47'),
(80, 24, 80, '15:51:40', '23:09:39', 'Pulang', 0, '2022-10-30 20:06:11', '2022-11-02 16:09:39'),
(81, 24, 81, '15:49:30', '23:01:03', 'Pulang', 0, '2022-10-30 20:06:11', '2022-11-03 16:01:03'),
(82, 24, 82, '16:00:37', '23:00:52', 'Pulang', 0, '2022-10-30 20:06:11', '2022-11-04 16:00:52'),
(83, 24, 83, '15:45:12', '23:02:56', 'Pulang', 0, '2022-10-30 20:06:11', '2022-11-05 16:02:56'),
(84, 19, 84, '08:14:39', '16:01:35', 'Pulang', 0, '2022-10-30 20:07:38', '2022-10-31 09:01:35'),
(85, 19, 85, '15:39:00', '23:01:09', 'Pulang', 0, '2022-10-30 20:07:38', '2022-11-01 16:01:09'),
(86, 19, 86, '15:41:13', '23:01:15', 'Pulang', 0, '2022-10-30 20:07:38', '2022-11-02 16:01:15'),
(87, 19, 87, '15:47:16', '23:00:43', 'Pulang', 0, '2022-10-30 20:07:38', '2022-11-03 16:00:43'),
(88, 19, 88, '00:00:00', '00:00:00', 'Belum Masuk', 0, '2022-10-30 20:07:38', '2022-10-30 20:07:38'),
(89, 19, 89, '00:00:00', '00:00:00', 'Belum Masuk', 0, '2022-10-30 20:07:38', '2022-10-30 20:07:38'),
(90, 20, 90, '15:47:54', '23:00:47', 'Pulang', 0, '2022-10-30 20:09:24', '2022-10-31 16:00:47'),
(91, 20, 91, '15:44:48', '23:01:02', 'Pulang', 0, '2022-10-30 20:09:24', '2022-11-01 16:01:02'),
(92, 20, 92, '15:49:02', '23:00:58', 'Pulang', 0, '2022-10-30 20:09:24', '2022-11-02 16:00:58'),
(93, 20, 93, '08:12:08', '16:01:29', 'Pulang', 0, '2022-10-30 20:09:24', '2022-11-03 09:01:29'),
(94, 20, 94, '08:17:18', '16:00:20', 'Pulang', 0, '2022-10-30 20:09:24', '2022-11-04 09:00:20'),
(95, 20, 95, '16:05:16', '20:00:08', 'Pulang', 0, '2022-10-30 20:09:24', '2022-11-06 13:00:08'),
(96, 21, 96, '15:48:05', '23:01:01', 'Pulang', 0, '2022-10-30 20:11:21', '2022-10-31 16:01:01'),
(97, 21, 97, '08:19:57', '16:01:39', 'Pulang', 0, '2022-10-30 20:11:21', '2022-11-01 09:01:39'),
(98, 21, 98, '08:14:55', '16:03:59', 'Pulang', 0, '2022-10-30 20:11:21', '2022-11-02 09:03:59'),
(99, 21, 99, '15:52:14', '23:01:54', 'Pulang', 0, '2022-10-30 20:11:21', '2022-11-04 16:01:54'),
(100, 21, 100, '15:52:41', '23:03:29', 'Pulang', 0, '2022-10-30 20:11:21', '2022-11-05 16:03:29'),
(101, 21, 101, '16:05:23', '20:00:25', 'Pulang', 0, '2022-10-30 20:11:21', '2022-11-06 13:00:25'),
(102, 22, 102, '08:35:00', '16:15:00', 'Pulang', 0, '2022-10-30 20:12:48', '2022-10-31 13:38:19'),
(103, 22, 103, '15:45:02', '23:01:19', 'Pulang', 0, '2022-10-30 20:12:48', '2022-11-01 16:01:19'),
(104, 22, 104, '08:27:53', '16:04:12', 'Pulang', 0, '2022-10-30 20:12:48', '2022-11-02 09:04:12'),
(105, 22, 105, '15:55:25', '23:01:00', 'Pulang', 0, '2022-10-30 20:12:48', '2022-11-03 16:01:00'),
(106, 22, 106, '15:57:19', '23:00:33', 'Pulang', 0, '2022-10-30 20:12:48', '2022-11-04 16:00:33'),
(107, 22, 107, '15:54:13', '23:03:34', 'Pulang', 0, '2022-10-30 20:12:48', '2022-11-05 16:03:34'),
(108, 23, 108, '15:48:01', '23:01:10', 'Pulang', 0, '2022-10-30 20:14:42', '2022-10-31 16:01:10'),
(109, 23, 109, '00:00:00', '00:00:00', 'Terlambat', 0, '2022-10-30 20:14:42', '2022-11-06 05:43:31'),
(110, 23, 110, '16:10:07', '23:01:09', 'Pulang', 0, '2022-10-30 20:14:42', '2022-11-02 16:01:09'),
(111, 23, 111, '16:09:18', '23:00:52', 'Pulang', 0, '2022-10-30 20:14:42', '2022-11-03 16:00:52'),
(112, 23, 112, '08:16:54', '16:00:26', 'Pulang', 0, '2022-10-30 20:14:42', '2022-11-04 09:00:26'),
(113, 23, 113, '16:11:40', '23:03:10', 'Pulang', 0, '2022-10-30 20:14:42', '2022-11-05 16:03:10'),
(114, 19, 114, '15:57:37', '23:00:40', 'Pulang', 0, '2022-11-04 08:53:19', '2022-11-04 16:00:40'),
(115, 19, 115, '08:30:00', '16:00:00', 'Pulang', 0, '2022-11-06 05:38:38', '2022-11-06 05:39:19'),
(116, 19, 116, '15:48:53', '23:00:13', 'Pulang', 0, '2022-11-06 06:05:12', '2022-11-07 16:00:13'),
(117, 19, 117, '15:44:07', '23:00:57', 'Pulang', 0, '2022-11-06 06:05:12', '2022-11-08 16:00:57'),
(118, 19, 118, '08:30:00', '16:05:36', 'Pulang', 0, '2022-11-06 06:05:12', '2022-11-09 09:05:36'),
(119, 19, 119, '15:49:48', '23:01:22', 'Pulang', 0, '2022-11-06 06:05:12', '2022-11-10 16:01:22'),
(120, 19, 120, '08:32:05', '16:00:10', 'Pulang', 0, '2022-11-06 06:05:12', '2022-11-11 09:00:10'),
(121, 19, 121, '15:37:50', '20:00:17', 'Pulang', 0, '2022-11-06 06:05:12', '2022-11-13 13:00:17'),
(122, 20, 122, '15:42:04', '23:00:03', 'Pulang', 0, '2022-11-06 06:07:15', '2022-11-07 16:00:03'),
(123, 20, 123, '15:43:47', '23:00:53', 'Pulang', 0, '2022-11-06 06:07:15', '2022-11-08 16:00:53'),
(124, 20, 124, '08:12:41', '16:01:25', 'Pulang', 0, '2022-11-06 06:07:15', '2022-11-09 09:01:25'),
(125, 20, 125, '15:31:07', '23:00:03', 'Pulang', 0, '2022-11-06 06:07:15', '2022-11-11 16:00:03'),
(126, 20, 126, '08:10:11', '16:01:25', 'Pulang', 0, '2022-11-06 06:07:15', '2022-11-12 09:01:25'),
(127, 20, 127, '15:44:02', '20:00:13', 'Pulang', 0, '2022-11-06 06:07:15', '2022-11-13 13:00:13'),
(128, 21, 128, '08:14:40', '16:01:41', 'Pulang', 0, '2022-11-06 06:08:42', '2022-11-07 09:01:41'),
(129, 21, 129, '15:56:54', '23:01:11', 'Pulang', 0, '2022-11-06 06:08:42', '2022-11-08 16:01:11'),
(130, 21, 130, '16:04:56', '23:00:42', 'Pulang', 0, '2022-11-06 06:08:42', '2022-11-09 16:00:42'),
(131, 21, 131, '08:12:46', '16:02:42', 'Pulang', 0, '2022-11-06 06:08:42', '2022-11-10 09:02:42'),
(132, 21, 132, '15:49:45', '23:02:26', 'Pulang', 0, '2022-11-06 06:08:42', '2022-11-11 16:02:26'),
(133, 21, 133, '16:06:58', '23:00:00', 'Pulang', 0, '2022-11-06 06:08:42', '2022-11-20 01:11:48'),
(134, 22, 134, '08:22:00', '16:01:31', 'Pulang', 0, '2022-11-06 06:10:31', '2022-11-07 09:01:31'),
(135, 22, 135, '08:38:44', '16:08:33', 'Pulang', 0, '2022-11-06 06:10:31', '2022-11-08 09:08:33'),
(136, 22, 136, '15:56:03', '23:00:37', 'Pulang', 0, '2022-11-06 06:10:31', '2022-11-09 16:00:37'),
(137, 22, 137, '16:08:26', '23:01:04', 'Pulang', 0, '2022-11-06 06:10:31', '2022-11-10 16:01:04'),
(138, 22, 138, '16:06:48', '23:02:17', 'Pulang', 0, '2022-11-06 06:10:31', '2022-11-11 16:02:17'),
(139, 22, 139, '16:09:28', '23:00:00', 'Pulang', 0, '2022-11-06 06:10:31', '2022-11-20 01:09:35'),
(140, 23, 140, '15:38:02', '23:00:09', 'Pulang', 0, '2022-11-06 06:13:37', '2022-11-07 16:00:09'),
(141, 23, 141, '08:38:30', '16:08:38', 'Pulang', 0, '2022-11-06 06:13:37', '2022-11-08 09:08:38'),
(142, 23, 142, '16:13:01', '23:00:48', 'Pulang', 0, '2022-11-06 06:13:37', '2022-11-09 16:00:48'),
(143, 23, 143, '15:42:50', '23:01:31', 'Pulang', 0, '2022-11-06 06:13:37', '2022-11-10 16:01:31'),
(144, 23, 144, '08:30:00', '16:00:00', 'Pulang', 0, '2022-11-06 06:13:37', '2022-11-20 01:23:06'),
(145, 23, 145, '16:09:38', '23:00:00', 'Pulang', 0, '2022-11-06 06:13:37', '2022-11-20 01:11:04'),
(146, 16, 146, '00:00:00', '00:00:00', 'Belum Masuk', 0, '2022-11-06 06:15:31', '2022-11-06 06:15:31'),
(147, 16, 147, '14:33:42', '23:00:00', 'Pulang', 0, '2022-11-06 06:15:31', '2022-11-18 09:45:27'),
(148, 16, 148, '14:46:38', '23:00:00', 'Pulang', 0, '2022-11-06 06:15:31', '2022-11-18 09:46:20'),
(149, 16, 149, '13:00:00', '23:00:00', 'Pulang', 0, '2022-11-06 06:15:31', '2022-11-18 09:50:37'),
(150, 16, 150, '00:00:00', '00:00:00', 'Belum Masuk', 0, '2022-11-06 06:15:31', '2022-11-06 06:15:31'),
(151, 16, 151, '13:08:12', '23:00:00', 'Pulang', 0, '2022-11-06 06:15:31', '2022-11-18 09:50:52'),
(152, 24, 152, '15:43:18', '23:00:18', 'Pulang', 0, '2022-11-06 06:16:37', '2022-11-07 16:00:18'),
(153, 24, 153, '15:44:00', '23:01:01', 'Pulang', 0, '2022-11-06 06:16:37', '2022-11-08 16:01:01'),
(154, 24, 154, '15:49:04', '23:01:00', 'Pulang', 0, '2022-11-06 06:16:37', '2022-11-09 16:01:00'),
(155, 24, 155, '15:51:32', '23:03:36', 'Pulang', 0, '2022-11-06 06:16:37', '2022-11-10 16:03:36'),
(156, 24, 156, '15:51:41', '23:00:50', 'Pulang', 0, '2022-11-06 06:16:37', '2022-11-11 16:00:50'),
(157, 24, 157, '15:52:30', '23:00:00', 'Pulang', 0, '2022-11-06 06:16:37', '2022-11-20 01:10:24'),
(158, 19, 158, '15:45:55', '23:02:28', 'Pulang', 0, '2022-11-13 16:06:33', '2022-11-14 16:02:28'),
(159, 19, 159, '15:44:16', '23:00:24', 'Pulang', 0, '2022-11-13 16:06:33', '2022-11-15 16:00:24'),
(160, 19, 160, '08:32:10', '16:00:29', 'Pulang', 0, '2022-11-13 16:06:33', '2022-11-16 09:00:29'),
(161, 19, 161, '15:44:15', '23:00:14', 'Pulang', 0, '2022-11-13 16:06:33', '2022-11-17 16:00:14'),
(162, 19, 162, '08:30:57', '16:00:11', 'Pulang', 0, '2022-11-13 16:06:33', '2022-11-18 09:00:11'),
(163, 19, 163, '16:00:00', '20:00:00', 'Pulang', 0, '2022-11-13 16:06:33', '2022-11-20 01:07:55'),
(164, 20, 164, '08:13:49', '16:01:50', 'Pulang', 0, '2022-11-13 16:07:38', '2022-11-14 09:01:50'),
(165, 20, 165, '15:38:55', '23:00:13', 'Pulang', 0, '2022-11-13 16:07:38', '2022-11-15 16:00:13'),
(166, 20, 166, '15:55:30', '23:02:04', 'Pulang', 0, '2022-11-13 16:07:38', '2022-11-16 16:02:04'),
(167, 20, 167, '08:23:52', '16:03:02', 'Pulang', 0, '2022-11-13 16:07:38', '2022-11-17 09:03:02'),
(168, 20, 168, '15:33:54', '23:01:41', 'Pulang', 0, '2022-11-13 16:07:38', '2022-11-18 16:01:41'),
(169, 20, 169, '15:59:27', '23:06:01', 'Pulang', 0, '2022-11-13 16:07:38', '2022-11-19 16:06:01'),
(170, 21, 170, '08:13:39', '16:02:42', 'Pulang', 0, '2022-11-13 16:09:00', '2022-11-14 09:02:42'),
(171, 21, 171, '08:33:09', '16:01:35', 'Pulang', 0, '2022-11-13 16:09:00', '2022-11-15 09:01:35'),
(172, 21, 172, '15:55:22', '23:02:24', 'Pulang', 0, '2022-11-13 16:09:00', '2022-11-16 16:02:24'),
(173, 21, 173, '16:12:09', '23:00:39', 'Pulang', 0, '2022-11-13 16:09:00', '2022-11-17 16:00:39'),
(174, 21, 174, '15:53:05', '23:01:56', 'Pulang', 0, '2022-11-13 16:09:00', '2022-11-18 16:01:56'),
(175, 21, 175, '15:58:44', '23:06:21', 'Pulang', 0, '2022-11-13 16:09:00', '2022-11-19 16:06:21'),
(176, 22, 176, '16:10:21', '23:02:13', 'Pulang', 0, '2022-11-13 16:10:08', '2022-11-14 16:02:13'),
(177, 22, 177, '16:11:16', '23:00:19', 'Pulang', 0, '2022-11-13 16:10:08', '2022-11-15 16:00:19'),
(178, 22, 178, '16:06:45', '23:02:18', 'Pulang', 0, '2022-11-13 16:10:08', '2022-11-16 16:02:18'),
(179, 22, 179, '16:14:08', '23:00:30', 'Pulang', 0, '2022-11-13 16:10:08', '2022-11-17 16:00:30'),
(180, 22, 180, '08:41:46', '16:06:15', 'Pulang', 0, '2022-11-13 16:10:08', '2022-11-18 09:06:15'),
(181, 22, 181, '08:42:56', '16:00:05', 'Pulang', 0, '2022-11-13 16:10:08', '2022-11-19 09:00:05'),
(182, 23, 182, '15:42:14', '23:02:56', 'Pulang', 0, '2022-11-13 16:11:14', '2022-11-14 16:02:56'),
(183, 23, 183, '08:33:50', '16:01:28', 'Pulang', 0, '2022-11-13 16:11:14', '2022-11-15 09:01:28'),
(184, 23, 184, '08:40:53', '16:01:20', 'Pulang', 0, '2022-11-13 16:11:14', '2022-11-16 09:01:20'),
(185, 23, 185, '15:33:44', '23:02:00', 'Pulang', 0, '2022-11-13 16:11:14', '2022-11-18 16:02:00'),
(186, 23, 186, '16:14:21', '23:06:10', 'Pulang', 0, '2022-11-13 16:11:14', '2022-11-19 16:06:10'),
(187, 23, 187, '16:00:00', '20:00:00', 'Pulang', 0, '2022-11-13 16:11:14', '2022-11-20 01:09:57'),
(188, 16, 188, '13:00:00', '23:00:00', 'Pulang', 0, '2022-11-13 16:12:02', '2022-11-18 09:51:07'),
(189, 16, 189, '13:03:00', '23:00:00', 'Pulang', 0, '2022-11-13 16:12:02', '2022-11-18 09:51:21'),
(190, 16, 190, '15:55:35', '23:00:00', 'Pulang', 0, '2022-11-13 16:12:02', '2022-11-18 09:51:29'),
(191, 16, 191, '14:34:28', '23:00:00', 'Pulang', 0, '2022-11-13 16:12:02', '2022-11-18 09:51:37'),
(192, 16, 192, '15:26:57', '23:00:00', 'Pulang', 0, '2022-11-13 16:12:02', '2022-11-18 09:51:48'),
(193, 16, 193, '13:00:00', '23:00:00', 'Pulang', 0, '2022-11-13 16:12:02', '2022-11-20 01:07:07'),
(194, 24, 194, '15:47:42', '23:03:19', 'Pulang', 0, '2022-11-13 16:12:55', '2022-11-14 16:03:19'),
(195, 24, 195, '15:31:18', '23:00:28', 'Pulang', 0, '2022-11-13 16:12:55', '2022-11-15 16:00:28'),
(196, 24, 196, '15:58:20', '23:01:57', 'Pulang', 0, '2022-11-13 16:12:55', '2022-11-16 16:01:57'),
(197, 24, 197, '15:57:31', '23:00:22', 'Pulang', 0, '2022-11-13 16:12:55', '2022-11-17 16:00:22'),
(198, 24, 198, '15:41:41', '23:01:37', 'Pulang', 0, '2022-11-13 16:12:55', '2022-11-18 16:01:37'),
(199, 24, 199, '00:00:00', '00:00:00', 'Belum Masuk', 0, '2022-11-13 16:12:55', '2022-11-13 16:12:55'),
(200, 19, 200, '15:41:44', '23:00:36', 'Pulang', 0, '2022-11-21 04:22:58', '2022-11-21 16:00:36'),
(201, 19, 201, '15:45:21', '23:00:34', 'Pulang', 0, '2022-11-21 04:22:58', '2022-11-22 16:00:34'),
(202, 19, 202, '15:49:55', '23:01:26', 'Pulang', 0, '2022-11-21 04:22:58', '2022-11-23 16:01:26'),
(203, 19, 203, '15:45:44', '23:00:33', 'Pulang', 0, '2022-11-21 04:22:58', '2022-11-24 16:00:33'),
(204, 19, 204, '08:33:35', '16:00:11', 'Pulang', 0, '2022-11-21 04:22:58', '2022-11-25 09:00:11'),
(205, 19, 205, '08:24:15', '16:00:57', 'Pulang', 0, '2022-11-21 04:22:58', '2022-11-26 09:00:57'),
(206, 20, 206, '13:00:00', '23:00:00', 'Pulang', 0, '2022-11-21 04:24:15', '2022-12-20 09:16:45'),
(207, 20, 207, '15:31:17', '23:00:20', 'Pulang', 0, '2022-11-21 04:24:15', '2022-11-22 16:00:20'),
(208, 20, 208, '08:12:38', '16:01:55', 'Pulang', 0, '2022-11-21 04:24:15', '2022-11-23 09:01:55'),
(209, 20, 209, '15:45:40', '23:00:56', 'Pulang', 0, '2022-11-21 04:24:15', '2022-11-24 16:00:56'),
(210, 20, 210, '15:35:28', '23:00:51', 'Pulang', 0, '2022-11-21 04:24:15', '2022-11-25 16:00:51'),
(211, 20, 211, '15:46:53', '23:02:00', 'Pulang', 0, '2022-11-21 04:24:15', '2022-11-26 16:02:00'),
(212, 21, 212, '15:54:25', '23:00:44', 'Pulang', 0, '2022-11-21 04:25:52', '2022-11-21 16:00:44'),
(213, 21, 213, '08:07:01', '16:05:37', 'Pulang', 0, '2022-11-21 04:25:52', '2022-11-22 09:05:37'),
(214, 21, 214, '15:49:47', '23:01:29', 'Pulang', 0, '2022-11-21 04:25:52', '2022-11-23 16:01:29'),
(215, 21, 215, '08:06:18', '16:03:50', 'Pulang', 0, '2022-11-21 04:25:52', '2022-11-24 09:03:50'),
(216, 21, 216, '15:59:22', '23:04:30', 'Pulang', 0, '2022-11-21 04:25:52', '2022-11-25 16:04:30'),
(217, 21, 217, '16:09:35', '23:02:08', 'Pulang', 0, '2022-11-21 04:25:52', '2022-11-26 16:02:08'),
(218, 22, 218, '08:30:00', '16:00:00', 'Pulang', 0, '2022-11-21 04:27:07', '2022-12-20 10:10:31'),
(219, 22, 219, '16:12:45', '23:00:29', 'Pulang', 0, '2022-11-21 04:27:07', '2022-11-22 16:00:29'),
(220, 22, 220, '08:24:25', '16:11:52', 'Pulang', 0, '2022-11-21 04:27:07', '2022-11-23 09:11:52'),
(221, 22, 221, '16:00:00', '23:00:00', 'Pulang', 0, '2022-11-21 04:27:07', '2022-12-20 10:10:45'),
(222, 22, 222, '16:12:59', '23:05:22', 'Pulang', 0, '2022-11-21 04:27:07', '2022-11-25 16:05:22'),
(223, 22, 223, '16:00:00', '20:00:00', 'Pulang', 0, '2022-11-21 04:27:07', '2022-12-20 10:11:12'),
(224, 23, 224, '16:02:23', '23:01:14', 'Pulang', 0, '2022-11-21 04:28:38', '2022-11-21 16:01:14'),
(225, 23, 225, '08:08:05', '16:06:09', 'Pulang', 0, '2022-11-21 04:28:38', '2022-11-22 09:06:09'),
(226, 23, 226, '16:00:00', '23:00:00', 'Pulang', 0, '2022-11-21 04:28:38', '2022-12-20 10:15:19'),
(227, 23, 227, '08:30:00', '16:00:00', 'Pulang', 0, '2022-11-21 04:28:38', '2022-12-20 10:15:03'),
(228, 23, 228, '16:00:00', '23:00:00', 'Pulang', 0, '2022-11-21 04:28:38', '2022-12-20 10:14:50'),
(229, 23, 229, '16:00:00', '20:00:00', 'Pulang', 0, '2022-11-21 04:28:38', '2022-12-20 10:14:40'),
(230, 16, 230, '14:58:36', '00:00:00', 'Pulang', 0, '2022-11-21 04:29:27', '2022-12-20 09:09:51'),
(231, 16, 231, '14:32:17', '23:00:00', 'Pulang', 0, '2022-11-21 04:29:27', '2022-12-20 09:10:03'),
(232, 16, 232, '13:23:51', '23:00:00', 'Pulang', 0, '2022-11-21 04:29:27', '2022-12-20 09:10:17'),
(233, 16, 233, '12:36:57', '00:00:00', 'Pulang', 0, '2022-11-21 04:29:27', '2022-12-20 09:10:23'),
(234, 16, 234, '13:38:49', '23:03:00', 'Pulang', 0, '2022-11-21 04:29:27', '2022-12-20 09:10:32'),
(235, 16, 235, '13:00:00', '23:00:00', 'Belum Masuk', 0, '2022-11-21 04:29:27', '2022-12-20 16:06:54'),
(236, 24, 236, '15:44:50', '23:05:20', 'Pulang', 0, '2022-11-21 04:30:26', '2022-11-21 16:05:20'),
(237, 24, 237, '15:58:23', '23:00:39', 'Pulang', 0, '2022-11-21 04:30:26', '2022-11-22 16:00:39'),
(238, 24, 238, '16:00:00', '23:00:00', 'Pulang', 0, '2022-11-21 04:30:26', '2022-12-20 10:17:56'),
(239, 24, 239, '16:00:00', '23:00:00', 'Pulang', 0, '2022-11-21 04:30:26', '2022-12-20 10:18:05'),
(240, 24, 240, '15:59:49', '23:06:37', 'Pulang', 0, '2022-11-21 04:30:26', '2022-11-25 16:06:37'),
(241, 24, 241, '15:51:26', '23:02:30', 'Pulang', 0, '2022-11-21 04:30:26', '2022-11-26 16:02:30'),
(242, 16, 242, '15:10:33', '23:00:00', 'Pulang', 0, '2022-11-27 14:46:59', '2022-12-20 09:10:52'),
(243, 16, 243, '13:00:00', '23:00:00', 'Pulang', 0, '2022-11-27 14:46:59', '2022-12-20 09:10:59'),
(244, 16, 244, '13:49:09', '00:00:00', 'Pulang', 0, '2022-11-27 14:46:59', '2022-12-20 09:11:05'),
(245, 16, 245, '13:00:00', '23:00:00', 'Pulang', 0, '2022-11-27 14:46:59', '2022-12-20 09:11:10'),
(246, 16, 246, '12:33:38', '23:00:00', 'Pulang', 0, '2022-11-27 14:46:59', '2022-12-20 09:11:20'),
(247, 16, 247, '13:49:30', '23:00:00', 'Pulang', 0, '2022-11-27 14:46:59', '2022-12-20 09:11:35'),
(248, 24, 248, '15:37:21', '23:01:43', 'Pulang', 0, '2022-11-27 14:47:46', '2022-11-28 16:01:43'),
(249, 24, 249, '15:51:55', '23:00:24', 'Pulang', 0, '2022-11-27 14:47:46', '2022-11-29 16:00:24'),
(250, 24, 250, '15:55:11', '23:02:34', 'Pulang', 0, '2022-11-27 14:47:46', '2022-11-30 16:02:34'),
(251, 24, 251, '15:56:33', '23:03:48', 'Pulang', 0, '2022-11-27 14:47:46', '2022-12-01 16:03:48'),
(252, 24, 252, '15:53:44', '23:02:17', 'Pulang', 0, '2022-11-27 14:47:46', '2022-12-02 16:02:17'),
(253, 24, 253, '16:00:00', '23:00:00', 'Pulang', 0, '2022-11-27 14:47:46', '2022-12-20 10:17:25'),
(254, 19, 254, '08:15:11', '16:02:14', 'Pulang', 0, '2022-11-27 14:48:49', '2022-11-28 09:02:14'),
(257, 19, 257, '15:48:45', '23:01:48', 'Pulang', 0, '2022-11-27 14:48:49', '2022-12-02 16:01:48'),
(258, 19, 258, '15:46:52', '23:03:52', 'Pulang', 0, '2022-11-27 14:48:49', '2022-12-03 16:03:52'),
(259, 19, 259, '15:41:18', '20:02:06', 'Pulang', 0, '2022-11-27 14:48:49', '2022-12-04 13:02:06'),
(260, 20, 260, '15:42:39', '23:01:25', 'Pulang', 0, '2022-11-27 14:49:53', '2022-11-28 16:01:25'),
(263, 20, 263, '15:56:22', '23:01:00', 'Pulang', 0, '2022-11-27 14:49:53', '2022-12-01 16:01:00'),
(264, 20, 264, '15:44:52', '23:01:53', 'Pulang', 0, '2022-11-27 14:49:53', '2022-12-02 16:01:53'),
(265, 20, 265, '08:21:28', '16:03:09', 'Pulang', 0, '2022-11-27 14:49:53', '2022-12-03 09:03:09'),
(266, 21, 266, '15:42:44', '23:01:31', 'Pulang', 0, '2022-11-27 14:51:11', '2022-11-28 16:01:31'),
(267, 21, 267, '08:30:00', '16:00:00', 'Pulang', 0, '2022-11-27 14:51:11', '2022-11-29 13:37:48'),
(269, 21, 269, '15:48:29', '23:01:41', 'Pulang', 0, '2022-11-27 14:51:11', '2022-12-02 16:01:41'),
(270, 21, 270, '08:21:44', '16:03:18', 'Pulang', 0, '2022-11-27 14:51:11', '2022-12-03 09:03:18'),
(271, 21, 271, '15:50:48', '20:02:24', 'Pulang', 0, '2022-11-27 14:51:11', '2022-12-04 13:02:24'),
(272, 22, 272, '15:50:40', '23:01:39', 'Pulang', 0, '2022-11-27 14:52:11', '2022-11-28 16:01:39'),
(273, 22, 273, '16:11:12', '23:00:30', 'Pulang', 0, '2022-11-27 14:52:11', '2022-11-29 16:00:30'),
(274, 22, 274, '16:11:01', '23:02:06', 'Pulang', 0, '2022-11-27 14:52:11', '2022-11-30 16:02:06'),
(275, 22, 275, '08:30:46', '16:03:36', 'Pulang', 0, '2022-11-27 14:52:11', '2022-12-01 09:03:36'),
(276, 22, 276, '08:30:00', '16:00:00', 'Pulang', 0, '2022-11-27 14:52:11', '2022-12-20 10:10:16'),
(277, 22, 277, '16:07:03', '23:03:47', 'Pulang', 0, '2022-11-27 14:52:11', '2022-12-03 16:03:47'),
(278, 23, 278, '08:23:24', '16:02:30', 'Pulang', 0, '2022-11-27 14:53:26', '2022-11-28 09:02:30'),
(279, 23, 279, '16:11:07', '23:00:18', 'Pulang', 0, '2022-11-27 14:53:26', '2022-11-29 16:00:18'),
(280, 23, 280, '16:12:55', '23:01:50', 'Pulang', 0, '2022-11-27 14:53:26', '2022-11-30 16:01:50'),
(281, 23, 281, '16:12:54', '23:01:09', 'Pulang', 0, '2022-11-27 14:53:26', '2022-12-01 16:01:09'),
(282, 23, 282, '08:30:00', '16:00:00', 'Pulang', 0, '2022-11-27 14:53:26', '2022-12-20 10:14:03'),
(283, 23, 283, '16:00:00', '23:00:00', 'Pulang', 0, '2022-11-27 14:53:26', '2022-12-20 10:14:14'),
(284, 19, 284, '16:00:00', '23:00:37', 'Pulang', 0, '2022-11-29 11:21:30', '2022-11-29 16:00:37'),
(285, 19, 285, '08:19:40', '16:01:11', 'Pulang', 0, '2022-11-29 11:21:30', '2022-11-30 09:01:11'),
(286, 20, 286, '08:30:00', '16:00:00', 'Pulang', 0, '2022-11-29 11:21:49', '2022-11-29 11:35:40'),
(287, 20, 287, '16:10:47', '23:02:26', 'Pulang', 0, '2022-11-29 11:21:49', '2022-11-30 16:02:26'),
(288, 21, 288, '16:04:35', '23:01:22', 'Pulang', 0, '2022-11-29 11:22:21', '2022-12-01 16:01:22'),
(289, 16, 289, '13:00:00', '23:00:00', 'Pulang', 0, '2022-12-05 01:53:08', '2022-12-20 09:11:40'),
(290, 16, 290, '15:31:14', '23:00:00', 'Pulang', 0, '2022-12-05 01:53:08', '2022-12-20 09:11:49'),
(291, 16, 291, '13:16:45', '23:00:00', 'Pulang', 0, '2022-12-05 01:53:08', '2022-12-20 09:11:58'),
(292, 16, 292, '14:57:29', '23:00:00', 'Pulang', 0, '2022-12-05 01:53:08', '2022-12-20 09:12:06'),
(293, 16, 293, '13:37:59', '23:00:00', 'Pulang', 0, '2022-12-05 01:53:08', '2022-12-20 09:12:17'),
(294, 16, 294, '15:07:51', '23:00:00', 'Pulang', 0, '2022-12-05 01:53:08', '2022-12-20 09:12:25'),
(295, 24, 295, '16:00:00', '23:00:00', 'Pulang', 0, '2022-12-05 01:53:53', '2022-12-20 10:17:42'),
(296, 24, 296, '15:58:27', '23:01:34', 'Pulang', 0, '2022-12-05 01:53:53', '2022-12-06 16:01:34'),
(297, 24, 297, '16:01:49', '23:00:23', 'Pulang', 0, '2022-12-05 01:53:53', '2022-12-07 16:00:23'),
(298, 24, 298, '15:52:51', '23:01:03', 'Pulang', 0, '2022-12-05 01:53:53', '2022-12-08 16:01:03'),
(299, 24, 299, '15:53:38', '23:01:13', 'Pulang', 0, '2022-12-05 01:53:53', '2022-12-09 16:01:13'),
(300, 24, 300, '16:07:37', '23:00:36', 'Pulang', 0, '2022-12-05 01:53:53', '2022-12-10 16:00:36'),
(301, 19, 301, '15:52:13', '23:12:39', 'Pulang', 0, '2022-12-05 01:54:49', '2022-12-05 16:12:39'),
(302, 19, 302, '08:18:04', '16:00:11', 'Pulang', 0, '2022-12-05 01:54:49', '2022-12-06 09:00:11'),
(303, 19, 303, '15:49:33', '23:00:07', 'Pulang', 0, '2022-12-05 01:54:49', '2022-12-07 16:00:07'),
(304, 19, 304, '15:54:27', '23:00:14', 'Pulang', 0, '2022-12-05 01:54:49', '2022-12-08 16:00:14'),
(305, 19, 305, '08:28:40', '16:01:58', 'Pulang', 0, '2022-12-05 01:54:49', '2022-12-09 09:01:58'),
(306, 19, 306, '15:48:26', '23:00:31', 'Pulang', 0, '2022-12-05 01:54:49', '2022-12-10 16:00:31'),
(307, 20, 307, '16:04:46', '23:12:28', 'Pulang', 0, '2022-12-05 01:55:42', '2022-12-05 16:12:28'),
(308, 20, 308, '08:14:11', '16:00:15', 'Pulang', 0, '2022-12-05 01:55:42', '2022-12-06 09:00:15'),
(309, 20, 309, '15:48:16', '23:00:02', 'Pulang', 0, '2022-12-05 01:55:42', '2022-12-07 16:00:02'),
(310, 20, 310, '08:25:45', '16:00:08', 'Pulang', 0, '2022-12-05 01:55:42', '2022-12-08 09:00:08'),
(311, 20, 311, '15:41:49', '23:00:45', 'Pulang', 0, '2022-12-05 01:55:42', '2022-12-09 16:00:45'),
(312, 20, 312, '15:43:31', '23:00:23', 'Pulang', 0, '2022-12-05 01:55:42', '2022-12-10 16:00:23'),
(313, 21, 313, '08:30:00', '16:07:22', 'Pulang', 0, '2022-12-05 01:57:01', '2022-12-05 09:07:22'),
(314, 21, 314, '16:00:40', '23:01:16', 'Pulang', 0, '2022-12-05 01:57:01', '2022-12-06 16:01:16'),
(315, 21, 315, '08:16:25', '16:01:38', 'Pulang', 0, '2022-12-05 01:57:01', '2022-12-07 09:01:38'),
(316, 21, 316, '16:12:39', '23:01:20', 'Pulang', 0, '2022-12-05 01:57:01', '2022-12-09 16:01:20'),
(317, 21, 317, '15:53:40', '23:00:27', 'Pulang', 0, '2022-12-05 01:57:01', '2022-12-10 16:00:27'),
(318, 21, 318, '13:00:00', '23:00:00', 'Pulang', 0, '2022-12-05 01:57:01', '2022-12-20 09:18:10'),
(319, 22, 319, '16:07:32', '23:12:18', 'Pulang', 0, '2022-12-05 01:57:58', '2022-12-05 16:12:18'),
(320, 22, 320, '16:13:15', '23:01:28', 'Pulang', 0, '2022-12-05 01:57:58', '2022-12-06 16:01:28'),
(321, 22, 321, '08:41:28', '16:01:43', 'Pulang', 0, '2022-12-05 01:57:58', '2022-12-07 09:01:43'),
(322, 22, 322, '16:11:03', '23:00:20', 'Pulang', 0, '2022-12-05 01:57:58', '2022-12-08 16:00:20'),
(323, 22, 323, '16:00:00', '23:00:00', 'Pulang', 0, '2022-12-05 01:57:58', '2022-12-20 10:11:30'),
(324, 22, 324, '08:30:00', '16:00:00', 'Pulang', 0, '2022-12-05 01:57:58', '2022-12-20 10:11:51'),
(325, 23, 325, '08:30:00', '16:07:17', 'Pulang', 0, '2022-12-05 01:59:09', '2022-12-05 09:07:17'),
(326, 23, 326, '16:14:13', '23:01:08', 'Pulang', 0, '2022-12-05 01:59:09', '2022-12-06 16:01:08'),
(327, 23, 327, '16:13:18', '23:00:12', 'Pulang', 0, '2022-12-05 01:59:09', '2022-12-07 16:00:12'),
(328, 23, 328, '16:08:16', '23:00:33', 'Pulang', 0, '2022-12-05 01:59:09', '2022-12-08 16:00:33'),
(329, 23, 329, '08:44:25', '16:02:45', 'Pulang', 0, '2022-12-05 01:59:09', '2022-12-09 09:02:45'),
(330, 23, 330, '16:00:00', '20:00:00', 'Pulang', 0, '2022-12-05 01:59:09', '2022-12-20 10:13:45'),
(331, 16, 331, '13:00:00', '23:00:00', 'Pulang', 0, '2022-12-11 17:47:24', '2022-12-20 09:12:38'),
(332, 16, 332, '13:00:00', '23:00:00', 'Pulang', 0, '2022-12-11 17:47:24', '2022-12-20 09:12:44'),
(333, 16, 333, '13:00:00', '23:00:00', 'Pulang', 0, '2022-12-11 17:47:24', '2022-12-20 09:12:50'),
(334, 16, 334, '14:55:10', '23:00:00', 'Pulang', 0, '2022-12-11 17:47:24', '2022-12-20 09:12:59'),
(335, 16, 335, '14:49:17', '23:00:00', 'Pulang', 0, '2022-12-11 17:47:24', '2022-12-20 09:13:08'),
(336, 16, 336, '13:00:00', '23:00:00', 'Belum Masuk', 0, '2022-12-11 17:47:24', '2022-12-20 16:07:09'),
(337, 24, 337, '15:56:01', '23:23:24', 'Lembur', 0, '2022-12-11 17:48:11', '2022-12-12 16:23:24'),
(338, 24, 338, '15:59:10', '23:02:03', 'Pulang', 0, '2022-12-11 17:48:11', '2022-12-13 16:02:03'),
(339, 24, 339, '15:55:47', '23:00:55', 'Pulang', 0, '2022-12-11 17:48:11', '2022-12-14 16:00:55'),
(340, 24, 340, '16:01:03', '23:01:30', 'Pulang', 0, '2022-12-11 17:48:11', '2022-12-15 16:01:30'),
(341, 24, 341, '15:54:36', '23:00:47', 'Pulang', 0, '2022-12-11 17:48:11', '2022-12-16 16:00:47'),
(342, 24, 342, '16:12:04', '23:00:49', 'Pulang', 0, '2022-12-11 17:48:11', '2022-12-17 16:00:49'),
(343, 19, 343, '15:52:55', '23:01:48', 'Pulang', 0, '2022-12-11 17:49:05', '2022-12-12 16:01:48'),
(344, 19, 344, '15:45:20', '23:02:00', 'Pulang', 0, '2022-12-11 17:49:05', '2022-12-13 16:02:00'),
(345, 19, 345, '15:53:35', '23:00:16', 'Pulang', 0, '2022-12-11 17:49:05', '2022-12-14 16:00:16'),
(346, 19, 346, '08:21:49', '16:03:27', 'Pulang', 0, '2022-12-11 17:49:05', '2022-12-15 09:03:27'),
(347, 19, 347, '15:39:18', '23:00:44', 'Pulang', 0, '2022-12-11 17:49:05', '2022-12-16 16:00:44'),
(348, 19, 348, '08:16:14', '16:03:14', 'Pulang', 0, '2022-12-11 17:49:05', '2022-12-17 09:03:14'),
(349, 20, 349, '15:40:48', '23:01:52', 'Pulang', 0, '2022-12-11 17:50:01', '2022-12-12 16:01:52'),
(350, 20, 350, '15:42:26', '23:01:50', 'Pulang', 0, '2022-12-11 17:50:01', '2022-12-13 16:01:50'),
(351, 20, 351, '15:53:31', '23:00:40', 'Pulang', 0, '2022-12-11 17:50:01', '2022-12-14 16:00:40'),
(352, 20, 352, '15:43:05', '23:00:39', 'Pulang', 0, '2022-12-11 17:50:01', '2022-12-15 16:00:39'),
(353, 20, 353, '08:12:36', '16:00:05', 'Pulang', 0, '2022-12-11 17:50:01', '2022-12-16 09:00:05'),
(354, 20, 354, '08:09:58', '16:03:08', 'Pulang', 0, '2022-12-11 17:50:01', '2022-12-17 09:03:08'),
(355, 21, 355, '08:18:15', '16:01:57', 'Pulang', 0, '2022-12-11 17:50:49', '2022-12-12 09:01:57'),
(356, 21, 356, '08:37:53', '16:01:57', 'Pulang', 0, '2022-12-11 17:50:49', '2022-12-13 09:01:57'),
(357, 21, 357, '15:54:14', '23:00:17', 'Pulang', 0, '2022-12-11 17:50:49', '2022-12-15 16:00:17'),
(358, 21, 358, '16:00:50', '23:00:29', 'Pulang', 0, '2022-12-11 17:50:49', '2022-12-16 16:00:29'),
(359, 21, 359, '16:01:15', '23:01:09', 'Pulang', 0, '2022-12-11 17:50:49', '2022-12-17 16:01:09'),
(360, 21, 360, '16:00:00', '23:00:00', 'Pulang', 0, '2022-12-11 17:50:49', '2022-12-20 09:19:00'),
(361, 22, 361, '16:00:00', '23:00:00', 'Pulang', 0, '2022-12-11 17:52:07', '2022-12-20 10:12:05'),
(362, 22, 362, '08:43:07', '16:01:41', 'Pulang', 0, '2022-12-11 17:52:07', '2022-12-13 09:01:41'),
(363, 22, 363, '08:30:00', '16:00:00', 'Pulang', 0, '2022-12-11 17:52:07', '2022-12-20 10:12:23'),
(364, 22, 364, '16:12:58', '23:00:16', 'Pulang', 0, '2022-12-11 17:52:07', '2022-12-16 16:00:16'),
(365, 22, 365, '15:50:27', '23:01:19', 'Pulang', 0, '2022-12-11 17:52:07', '2022-12-17 16:01:19'),
(366, 22, 366, '16:00:00', '23:00:00', 'Pulang', 0, '2022-12-11 17:52:07', '2022-12-20 10:12:45'),
(367, 23, 367, '08:34:24', '16:02:08', 'Pulang', 0, '2022-12-11 17:53:02', '2022-12-12 09:02:08'),
(368, 23, 368, '16:13:30', '23:01:53', 'Pulang', 0, '2022-12-11 17:53:02', '2022-12-13 16:01:53'),
(369, 23, 369, '16:11:35', '23:00:44', 'Pulang', 0, '2022-12-11 17:53:02', '2022-12-14 16:00:44'),
(370, 23, 370, '16:13:12', '23:00:52', 'Pulang', 0, '2022-12-11 17:53:02', '2022-12-15 16:00:52'),
(371, 23, 371, '08:12:51', '16:06:18', 'Pulang', 0, '2022-12-11 17:53:02', '2022-12-16 09:06:18'),
(372, 23, 372, '16:13:22', '23:00:32', 'Pulang', 0, '2022-12-11 17:53:02', '2022-12-17 16:00:32'),
(373, 16, 373, '15:59:37', '23:00:00', 'Pulang', 0, '2022-12-18 01:23:58', '2022-12-20 09:13:32'),
(374, 16, 374, '14:57:38', '23:00:00', 'Pulang', 0, '2022-12-18 01:23:58', '2022-12-20 09:13:40'),
(375, 16, 375, '14:51:03', '23:00:00', 'Pulang', 0, '2022-12-18 01:23:58', '2023-01-20 07:24:00'),
(376, 16, 376, '14:01:10', '23:00:00', 'Pulang', 0, '2022-12-18 01:23:58', '2023-01-20 07:24:11'),
(377, 16, 377, '13:24:20', '23:00:00', 'Pulang', 0, '2022-12-18 01:23:58', '2023-01-20 07:24:33'),
(378, 16, 378, '13:28:59', '23:00:00', 'Pulang', 0, '2022-12-18 01:23:58', '2023-01-20 07:24:47'),
(379, 24, 379, '16:04:27', '23:00:46', 'Pulang', 0, '2022-12-18 01:24:43', '2022-12-19 16:00:46'),
(380, 24, 380, '15:58:54', '23:00:00', 'Pulang', 0, '2022-12-18 01:24:43', '2022-12-20 10:16:42'),
(381, 24, 381, '15:45:20', '23:03:06', 'Pulang', 0, '2022-12-18 01:24:43', '2022-12-21 16:03:06'),
(382, 24, 382, '16:09:57', '23:00:24', 'Pulang', 0, '2022-12-18 01:24:43', '2022-12-22 16:00:24'),
(383, 24, 383, '16:08:31', '23:00:08', 'Pulang', 0, '2022-12-18 01:24:43', '2022-12-23 16:00:08'),
(384, 24, 384, '15:53:02', '23:05:31', 'Pulang', 0, '2022-12-18 01:24:43', '2022-12-24 16:05:31'),
(385, 19, 385, '15:42:59', '23:00:36', 'Pulang', 0, '2022-12-18 01:25:50', '2022-12-19 16:00:36'),
(386, 19, 386, '15:31:23', '23:01:17', 'Pulang', 0, '2022-12-18 01:25:50', '2022-12-20 16:01:17'),
(387, 19, 387, '15:59:03', '23:02:57', 'Pulang', 0, '2022-12-18 01:25:50', '2022-12-21 16:02:57'),
(388, 19, 388, '15:44:07', '23:00:25', 'Pulang', 0, '2022-12-18 01:25:50', '2022-12-23 16:00:25'),
(389, 19, 389, '08:15:06', '16:00:17', 'Pulang', 0, '2022-12-18 01:25:50', '2022-12-24 09:00:17'),
(390, 20, 390, '08:21:46', '16:00:12', 'Pulang', 0, '2022-12-18 01:26:39', '2022-12-19 09:00:12'),
(391, 20, 391, '15:37:51', '23:00:00', 'Pulang', 0, '2022-12-18 01:26:39', '2022-12-20 09:16:27'),
(392, 20, 392, '15:58:58', '23:02:49', 'Pulang', 0, '2022-12-18 01:26:39', '2022-12-21 16:02:49'),
(393, 20, 393, '08:39:21', '16:03:13', 'Pulang', 0, '2022-12-18 01:26:39', '2022-12-22 09:03:13'),
(394, 20, 394, '16:00:34', '23:00:42', 'Pulang', 0, '2022-12-18 01:26:39', '2022-12-23 16:00:42'),
(395, 21, 395, '16:00:39', '23:00:00', 'Pulang', 0, '2022-12-18 01:27:48', '2022-12-20 09:18:31'),
(396, 21, 396, '08:30:25', '16:07:37', 'Pulang', 0, '2022-12-18 01:27:48', '2022-12-21 09:07:37'),
(397, 21, 397, '16:02:58', '23:00:12', 'Pulang', 0, '2022-12-18 01:27:48', '2022-12-22 16:00:12'),
(398, 21, 398, '08:25:36', '16:07:16', 'Pulang', 0, '2022-12-18 01:27:48', '2022-12-23 09:07:16'),
(399, 21, 399, '16:01:00', '23:24:16', 'Lembur', 0, '2022-12-18 01:27:48', '2022-12-24 16:24:16'),
(400, 23, 400, '16:10:01', '23:00:25', 'Pulang', 0, '2022-12-18 01:28:50', '2022-12-19 16:00:25'),
(401, 23, 401, '08:44:21', '16:00:49', 'Pulang', 0, '2022-12-18 01:28:50', '2022-12-20 09:00:49'),
(402, 23, 402, '16:12:49', '23:00:01', 'Pulang', 0, '2022-12-18 01:28:50', '2022-12-22 16:00:01'),
(403, 23, 403, '16:07:49', '23:00:19', 'Pulang', 0, '2022-12-18 01:28:50', '2022-12-23 16:00:19'),
(404, 23, 404, '00:00:00', '00:00:00', 'Belum Masuk', 0, '2022-12-18 01:28:50', '2022-12-18 01:28:50'),
(405, 22, 405, '16:09:28', '23:00:12', 'Pulang', 0, '2022-12-18 01:29:38', '2022-12-19 16:00:12'),
(406, 22, 406, '08:41:57', '16:06:35', 'Pulang', 0, '2022-12-18 01:29:38', '2022-12-20 09:06:35'),
(407, 22, 407, '15:58:27', '23:01:13', 'Pulang', 0, '2022-12-18 01:29:38', '2022-12-21 16:01:13'),
(408, 22, 408, '00:00:00', '00:00:00', 'Belum Masuk', 0, '2022-12-18 01:29:38', '2022-12-18 01:29:38'),
(409, 22, 409, '16:07:32', '23:29:38', 'Lembur', 0, '2022-12-18 01:29:38', '2022-12-24 16:29:38'),
(410, 16, 410, '14:31:13', '23:00:00', 'Pulang', 0, '2022-12-25 09:59:16', '2023-01-20 07:25:22'),
(411, 16, 411, '15:37:33', '23:00:00', 'Pulang', 0, '2022-12-25 09:59:16', '2023-01-20 07:25:32'),
(412, 16, 412, '13:17:51', '23:00:00', 'Pulang', 0, '2022-12-25 09:59:16', '2023-01-20 07:25:43'),
(413, 16, 413, '13:00:00', '23:00:00', 'Pulang', 0, '2022-12-25 09:59:16', '2023-01-20 07:26:20'),
(414, 16, 414, '13:53:49', '23:00:00', 'Pulang', 0, '2022-12-25 09:59:16', '2023-01-20 07:26:32'),
(415, 16, 415, '13:00:30', '23:00:00', 'Pulang', 0, '2022-12-25 09:59:16', '2023-01-20 07:26:49'),
(416, 24, 416, '15:58:15', '23:01:26', 'Pulang', 0, '2022-12-25 10:00:04', '2022-12-26 16:01:26'),
(417, 24, 417, '16:04:03', '23:00:25', 'Pulang', 0, '2022-12-25 10:00:04', '2022-12-27 16:00:25'),
(418, 24, 418, '16:07:55', '23:02:16', 'Pulang', 0, '2022-12-25 10:00:04', '2022-12-28 16:02:16'),
(419, 24, 419, '16:07:35', '23:00:37', 'Pulang', 0, '2022-12-25 10:00:04', '2022-12-29 16:00:37'),
(420, 24, 420, '16:05:50', '23:02:14', 'Pulang', 0, '2022-12-25 10:00:04', '2022-12-30 16:02:14'),
(421, 24, 421, '00:00:00', '00:00:00', 'Belum Masuk', 0, '2022-12-25 10:00:04', '2022-12-25 10:00:04'),
(422, 19, 422, '08:22:06', '16:00:16', 'Pulang', 0, '2022-12-25 10:01:05', '2022-12-26 09:00:16'),
(423, 19, 423, '15:52:48', '23:00:36', 'Pulang', 0, '2022-12-25 10:01:05', '2022-12-27 16:00:36'),
(424, 19, 424, '16:03:07', '23:02:09', 'Pulang', 0, '2022-12-25 10:01:05', '2022-12-28 16:02:09'),
(425, 19, 425, '15:45:45', '23:02:05', 'Pulang', 0, '2022-12-25 10:01:05', '2022-12-30 16:02:05'),
(426, 19, 426, '15:37:16', '00:00:00', 'Masuk', 0, '2022-12-25 10:01:05', '2022-12-31 08:37:16'),
(427, 20, 427, '15:41:29', '23:01:21', 'Pulang', 0, '2022-12-25 10:01:47', '2022-12-26 16:01:21'),
(428, 20, 428, '08:40:31', '16:00:15', 'Pulang', 0, '2022-12-25 10:01:47', '2022-12-27 09:00:15'),
(429, 20, 429, '16:00:57', '23:00:50', 'Pulang', 0, '2022-12-25 10:01:47', '2022-12-29 16:00:50'),
(430, 20, 430, '15:40:53', '23:02:11', 'Pulang', 0, '2022-12-25 10:01:47', '2022-12-30 16:02:11'),
(431, 20, 431, '16:00:27', '00:00:00', 'Masuk', 0, '2022-12-25 10:01:47', '2022-12-31 09:00:27'),
(432, 21, 432, '16:04:13', '23:01:43', 'Pulang', 0, '2022-12-25 10:02:36', '2022-12-26 16:01:43'),
(433, 21, 433, '08:40:22', '16:00:23', 'Pulang', 0, '2022-12-25 10:02:36', '2022-12-27 09:00:23'),
(434, 21, 434, '16:01:33', '23:01:46', 'Pulang', 0, '2022-12-25 10:02:36', '2022-12-28 16:01:46'),
(435, 21, 435, '16:01:09', '23:01:05', 'Pulang', 0, '2022-12-25 10:02:36', '2022-12-29 16:01:05'),
(436, 21, 436, '08:33:54', '16:02:44', 'Pulang', 0, '2022-12-25 10:02:36', '2022-12-30 09:02:44'),
(437, 22, 437, '16:11:44', '23:01:51', 'Pulang', 0, '2022-12-25 10:03:30', '2022-12-26 16:01:51'),
(438, 22, 438, '16:06:14', '23:00:19', 'Pulang', 0, '2022-12-25 10:03:30', '2022-12-27 16:00:19'),
(439, 22, 439, '16:04:09', '23:02:27', 'Pulang', 0, '2022-12-25 10:03:30', '2022-12-28 16:02:27'),
(440, 22, 440, '08:25:54', '16:12:06', 'Pulang', 0, '2022-12-25 10:03:30', '2022-12-29 09:12:06'),
(441, 22, 441, '15:37:54', '00:00:00', 'Masuk', 0, '2022-12-25 10:03:30', '2022-12-31 08:37:54'),
(442, 23, 442, '16:06:24', '23:00:04', 'Pulang', 0, '2022-12-25 10:04:18', '2022-12-27 16:00:04'),
(443, 23, 443, '08:07:13', '16:01:39', 'Pulang', 0, '2022-12-25 10:04:18', '2022-12-28 09:01:39'),
(444, 23, 444, '16:01:23', '23:01:01', 'Pulang', 0, '2022-12-25 10:04:18', '2022-12-29 16:01:01'),
(445, 23, 445, '00:00:00', '00:00:00', 'Belum Masuk', 0, '2022-12-25 10:04:18', '2022-12-25 10:04:18'),
(446, 23, 446, '07:59:26', '16:00:24', 'Pulang', 0, '2022-12-25 10:04:18', '2022-12-31 09:00:24'),
(447, 16, 447, '13:45:55', '23:00:00', 'Pulang', 0, '2023-01-02 02:26:33', '2023-01-20 07:27:05'),
(448, 16, 448, '13:42:47', '23:00:00', 'Pulang', 0, '2023-01-02 02:26:33', '2023-01-20 07:27:16'),
(449, 16, 449, '13:37:54', '23:00:00', 'Pulang', 0, '2023-01-02 02:26:33', '2023-01-20 07:27:32'),
(450, 16, 450, '15:10:51', '23:00:00', 'Pulang', 0, '2023-01-02 02:26:33', '2023-01-20 07:27:42'),
(451, 16, 451, '14:17:23', '23:00:00', 'Pulang', 0, '2023-01-02 02:26:33', '2023-01-20 07:27:53'),
(452, 16, 452, '14:00:00', '23:00:00', 'Pulang', 0, '2023-01-02 02:26:33', '2023-01-20 07:22:13'),
(453, 24, 453, '15:59:04', '23:00:16', 'Pulang', 0, '2023-01-02 02:27:17', '2023-01-02 16:00:16'),
(454, 24, 454, '16:01:28', '23:02:29', 'Pulang', 0, '2023-01-02 02:27:17', '2023-01-03 16:02:29'),
(455, 24, 455, '15:56:07', '23:02:51', 'Pulang', 0, '2023-01-02 02:27:17', '2023-01-04 16:02:51'),
(456, 24, 456, '15:56:08', '23:06:59', 'Pulang', 0, '2023-01-02 02:27:17', '2023-01-05 16:06:59'),
(457, 24, 457, '15:57:48', '23:01:31', 'Pulang', 0, '2023-01-02 02:27:17', '2023-01-06 16:01:31'),
(458, 24, 458, '16:05:40', '23:02:25', 'Pulang', 0, '2023-01-02 02:27:17', '2023-01-07 16:02:25'),
(459, 19, 459, '15:54:49', '23:00:23', 'Pulang', 0, '2023-01-02 02:28:14', '2023-01-02 16:00:23'),
(460, 19, 460, '15:46:10', '23:02:22', 'Pulang', 0, '2023-01-02 02:28:14', '2023-01-03 16:02:22'),
(461, 19, 461, '08:10:16', '16:02:50', 'Pulang', 0, '2023-01-02 02:28:14', '2023-01-04 09:02:50'),
(462, 19, 462, '15:47:08', '23:06:33', 'Pulang', 0, '2023-01-02 02:28:14', '2023-01-05 16:06:33'),
(463, 19, 463, '08:08:57', '16:06:28', 'Pulang', 0, '2023-01-02 02:28:14', '2023-01-06 09:06:28'),
(464, 19, 464, '15:42:30', '20:03:13', 'Pulang', 0, '2023-01-02 02:28:14', '2023-01-08 13:03:13'),
(465, 20, 465, '15:51:21', '23:00:07', 'Pulang', 0, '2023-01-02 02:29:17', '2023-01-02 16:00:07'),
(466, 20, 466, '08:33:08', '16:00:05', 'Pulang', 0, '2023-01-02 02:29:17', '2023-01-03 09:00:05'),
(467, 20, 467, '15:55:26', '23:03:07', 'Pulang', 0, '2023-01-02 02:29:17', '2023-01-04 16:03:07'),
(468, 20, 468, '15:44:41', '23:06:15', 'Pulang', 0, '2023-01-02 02:29:18', '2023-01-05 16:06:15'),
(469, 20, 469, '15:35:55', '23:00:46', 'Pulang', 0, '2023-01-02 02:29:18', '2023-01-06 16:00:46'),
(470, 20, 470, '08:32:26', '16:00:07', 'Pulang', 0, '2023-01-02 02:29:18', '2023-01-07 09:00:07'),
(471, 21, 471, '08:30:00', '16:00:48', 'Pulang', 0, '2023-01-02 02:30:25', '2023-01-02 09:00:48'),
(472, 21, 472, '16:00:32', '23:02:54', 'Pulang', 0, '2023-01-02 02:30:25', '2023-01-03 16:02:54'),
(473, 21, 473, '00:00:00', '00:00:00', 'Belum Masuk', 0, '2023-01-02 02:30:25', '2023-01-02 02:30:25'),
(474, 21, 474, '15:58:38', '23:06:41', 'Pulang', 0, '2023-01-02 02:30:25', '2023-01-05 16:06:41'),
(475, 21, 475, '16:07:25', '23:01:06', 'Pulang', 0, '2023-01-02 02:30:25', '2023-01-06 16:01:06'),
(476, 21, 476, '15:56:14', '23:02:59', 'Pulang', 0, '2023-01-02 02:30:25', '2023-01-07 16:02:59'),
(477, 22, 477, '08:30:00', '16:00:43', 'Pulang', 0, '2023-01-02 02:31:23', '2023-01-02 09:00:43'),
(478, 22, 478, '16:00:22', '23:02:58', 'Pulang', 0, '2023-01-02 02:31:23', '2023-01-03 16:02:58'),
(479, 22, 479, '16:09:52', '23:02:58', 'Pulang', 0, '2023-01-02 02:31:23', '2023-01-04 16:02:58'),
(480, 22, 480, '08:38:44', '16:16:39', 'Lembur', 0, '2023-01-02 02:31:23', '2023-01-05 09:16:39'),
(481, 22, 481, '16:07:43', '23:01:16', 'Pulang', 0, '2023-01-02 02:31:23', '2023-01-06 16:01:16'),
(482, 22, 482, '16:04:59', '23:02:33', 'Pulang', 0, '2023-01-02 02:31:23', '2023-01-07 16:02:33'),
(483, 23, 483, '16:03:16', '23:00:11', 'Pulang', 0, '2023-01-02 02:32:22', '2023-01-02 16:00:11'),
(484, 23, 484, '08:33:19', '16:00:41', 'Pulang', 0, '2023-01-02 02:32:22', '2023-01-03 09:00:41'),
(485, 23, 485, '15:31:29', '23:02:35', 'Pulang', 0, '2023-01-02 02:32:22', '2023-01-04 16:02:35'),
(486, 23, 486, '00:00:00', '00:00:00', 'Belum Masuk', 0, '2023-01-02 02:32:22', '2023-01-02 02:32:22'),
(487, 23, 487, '16:07:09', '23:02:30', 'Pulang', 0, '2023-01-02 02:32:22', '2023-01-07 16:02:30'),
(488, 23, 488, '15:58:51', '20:03:39', 'Pulang', 0, '2023-01-02 02:32:22', '2023-01-08 13:03:39'),
(489, 16, 489, '13:30:28', '23:00:00', 'Pulang', 0, '2023-01-09 01:40:13', '2023-01-20 07:28:05'),
(490, 16, 490, '00:00:00', '00:00:00', 'Belum Masuk', 0, '2023-01-09 01:40:13', '2023-01-09 01:40:13'),
(491, 16, 491, '14:43:29', '23:00:00', 'Pulang', 0, '2023-01-09 01:40:13', '2023-01-20 07:28:17'),
(492, 16, 492, '15:06:03', '23:00:00', 'Pulang', 0, '2023-01-09 01:40:13', '2023-01-20 07:28:25'),
(493, 16, 493, '13:28:27', '23:00:00', 'Pulang', 0, '2023-01-09 01:40:13', '2023-01-20 07:28:36'),
(494, 16, 494, '00:00:00', '23:00:00', 'Pulang', 0, '2023-01-09 01:40:13', '2023-01-20 07:28:51'),
(495, 19, 495, '08:30:00', '16:03:28', 'Pulang', 0, '2023-01-09 01:41:11', '2023-01-09 09:03:28'),
(496, 19, 496, '15:51:21', '23:01:40', 'Pulang', 0, '2023-01-09 01:41:11', '2023-01-10 16:01:40'),
(497, 19, 497, '08:21:11', '16:02:13', 'Pulang', 0, '2023-01-09 01:41:11', '2023-01-11 09:02:13'),
(498, 19, 498, '15:49:21', '23:00:12', 'Pulang', 0, '2023-01-09 01:41:11', '2023-01-12 16:00:12'),
(499, 19, 499, '15:54:25', '23:00:15', 'Pulang', 0, '2023-01-09 01:41:11', '2023-01-13 16:00:15'),
(500, 19, 500, '15:52:20', '23:03:33', 'Pulang', 0, '2023-01-09 01:41:11', '2023-01-14 16:03:33'),
(501, 20, 501, '15:57:24', '23:00:08', 'Pulang', 0, '2023-01-09 01:42:00', '2023-01-09 16:00:08'),
(502, 20, 502, '08:30:31', '16:01:10', 'Pulang', 0, '2023-01-09 01:42:00', '2023-01-10 09:01:10'),
(503, 20, 503, '16:02:10', '23:00:38', 'Pulang', 0, '2023-01-09 01:42:00', '2023-01-11 16:00:38'),
(504, 20, 504, '08:38:30', '16:01:02', 'Pulang', 0, '2023-01-09 01:42:00', '2023-01-12 09:01:02'),
(505, 20, 505, '15:48:01', '23:00:12', 'Pulang', 0, '2023-01-09 01:42:00', '2023-01-13 16:00:12'),
(506, 20, 506, '16:03:34', '23:02:42', 'Pulang', 0, '2023-01-09 01:42:00', '2023-01-14 16:02:42'),
(507, 21, 507, '15:44:35', '23:00:39', 'Pulang', 0, '2023-01-09 01:42:51', '2023-01-09 16:00:39'),
(508, 21, 508, '08:30:00', '16:00:00', 'Pulang', 0, '2023-01-09 01:42:51', '2023-01-10 11:28:23'),
(509, 21, 509, '15:56:18', '23:00:01', 'Pulang', 0, '2023-01-09 01:42:51', '2023-01-12 16:00:01'),
(510, 21, 510, '08:30:01', '16:05:41', 'Pulang', 0, '2023-01-09 01:42:51', '2023-01-13 09:05:41'),
(511, 21, 511, '08:42:25', '16:03:01', 'Pulang', 0, '2023-01-09 01:42:51', '2023-01-14 09:03:01'),
(512, 21, 512, '15:43:43', '20:01:14', 'Pulang', 0, '2023-01-09 01:42:51', '2023-01-15 13:01:14'),
(513, 22, 513, '15:44:49', '23:00:03', 'Pulang', 0, '2023-01-09 01:43:43', '2023-01-09 16:00:03'),
(514, 22, 514, '16:05:45', '23:01:27', 'Pulang', 0, '2023-01-09 01:43:43', '2023-01-10 16:01:27'),
(515, 22, 515, '16:12:20', '23:00:45', 'Pulang', 0, '2023-01-09 01:43:43', '2023-01-11 16:00:45'),
(516, 22, 516, '16:07:11', '23:00:06', 'Pulang', 0, '2023-01-09 01:43:43', '2023-01-12 16:00:06'),
(517, 22, 517, '08:30:40', '16:05:27', 'Pulang', 0, '2023-01-09 01:43:43', '2023-01-13 09:05:27'),
(518, 22, 518, '08:42:44', '16:03:50', 'Pulang', 0, '2023-01-09 01:43:43', '2023-01-14 09:03:50'),
(519, 23, 519, '08:30:00', '16:03:51', 'Pulang', 0, '2023-01-09 01:44:35', '2023-01-09 09:03:51'),
(520, 23, 520, '16:07:04', '23:01:22', 'Pulang', 0, '2023-01-09 01:44:35', '2023-01-10 16:01:22'),
(521, 23, 521, '15:51:12', '23:00:57', 'Pulang', 0, '2023-01-09 01:44:35', '2023-01-11 16:00:57'),
(522, 23, 522, '00:00:00', '00:00:00', 'Belum Masuk', 0, '2023-01-09 01:44:35', '2023-01-09 01:44:35'),
(523, 23, 523, '08:42:54', '16:03:18', 'Pulang', 0, '2023-01-09 01:44:35', '2023-01-14 09:03:18'),
(524, 23, 524, '15:43:31', '20:01:23', 'Pulang', 0, '2023-01-09 01:44:35', '2023-01-15 13:01:23'),
(525, 24, 525, '15:37:07', '23:00:55', 'Pulang', 0, '2023-01-09 01:45:22', '2023-01-09 16:00:55'),
(526, 24, 526, '15:56:58', '23:01:56', 'Pulang', 0, '2023-01-09 01:45:22', '2023-01-10 16:01:56'),
(527, 24, 527, '15:45:59', '23:02:19', 'Pulang', 0, '2023-01-09 01:45:22', '2023-01-11 16:02:19'),
(528, 24, 528, '15:30:48', '23:00:08', 'Pulang', 0, '2023-01-09 01:45:22', '2023-01-12 16:00:08'),
(529, 24, 529, '16:07:42', '23:00:22', 'Pulang', 0, '2023-01-09 01:45:22', '2023-01-13 16:00:22'),
(530, 24, 530, '15:52:08', '23:03:09', 'Pulang', 0, '2023-01-09 01:45:22', '2023-01-14 16:03:09'),
(535, 16, 536, '14:11:17', '23:00:00', 'Pulang', 0, '2023-01-16 04:50:48', '2023-01-21 07:22:34'),
(536, 16, 535, '13:00:00', '23:00:00', 'Pulang', 0, '2023-01-16 04:50:48', '2023-01-20 07:29:18'),
(537, 16, 537, '14:12:59', '00:00:00', 'Pulang', 0, '2023-01-16 04:50:48', '2023-02-21 06:35:54'),
(538, 16, 538, '14:00:00', '23:00:00', 'Pulang', 0, '2023-01-16 04:50:48', '2023-01-20 07:30:06');
INSERT INTO `attendances` (`id`, `employees_id`, `schedules_id`, `at_in`, `at_out`, `status`, `lembur`, `created_at`, `updated_at`) VALUES
(539, 16, 539, '14:00:00', '23:00:00', 'Pulang', 0, '2023-01-16 04:50:48', '2023-01-20 07:30:25'),
(540, 16, 540, '14:00:00', '23:00:00', 'Pulang', 0, '2023-01-16 04:50:48', '2023-01-20 07:31:57'),
(542, 16, 542, '00:00:00', '00:00:00', 'Pulang', 0, '2023-01-16 04:50:48', '2023-02-21 06:35:47'),
(543, 19, 543, '15:49:20', '23:00:20', 'Pulang', 0, '2023-01-16 04:52:09', '2023-01-16 16:00:20'),
(544, 19, 544, '08:19:27', '16:00:09', 'Pulang', 0, '2023-01-16 04:52:09', '2023-01-17 09:00:09'),
(545, 19, 545, '08:20:25', '16:04:38', 'Pulang', 0, '2023-01-16 04:52:09', '2023-01-18 09:04:38'),
(546, 19, 546, '15:57:26', '23:00:19', 'Pulang', 0, '2023-01-16 04:52:09', '2023-01-19 16:00:19'),
(547, 19, 547, '15:51:44', '23:00:13', 'Pulang', 0, '2023-01-16 04:52:09', '2023-01-20 16:00:13'),
(548, 20, 548, '15:49:10', '23:00:11', 'Pulang', 0, '2023-01-16 04:53:08', '2023-01-16 16:00:11'),
(549, 20, 549, '15:56:21', '23:00:16', 'Pulang', 0, '2023-01-16 04:53:08', '2023-01-17 16:00:16'),
(550, 20, 550, '15:45:36', '23:00:03', 'Pulang', 0, '2023-01-16 04:53:08', '2023-01-19 16:00:03'),
(551, 20, 551, '15:38:32', '23:00:33', 'Pulang', 0, '2023-01-16 04:53:08', '2023-01-20 16:00:33'),
(552, 20, 552, '08:40:34', '16:00:07', 'Pulang', 0, '2023-01-16 04:53:08', '2023-01-21 09:00:07'),
(553, 21, 553, '08:29:00', '16:00:44', 'Pulang', 0, '2023-01-16 04:53:56', '2023-01-16 09:00:44'),
(554, 21, 554, '08:31:34', '16:00:15', 'Pulang', 0, '2023-01-16 04:53:56', '2023-01-17 09:00:15'),
(555, 21, 555, '15:51:17', '23:00:10', 'Pulang', 0, '2023-01-16 04:53:56', '2023-01-18 16:00:10'),
(556, 21, 556, '15:42:03', '23:00:09', 'Pulang', 0, '2023-01-16 04:53:56', '2023-01-20 16:00:09'),
(557, 21, 557, '15:50:13', '23:09:10', 'Pulang', 0, '2023-01-16 04:53:56', '2023-01-21 16:09:10'),
(558, 22, 558, '16:05:27', '23:00:29', 'Pulang', 0, '2023-01-16 04:55:15', '2023-01-16 16:00:29'),
(559, 22, 559, '16:06:17', '23:00:21', 'Pulang', 0, '2023-01-16 04:55:15', '2023-01-17 16:00:21'),
(560, 22, 560, '16:06:17', '23:00:17', 'Pulang', 0, '2023-01-16 04:55:15', '2023-01-18 16:00:17'),
(561, 22, 561, '08:05:44', '16:00:12', 'Pulang', 0, '2023-01-16 04:55:15', '2023-01-19 09:00:12'),
(562, 22, 562, '15:50:25', '23:08:42', 'Pulang', 0, '2023-01-16 04:55:15', '2023-01-21 16:08:42'),
(563, 23, 563, '16:06:26', '23:00:13', 'Pulang', 0, '2023-01-16 04:56:54', '2023-01-17 16:00:13'),
(564, 23, 564, '16:06:05', '23:00:24', 'Pulang', 0, '2023-01-16 04:56:54', '2023-01-18 16:00:24'),
(565, 23, 565, '15:46:01', '23:00:10', 'Pulang', 0, '2023-01-16 04:56:54', '2023-01-19 16:00:10'),
(566, 23, 566, '00:00:00', '00:00:00', 'Belum Masuk', 0, '2023-01-16 04:56:54', '2023-01-16 04:56:54'),
(567, 23, 567, '15:45:29', '23:08:55', 'Pulang', 0, '2023-01-16 04:56:54', '2023-01-21 16:08:55'),
(568, 24, 568, '15:52:59', '23:00:08', 'Pulang', 0, '2023-01-16 04:57:38', '2023-01-16 16:00:08'),
(569, 24, 569, '15:58:08', '23:00:08', 'Pulang', 0, '2023-01-16 04:57:38', '2023-01-17 16:00:08'),
(570, 24, 570, '16:05:25', '23:00:14', 'Pulang', 0, '2023-01-16 04:57:38', '2023-01-18 16:00:14'),
(571, 24, 571, '16:03:24', '23:00:07', 'Pulang', 0, '2023-01-16 04:57:38', '2023-01-19 16:00:07'),
(572, 24, 572, '15:52:57', '23:01:06', 'Pulang', 0, '2023-01-16 04:57:38', '2023-01-20 16:01:06'),
(573, 24, 573, '00:00:00', '00:00:00', 'Pulang', 0, '2023-01-16 04:57:38', '2023-02-21 06:50:21'),
(574, 16, 574, '14:13:06', '00:00:00', 'Pulang', 0, '2023-01-23 05:24:30', '2023-02-21 06:36:43'),
(575, 16, 575, '13:19:28', '00:00:00', 'Pulang', 0, '2023-01-23 05:24:30', '2023-02-21 06:36:48'),
(576, 16, 576, '13:36:52', '00:00:00', 'Pulang', 0, '2023-01-23 05:24:30', '2023-02-21 06:36:53'),
(577, 16, 577, '14:50:59', '00:00:00', 'Pulang', 0, '2023-01-23 05:24:30', '2023-02-21 06:37:35'),
(578, 16, 578, '12:52:18', '00:00:00', 'Pulang', 0, '2023-01-23 05:24:30', '2023-02-21 06:37:40'),
(579, 16, 579, '00:00:00', '00:00:00', 'Pulang', 0, '2023-01-23 05:24:30', '2023-02-21 06:40:53'),
(580, 19, 580, '08:29:00', '16:01:04', 'Pulang', 0, '2023-01-23 05:25:50', '2023-01-23 09:01:04'),
(581, 19, 581, '15:44:13', '23:00:13', 'Pulang', 0, '2023-01-23 05:25:50', '2023-01-24 16:00:13'),
(582, 19, 582, '08:17:53', '16:00:02', 'Pulang', 0, '2023-01-23 05:25:50', '2023-01-25 09:00:02'),
(583, 19, 583, '15:47:15', '23:00:37', 'Pulang', 0, '2023-01-23 05:25:50', '2023-01-27 16:00:37'),
(584, 19, 584, '15:45:09', '23:00:08', 'Pulang', 0, '2023-01-23 05:25:50', '2023-01-28 16:00:08'),
(585, 20, 585, '15:43:22', '23:00:42', 'Pulang', 0, '2023-01-23 05:26:47', '2023-01-23 16:00:42'),
(586, 20, 586, '08:29:28', '16:02:22', 'Pulang', 0, '2023-01-23 05:26:47', '2023-01-24 09:02:22'),
(587, 20, 587, '15:50:22', '23:00:10', 'Pulang', 0, '2023-01-23 05:26:47', '2023-01-26 16:00:10'),
(588, 20, 588, '08:19:29', '16:00:55', 'Pulang', 0, '2023-01-23 05:26:47', '2023-01-27 09:00:55'),
(589, 20, 589, '15:44:40', '23:00:14', 'Pulang', 0, '2023-01-23 05:26:47', '2023-01-28 16:00:14'),
(590, 21, 590, '16:01:50', '23:01:07', 'Pulang', 0, '2023-01-23 05:28:02', '2023-01-23 16:01:07'),
(591, 21, 591, '08:29:46', '16:02:38', 'Pulang', 0, '2023-01-23 05:28:02', '2023-01-24 09:02:38'),
(592, 21, 592, '15:59:23', '23:01:02', 'Pulang', 0, '2023-01-23 05:28:02', '2023-01-25 16:01:02'),
(593, 21, 593, '08:38:24', '16:02:42', 'Pulang', 0, '2023-01-23 05:28:02', '2023-01-26 09:02:42'),
(594, 21, 594, '15:59:20', '23:00:58', 'Pulang', 0, '2023-01-23 05:28:02', '2023-01-27 16:00:58'),
(595, 21, 595, '00:00:00', '00:00:00', 'Pulang', 0, '2023-01-23 05:28:02', '2023-02-21 06:48:59'),
(596, 21, 596, '16:05:59', '20:01:03', 'Pulang', 0, '2023-01-23 05:28:02', '2023-01-29 13:01:03'),
(597, 22, 597, '08:29:00', '16:01:26', 'Pulang', 0, '2023-01-23 05:29:12', '2023-01-23 09:01:26'),
(598, 22, 598, '16:03:30', '23:00:04', 'Pulang', 0, '2023-01-23 05:29:12', '2023-01-24 16:00:04'),
(599, 22, 599, '00:00:00', '00:00:00', 'Pulang', 0, '2023-01-23 05:29:12', '2023-02-21 06:51:05'),
(600, 22, 600, '15:51:07', '23:00:36', 'Pulang', 0, '2023-01-23 05:29:12', '2023-01-26 16:00:36'),
(601, 22, 601, '16:01:35', '23:00:24', 'Pulang', 0, '2023-01-23 05:29:12', '2023-01-27 16:00:24'),
(602, 23, 602, '16:01:39', '23:00:56', 'Pulang', 0, '2023-01-23 05:30:33', '2023-01-23 16:00:56'),
(603, 23, 603, '16:03:40', '23:00:17', 'Pulang', 0, '2023-01-23 05:30:33', '2023-01-24 16:00:17'),
(604, 23, 604, '00:00:00', '00:00:00', 'Belum Masuk', 0, '2023-01-23 05:30:33', '2023-01-23 05:30:33'),
(605, 23, 605, '15:51:17', '23:00:22', 'Pulang', 0, '2023-01-23 05:30:33', '2023-01-26 16:00:22'),
(606, 23, 606, '08:21:36', '16:00:39', 'Pulang', 0, '2023-01-23 05:30:33', '2023-01-27 09:00:39'),
(607, 23, 607, '15:45:18', '23:01:57', 'Pulang', 0, '2023-01-23 05:30:33', '2023-01-28 16:01:57'),
(608, 23, 608, '16:06:10', '20:01:11', 'Pulang', 0, '2023-01-23 05:30:33', '2023-01-29 13:01:11'),
(609, 24, 609, '15:54:53', '23:00:46', 'Pulang', 0, '2023-01-23 05:32:44', '2023-01-23 16:00:46'),
(610, 24, 610, '15:59:38', '23:00:09', 'Pulang', 0, '2023-01-23 05:32:44', '2023-01-24 16:00:09'),
(611, 24, 611, '15:56:51', '23:02:28', 'Pulang', 0, '2023-01-23 05:32:44', '2023-01-25 16:02:28'),
(612, 24, 612, '16:05:05', '23:00:17', 'Pulang', 0, '2023-01-23 05:32:44', '2023-01-26 16:00:17'),
(613, 24, 613, '15:59:26', '23:01:03', 'Pulang', 0, '2023-01-23 05:32:44', '2023-01-27 16:01:03'),
(614, 24, 614, '16:03:03', '23:00:03', 'Pulang', 0, '2023-01-23 05:32:44', '2023-01-28 16:00:03'),
(615, 16, 615, '13:42:36', '00:00:00', 'Pulang', 0, '2023-01-29 16:09:39', '2023-02-21 06:37:50'),
(616, 16, 616, '13:24:57', '23:03:08', 'Pulang', 0, '2023-01-29 16:09:39', '2023-02-21 06:37:55'),
(617, 16, 617, '13:24:35', '00:00:00', 'Pulang', 0, '2023-01-29 16:09:39', '2023-02-21 06:38:01'),
(618, 16, 618, '13:05:43', '00:00:00', 'Pulang', 0, '2023-01-29 16:09:39', '2023-02-21 06:38:07'),
(619, 16, 619, '13:33:04', '00:00:00', 'Pulang', 0, '2023-01-29 16:09:39', '2023-02-21 06:38:12'),
(620, 16, 620, '00:00:00', '00:00:00', 'Belum Masuk', 0, '2023-01-29 16:09:39', '2023-01-29 16:09:39'),
(621, 19, 621, '15:50:56', '23:00:20', 'Pulang', 0, '2023-01-29 16:10:34', '2023-01-30 16:00:20'),
(622, 19, 622, '08:13:56', '16:00:25', 'Pulang', 0, '2023-01-29 16:10:34', '2023-01-31 09:00:25'),
(623, 19, 623, '08:20:58', '16:02:40', 'Pulang', 0, '2023-01-29 16:10:34', '2023-02-01 09:02:40'),
(624, 19, 624, '15:40:07', '23:00:49', 'Pulang', 0, '2023-01-29 16:10:34', '2023-02-03 16:00:49'),
(625, 19, 625, '15:47:29', '23:00:29', 'Pulang', 0, '2023-01-29 16:10:34', '2023-02-04 16:00:29'),
(626, 19, 626, '00:00:00', '00:00:00', 'Pulang', 0, '2023-01-29 16:10:34', '2023-02-21 06:44:21'),
(627, 20, 627, '15:57:15', '23:00:32', 'Pulang', 0, '2023-01-29 16:11:23', '2023-01-30 16:00:32'),
(628, 20, 628, '15:55:08', '23:03:05', 'Pulang', 0, '2023-01-29 16:11:23', '2023-01-31 16:03:05'),
(629, 20, 629, '15:56:38', '23:06:24', 'Pulang', 0, '2023-01-29 16:11:23', '2023-02-01 16:06:24'),
(630, 20, 630, '15:40:31', '23:00:33', 'Pulang', 0, '2023-01-29 16:11:23', '2023-02-02 16:00:33'),
(631, 20, 631, '08:27:31', '16:15:16', 'Pulang', 0, '2023-01-29 16:11:23', '2023-02-21 09:53:10'),
(632, 20, 632, '08:40:05', '16:01:58', 'Pulang', 0, '2023-01-29 16:11:23', '2023-02-04 09:01:58'),
(633, 21, 633, '08:35:20', '16:00:26', 'Pulang', 0, '2023-01-29 16:12:54', '2023-01-30 09:00:26'),
(634, 21, 634, '16:01:16', '23:03:14', 'Pulang', 0, '2023-01-29 16:12:54', '2023-01-31 16:03:14'),
(635, 21, 635, '16:12:38', '23:06:15', 'Pulang', 0, '2023-01-29 16:12:54', '2023-02-01 16:06:15'),
(636, 21, 636, '08:38:20', '16:00:27', 'Pulang', 0, '2023-01-29 16:12:54', '2023-02-02 09:00:27'),
(637, 21, 637, '16:00:06', '23:01:19', 'Pulang', 0, '2023-01-29 16:12:54', '2023-02-03 16:01:19'),
(638, 21, 638, '15:57:01', '23:00:44', 'Pulang', 0, '2023-01-29 16:12:54', '2023-02-04 16:00:44'),
(639, 22, 639, '16:01:16', '23:00:37', 'Pulang', 0, '2023-01-29 16:14:04', '2023-01-30 16:00:37'),
(640, 22, 640, '08:40:03', '16:00:31', 'Pulang', 0, '2023-01-29 16:14:04', '2023-01-31 09:00:31'),
(641, 22, 641, '16:12:47', '23:06:00', 'Pulang', 0, '2023-01-29 16:14:04', '2023-02-01 16:06:00'),
(642, 22, 642, '15:55:15', '23:00:39', 'Pulang', 0, '2023-01-29 16:14:04', '2023-02-02 16:00:39'),
(643, 22, 643, '08:42:09', '16:15:37', 'Lembur', 0, '2023-01-29 16:14:04', '2023-02-03 09:15:37'),
(644, 22, 644, '00:00:00', '00:00:00', 'Pulang', 0, '2023-01-29 16:14:04', '2023-02-21 06:51:13'),
(645, 23, 645, '08:36:22', '16:00:09', 'Pulang', 0, '2023-01-29 16:14:52', '2023-01-30 09:00:09'),
(646, 23, 646, '16:01:30', '23:03:24', 'Pulang', 0, '2023-01-29 16:14:52', '2023-01-31 16:03:24'),
(647, 23, 647, '00:00:00', '00:00:00', 'Belum Masuk', 0, '2023-01-29 16:14:52', '2023-01-29 16:14:52'),
(648, 23, 648, '15:55:07', '23:00:27', 'Pulang', 0, '2023-01-29 16:14:52', '2023-02-02 16:00:27'),
(649, 23, 649, '16:00:17', '23:01:15', 'Pulang', 0, '2023-01-29 16:14:52', '2023-02-03 16:01:15'),
(650, 23, 650, '16:12:21', '23:00:26', 'Pulang', 0, '2023-01-29 16:14:52', '2023-02-04 16:00:26'),
(651, 24, 651, '16:08:02', '23:00:27', 'Pulang', 0, '2023-01-29 16:15:39', '2023-01-30 16:00:27'),
(652, 24, 652, '00:00:00', '00:00:00', 'Pulang', 0, '2023-01-29 16:15:39', '2023-02-21 06:50:25'),
(653, 24, 653, '16:02:31', '23:06:06', 'Pulang', 0, '2023-01-29 16:15:39', '2023-02-01 16:06:06'),
(654, 24, 654, '16:14:08', '23:00:37', 'Pulang', 0, '2023-01-29 16:15:39', '2023-02-02 16:00:37'),
(655, 24, 655, '15:59:24', '23:00:39', 'Pulang', 0, '2023-01-29 16:15:39', '2023-02-03 16:00:39'),
(656, 24, 656, '16:05:13', '23:00:35', 'Pulang', 0, '2023-01-29 16:15:39', '2023-02-04 16:00:35'),
(657, 16, 657, '14:22:01', '00:00:00', 'Pulang', 0, '2023-02-06 04:36:13', '2023-02-21 06:38:20'),
(658, 16, 658, '13:08:13', '00:00:00', 'Pulang', 0, '2023-02-06 04:36:13', '2023-02-21 06:38:26'),
(659, 16, 659, '13:29:47', '00:00:00', 'Pulang', 0, '2023-02-06 04:36:13', '2023-02-21 06:38:32'),
(660, 16, 660, '14:13:02', '00:00:00', 'Pulang', 0, '2023-02-06 04:36:13', '2023-02-21 06:38:41'),
(661, 16, 661, '13:34:37', '00:00:00', 'Pulang', 0, '2023-02-06 04:36:13', '2023-02-21 06:38:46'),
(662, 16, 662, '00:00:00', '00:00:00', 'Pulang', 0, '2023-02-06 04:36:13', '2023-02-21 06:40:43'),
(663, 19, 663, '08:30:00', '16:00:09', 'Pulang', 0, '2023-02-06 04:37:26', '2023-02-06 09:00:09'),
(664, 19, 664, '15:45:52', '23:02:42', 'Pulang', 0, '2023-02-06 04:37:26', '2023-02-07 16:02:42'),
(665, 19, 665, '08:17:08', '16:00:08', 'Pulang', 0, '2023-02-06 04:37:26', '2023-02-08 09:00:08'),
(666, 19, 666, '15:45:46', '23:03:00', 'Pulang', 0, '2023-02-06 04:37:26', '2023-02-10 16:03:00'),
(667, 19, 667, '15:45:19', '23:02:04', 'Pulang', 0, '2023-02-06 04:37:26', '2023-02-11 16:02:04'),
(668, 20, 668, '15:40:15', '23:00:27', 'Pulang', 0, '2023-02-06 04:38:21', '2023-02-06 16:00:27'),
(669, 20, 669, '08:32:39', '16:04:05', 'Pulang', 0, '2023-02-06 04:38:21', '2023-02-07 09:04:05'),
(670, 20, 670, '15:52:21', '23:00:45', 'Pulang', 0, '2023-02-06 04:38:21', '2023-02-08 16:00:45'),
(671, 20, 671, '15:45:50', '23:00:28', 'Pulang', 0, '2023-02-06 04:38:21', '2023-02-09 16:00:28'),
(672, 20, 672, '08:33:32', '16:03:11', 'Pulang', 0, '2023-02-06 04:38:21', '2023-02-10 09:03:11'),
(673, 21, 673, '15:58:33', '23:01:52', 'Pulang', 0, '2023-02-06 04:39:38', '2023-02-06 16:01:52'),
(674, 21, 674, '16:03:52', '23:03:00', 'Pulang', 0, '2023-02-06 04:39:38', '2023-02-07 16:03:00'),
(675, 21, 675, '16:00:41', '23:01:04', 'Pulang', 0, '2023-02-06 04:39:38', '2023-02-08 16:01:04'),
(676, 21, 676, '15:39:21', '23:00:16', 'Pulang', 0, '2023-02-06 04:39:38', '2023-02-09 16:00:16'),
(677, 21, 677, '08:33:21', '16:03:25', 'Pulang', 0, '2023-02-06 04:39:38', '2023-02-10 09:03:25'),
(678, 21, 678, '08:36:52', '16:02:36', 'Pulang', 0, '2023-02-06 04:39:38', '2023-02-11 09:02:36'),
(679, 22, 679, '08:30:00', '16:00:05', 'Pulang', 0, '2023-02-06 04:40:26', '2023-02-06 09:00:05'),
(680, 22, 680, '16:05:38', '23:03:05', 'Pulang', 0, '2023-02-06 04:40:26', '2023-02-07 16:03:05'),
(681, 22, 681, '16:10:08', '23:00:48', 'Pulang', 0, '2023-02-06 04:40:26', '2023-02-08 16:00:48'),
(682, 22, 682, '08:32:29', '16:05:34', 'Pulang', 0, '2023-02-06 04:40:26', '2023-02-09 09:05:34'),
(683, 22, 683, '16:03:57', '23:02:29', 'Pulang', 0, '2023-02-06 04:40:26', '2023-02-10 16:02:29'),
(684, 22, 684, '15:51:16', '23:02:11', 'Pulang', 0, '2023-02-06 04:40:26', '2023-02-11 16:02:11'),
(685, 23, 685, '15:58:47', '23:00:31', 'Pulang', 0, '2023-02-06 04:41:14', '2023-02-06 16:00:31'),
(686, 23, 686, '08:32:31', '16:01:35', 'Pulang', 0, '2023-02-06 04:41:14', '2023-02-07 09:01:35'),
(687, 23, 687, '08:17:25', '16:00:48', 'Pulang', 0, '2023-02-06 04:41:14', '2023-02-08 09:00:48'),
(688, 23, 688, '15:58:16', '23:00:22', 'Pulang', 0, '2023-02-06 04:41:14', '2023-02-09 16:00:22'),
(689, 23, 689, '16:04:04', '23:02:55', 'Pulang', 0, '2023-02-06 04:41:14', '2023-02-10 16:02:55'),
(690, 23, 690, '15:49:14', '23:02:26', 'Pulang', 0, '2023-02-06 04:41:14', '2023-02-11 16:02:26'),
(691, 24, 691, '16:00:15', '23:00:15', 'Pulang', 0, '2023-02-06 04:41:56', '2023-02-06 16:00:15'),
(692, 24, 692, '16:04:09', '23:03:10', 'Pulang', 0, '2023-02-06 04:41:56', '2023-02-07 16:03:10'),
(693, 24, 693, '16:08:48', '23:00:53', 'Pulang', 0, '2023-02-06 04:41:56', '2023-02-08 16:00:53'),
(694, 24, 694, '16:08:02', '23:00:10', 'Pulang', 0, '2023-02-06 04:41:56', '2023-02-09 16:00:10'),
(695, 24, 695, '16:12:34', '23:03:05', 'Pulang', 0, '2023-02-06 04:41:56', '2023-02-10 16:03:05'),
(696, 24, 696, '16:05:49', '23:02:07', 'Pulang', 0, '2023-02-06 04:41:56', '2023-02-11 16:02:07'),
(697, 19, 697, '15:47:09', '20:00:01', 'Pulang', 0, '2023-02-12 04:24:05', '2023-02-12 13:00:01'),
(698, 19, 698, '15:48:29', '23:02:59', 'Pulang', 0, '2023-02-12 04:24:05', '2023-02-13 16:02:59'),
(699, 19, 699, '08:20:21', '16:00:48', 'Pulang', 0, '2023-02-12 04:24:05', '2023-02-14 09:00:48'),
(700, 19, 700, '08:25:50', '16:00:17', 'Pulang', 0, '2023-02-12 04:24:05', '2023-02-15 09:00:17'),
(701, 19, 701, '15:53:55', '23:00:14', 'Pulang', 0, '2023-02-12 04:24:05', '2023-02-16 16:00:14'),
(702, 19, 702, '15:54:12', '23:00:20', 'Pulang', 0, '2023-02-12 04:24:05', '2023-02-17 16:00:20'),
(703, 20, 703, '15:47:25', '20:00:08', 'Pulang', 0, '2023-02-12 04:24:57', '2023-02-12 13:00:08'),
(704, 20, 704, '08:33:00', '16:00:00', 'Pulang', 0, '2023-02-12 04:24:57', '2023-02-21 09:52:07'),
(705, 20, 705, '08:31:18', '16:00:44', 'Pulang', 0, '2023-02-12 04:24:57', '2023-02-14 09:00:44'),
(706, 20, 706, '15:49:00', '23:00:26', 'Pulang', 0, '2023-02-12 04:24:57', '2023-02-15 16:00:26'),
(707, 20, 707, '15:47:09', '23:00:09', 'Pulang', 0, '2023-02-12 04:24:57', '2023-02-16 16:00:09'),
(708, 20, 708, '15:46:42', '23:00:14', 'Pulang', 0, '2023-02-12 04:24:57', '2023-02-17 16:00:14'),
(709, 21, 709, '15:54:40', '23:03:04', 'Pulang', 0, '2023-02-12 04:26:01', '2023-02-13 16:03:04'),
(710, 21, 710, '16:00:21', '23:02:20', 'Pulang', 0, '2023-02-12 04:26:01', '2023-02-14 16:02:20'),
(711, 21, 711, '08:41:06', '16:00:31', 'Pulang', 0, '2023-02-12 04:26:01', '2023-02-15 09:00:31'),
(712, 21, 712, '15:52:26', '23:00:28', 'Pulang', 0, '2023-02-12 04:26:01', '2023-02-16 16:00:28'),
(713, 21, 713, '15:54:20', '23:00:34', 'Pulang', 0, '2023-02-12 04:26:01', '2023-02-17 16:00:34'),
(714, 22, 714, '16:11:06', '23:03:08', 'Pulang', 0, '2023-02-12 04:26:49', '2023-02-13 16:03:08'),
(715, 22, 715, '16:04:40', '23:01:54', 'Pulang', 0, '2023-02-12 04:26:49', '2023-02-14 16:01:54'),
(716, 22, 716, '16:06:01', '23:00:04', 'Pulang', 0, '2023-02-12 04:26:49', '2023-02-15 16:00:04'),
(717, 22, 717, '08:44:05', '16:00:52', 'Pulang', 0, '2023-02-12 04:26:49', '2023-02-16 09:00:52'),
(718, 22, 718, '00:00:00', '00:00:00', 'Belum Masuk', 0, '2023-02-12 04:26:49', '2023-02-21 06:54:54'),
(719, 23, 719, '16:11:52', '23:02:11', 'Pulang', 0, '2023-02-12 04:27:28', '2023-02-14 16:02:11'),
(720, 23, 720, '16:04:17', '23:00:10', 'Pulang', 0, '2023-02-12 04:27:28', '2023-02-15 16:00:10'),
(721, 23, 721, '08:33:35', '16:00:46', 'Pulang', 0, '2023-02-12 04:27:28', '2023-02-16 09:00:46'),
(722, 23, 722, '08:36:34', '16:08:12', 'Pulang', 0, '2023-02-12 04:27:28', '2023-02-17 09:08:12'),
(723, 23, 723, '00:00:00', '00:00:00', 'Belum Masuk', 0, '2023-02-12 04:27:28', '2023-02-12 04:27:28'),
(724, 23, 724, '00:00:00', '00:00:00', 'Belum Masuk', 0, '2023-02-12 04:27:28', '2023-02-12 04:27:28'),
(725, 23, 725, '00:00:00', '00:00:00', 'Belum Masuk', 0, '2023-02-12 04:27:28', '2023-02-12 04:27:28'),
(726, 23, 726, '00:00:00', '00:00:00', 'Belum Masuk', 0, '2023-02-12 04:27:28', '2023-02-12 04:27:28'),
(727, 23, 727, '00:00:00', '00:00:00', 'Belum Masuk', 0, '2023-02-12 04:27:28', '2023-02-12 04:27:28'),
(728, 23, 728, '00:00:00', '00:00:00', 'Belum Masuk', 0, '2023-02-12 04:27:28', '2023-02-12 04:27:28'),
(729, 16, 729, '13:43:23', '00:00:00', 'Pulang', 0, '2023-02-12 04:28:20', '2023-02-21 06:38:51'),
(730, 16, 730, '13:09:59', '00:00:00', 'Pulang', 0, '2023-02-12 04:28:20', '2023-02-21 06:38:57'),
(731, 16, 731, '13:07:24', '00:00:00', 'Pulang', 0, '2023-02-12 04:28:20', '2023-02-21 06:40:18'),
(732, 16, 732, '13:54:28', '00:00:00', 'Pulang', 0, '2023-02-12 04:28:20', '2023-02-21 06:40:24'),
(733, 16, 733, '15:27:38', '00:00:00', 'Pulang', 0, '2023-02-12 04:28:20', '2023-02-21 06:40:29'),
(734, 24, 734, '16:00:03', '23:02:54', 'Pulang', 0, '2023-02-12 04:29:01', '2023-02-13 16:02:54'),
(735, 24, 735, '15:56:23', '23:01:51', 'Pulang', 0, '2023-02-12 04:29:01', '2023-02-14 16:01:51'),
(736, 24, 736, '00:00:00', '00:00:00', 'Pulang', 0, '2023-02-12 04:29:01', '2023-02-21 06:50:12'),
(737, 24, 737, '15:43:14', '23:02:18', 'Pulang', 0, '2023-02-12 04:29:01', '2023-02-15 16:02:18'),
(738, 24, 738, '00:00:00', '00:00:00', 'Belum Masuk', 0, '2023-02-12 04:29:01', '2023-02-12 04:29:01'),
(739, 24, 739, '16:08:50', '23:00:20', 'Pulang', 0, '2023-02-12 04:29:01', '2023-02-16 16:00:20'),
(740, 24, 740, '00:00:00', '00:00:00', 'Belum Masuk', 0, '2023-02-12 04:29:01', '2023-02-12 04:29:01'),
(741, 24, 741, '00:00:00', '00:00:00', 'Belum Masuk', 0, '2023-02-12 04:29:01', '2023-02-12 04:29:01'),
(742, 24, 742, '15:55:56', '23:00:40', 'Pulang', 0, '2023-02-12 04:29:01', '2023-02-17 16:00:40'),
(743, 24, 743, '00:00:00', '00:00:00', 'Belum Masuk', 0, '2023-02-12 04:29:01', '2023-02-12 04:29:01'),
(744, 16, 744, '00:00:00', '00:00:00', 'Pulang', 0, '2023-02-20 08:53:07', '2023-02-21 06:40:38'),
(745, 16, 745, '13:00:15', '23:00:00', 'Pulang', 0, '2023-02-20 08:53:07', '2023-03-06 01:16:07'),
(748, 16, 748, '15:21:34', '23:01:00', 'Pulang', 0, '2023-02-20 08:53:07', '2023-03-06 01:17:07'),
(749, 16, 749, '12:49:20', '23:10:00', 'Pulang', 0, '2023-02-20 08:53:07', '2023-03-06 01:17:01'),
(750, 16, 750, '00:00:00', '00:00:00', 'Belum Masuk', 0, '2023-02-20 08:53:07', '2023-02-20 08:53:07'),
(752, 16, 752, '14:22:54', '23:03:00', 'Pulang', 0, '2023-02-20 08:53:07', '2023-03-06 01:16:32'),
(753, 16, 753, '13:48:30', '23:04:00', 'Pulang', 0, '2023-02-20 08:53:07', '2023-03-06 01:16:38'),
(756, 19, 756, '15:54:47', '23:00:11', 'Pulang', 0, '2023-02-20 08:53:49', '2023-02-20 16:00:11'),
(762, 20, 762, '16:00:00', '23:01:00', 'Pulang', 0, '2023-02-20 08:54:29', '2023-02-21 09:52:29'),
(763, 20, 763, '15:34:26', '23:00:26', 'Pulang', 0, '2023-02-20 08:54:29', '2023-02-21 16:00:26'),
(768, 21, 768, '16:12:42', '23:00:14', 'Pulang', 0, '2023-02-20 08:55:21', '2023-02-20 16:00:14'),
(769, 21, 769, '08:37:18', '16:06:46', 'Pulang', 0, '2023-02-20 08:55:21', '2023-02-21 09:06:46'),
(774, 21, 774, '00:00:00', '00:00:00', 'Belum Masuk', 0, '2023-02-20 08:55:21', '2023-02-20 08:55:21'),
(780, 22, 780, '08:29:00', '16:12:47', 'Pulang', 0, '2023-02-20 08:56:04', '2023-02-20 09:12:47'),
(786, 23, 786, '08:28:00', '16:13:58', 'Pulang', 0, '2023-02-20 08:56:44', '2023-02-20 09:13:58'),
(787, 23, 787, '16:06:36', '23:00:09', 'Pulang', 0, '2023-02-20 08:56:44', '2023-02-21 16:00:09'),
(792, 24, 792, '16:01:48', '23:00:07', 'Pulang', 0, '2023-02-20 08:57:30', '2023-02-20 16:00:07'),
(793, 24, 793, '16:14:48', '23:00:31', 'Pulang', 0, '2023-02-20 08:57:30', '2023-02-21 16:00:31'),
(794, 24, 794, '15:57:04', '23:05:13', 'Pulang', 0, '2023-02-20 08:57:30', '2023-02-22 16:05:13'),
(795, 24, 795, '16:11:41', '23:00:46', 'Pulang', 0, '2023-02-20 08:57:30', '2023-02-23 16:00:46'),
(796, 24, 796, '15:58:16', '23:00:20', 'Pulang', 0, '2023-02-20 08:57:30', '2023-02-24 16:00:20'),
(797, 24, 797, '00:00:00', '00:00:00', 'Belum Masuk', 0, '2023-02-20 08:57:30', '2023-02-20 08:57:30'),
(798, 19, 798, '16:00:00', '23:00:13', 'Pulang', 0, '2023-02-21 12:37:28', '2023-02-21 16:00:13'),
(799, 19, 799, '08:22:33', '16:05:39', 'Pulang', 0, '2023-02-21 12:37:28', '2023-02-22 09:05:39'),
(800, 19, 800, '15:58:02', '23:00:11', 'Pulang', 0, '2023-02-21 12:37:28', '2023-02-24 16:00:11'),
(801, 19, 801, '15:48:34', '23:00:09', 'Pulang', 0, '2023-02-21 12:37:28', '2023-02-25 16:00:09'),
(802, 20, 802, '15:45:27', '23:04:57', 'Pulang', 0, '2023-02-21 12:38:07', '2023-02-22 16:04:57'),
(803, 20, 803, '08:39:16', '00:00:00', 'Masuk', 0, '2023-02-21 12:38:07', '2023-02-23 01:39:16'),
(804, 20, 804, '15:46:05', '23:00:39', 'Pulang', 0, '2023-02-21 12:38:07', '2023-02-24 16:00:39'),
(805, 21, 805, '15:51:24', '23:00:31', 'Pulang', 0, '2023-02-21 12:38:50', '2023-02-23 16:00:31'),
(806, 21, 806, '15:57:48', '23:00:16', 'Pulang', 0, '2023-02-21 12:38:50', '2023-02-24 16:00:16'),
(807, 21, 807, '08:36:17', '16:02:25', 'Pulang', 0, '2023-02-21 12:38:50', '2023-02-25 09:02:25'),
(808, 22, 808, '16:06:45', '23:04:59', 'Pulang', 0, '2023-02-21 12:39:38', '2023-02-22 16:04:59'),
(809, 22, 809, '16:04:36', '23:00:34', 'Pulang', 0, '2023-02-21 12:39:38', '2023-02-23 16:00:34'),
(810, 22, 810, '08:41:24', '16:21:03', 'Lembur', 0, '2023-02-21 12:39:38', '2023-02-24 09:21:03'),
(811, 22, 811, '16:00:14', '23:00:15', 'Pulang', 0, '2023-02-21 12:39:38', '2023-02-25 16:00:15'),
(812, 23, 812, '15:54:22', '23:05:35', 'Pulang', 0, '2023-02-21 12:40:16', '2023-02-22 16:05:35'),
(813, 23, 813, '16:01:44', '23:00:24', 'Pulang', 0, '2023-02-21 12:40:16', '2023-02-23 16:00:24'),
(814, 23, 814, '16:00:25', '23:00:04', 'Pulang', 0, '2023-02-21 12:40:16', '2023-02-25 16:00:04'),
(815, 16, 815, '12:29:37', '23:03:00', 'Pulang', 0, '2023-02-26 16:12:08', '2023-03-06 01:17:18'),
(816, 16, 816, '14:37:04', '23:05:00', 'Pulang', 0, '2023-02-26 16:12:08', '2023-03-06 01:17:33'),
(817, 16, 817, '12:39:33', '23:08:00', 'Pulang', 0, '2023-02-26 16:12:08', '2023-03-06 01:18:08'),
(818, 16, 818, '00:00:00', '00:00:00', 'Belum Masuk', 0, '2023-02-26 16:12:08', '2023-02-26 16:12:08'),
(819, 16, 819, '00:00:00', '00:00:00', 'Belum Masuk', 0, '2023-02-26 16:12:08', '2023-02-26 16:12:08'),
(820, 16, 820, '00:00:00', '00:00:00', 'Belum Masuk', 0, '2023-02-26 16:12:08', '2023-02-26 16:12:08'),
(821, 24, 821, '16:11:38', '23:00:05', 'Pulang', 0, '2023-02-26 16:13:02', '2023-02-27 16:00:05'),
(822, 24, 822, '16:07:12', '23:01:23', 'Pulang', 0, '2023-02-26 16:13:02', '2023-02-28 16:01:23'),
(823, 24, 823, '16:02:29', '23:00:53', 'Pulang', 0, '2023-02-26 16:13:02', '2023-03-01 16:00:53'),
(824, 24, 824, '16:03:31', '23:02:07', 'Pulang', 0, '2023-02-26 16:13:02', '2023-03-02 16:02:07'),
(825, 24, 825, '16:08:20', '23:02:19', 'Pulang', 0, '2023-02-26 16:13:02', '2023-03-03 16:02:19'),
(826, 24, 826, '15:55:11', '23:06:04', 'Pulang', 0, '2023-02-26 16:13:02', '2023-03-04 16:06:04'),
(827, 19, 827, '15:53:52', '23:00:10', 'Pulang', 0, '2023-02-26 16:13:42', '2023-02-27 16:00:10'),
(828, 19, 828, '15:53:50', '23:01:32', 'Pulang', 0, '2023-02-26 16:13:42', '2023-02-28 16:01:32'),
(829, 19, 829, '15:42:27', '23:00:49', 'Pulang', 0, '2023-02-26 16:13:42', '2023-03-01 16:00:49'),
(830, 19, 830, '08:15:13', '16:05:36', 'Pulang', 0, '2023-02-26 16:13:42', '2023-03-02 09:05:36'),
(831, 19, 831, '08:20:30', '16:00:04', 'Pulang', 0, '2023-02-26 16:13:42', '2023-03-03 09:00:04'),
(832, 20, 832, '08:42:29', '00:00:00', 'Masuk', 0, '2023-02-26 16:14:15', '2023-02-27 01:42:29'),
(833, 20, 833, '15:42:37', '23:00:45', 'Pulang', 0, '2023-02-26 16:14:15', '2023-03-01 16:00:45'),
(834, 20, 834, '15:58:52', '23:02:22', 'Pulang', 0, '2023-02-26 16:14:15', '2023-03-02 16:02:22'),
(835, 20, 835, '15:43:34', '23:02:15', 'Pulang', 0, '2023-02-26 16:14:15', '2023-03-03 16:02:15'),
(836, 20, 836, '08:43:11', '16:01:32', 'Pulang', 0, '2023-02-26 16:14:15', '2023-03-04 09:01:32'),
(837, 21, 837, '15:58:31', '23:00:42', 'Pulang', 0, '2023-02-26 16:14:49', '2023-02-27 16:00:42'),
(838, 21, 838, '15:54:03', '23:00:08', 'Pulang', 0, '2023-02-26 16:14:49', '2023-02-28 16:00:08'),
(839, 21, 839, '08:38:00', '16:00:12', 'Pulang', 0, '2023-02-26 16:14:49', '2023-03-01 09:00:12'),
(840, 21, 840, '15:50:12', '23:02:54', 'Pulang', 0, '2023-02-26 16:14:49', '2023-03-03 16:02:54'),
(841, 21, 841, '15:55:14', '23:05:31', 'Pulang', 0, '2023-02-26 16:14:49', '2023-03-04 16:05:31'),
(842, 22, 842, '15:54:19', '23:00:24', 'Pulang', 0, '2023-02-26 16:15:23', '2023-02-27 16:00:24'),
(843, 22, 843, '08:34:34', '16:44:09', 'Lembur', 0, '2023-02-26 16:15:23', '2023-02-28 09:44:09'),
(844, 22, 844, '00:00:00', '00:00:00', 'Belum Masuk', 0, '2023-02-26 16:15:23', '2023-02-26 16:15:23'),
(845, 22, 845, '16:14:36', '23:02:32', 'Pulang', 0, '2023-02-26 16:15:23', '2023-03-03 16:02:32'),
(846, 22, 846, '16:13:18', '23:05:52', 'Pulang', 0, '2023-02-26 16:15:23', '2023-03-04 16:05:52'),
(847, 23, 847, '15:54:14', '23:00:26', 'Pulang', 0, '2023-02-26 16:15:54', '2023-02-28 16:00:26'),
(848, 23, 848, '15:59:37', '23:01:16', 'Pulang', 0, '2023-02-26 16:15:54', '2023-03-01 16:01:16'),
(849, 23, 849, '00:00:00', '00:00:00', 'Belum Masuk', 0, '2023-02-26 16:15:54', '2023-02-26 16:15:54'),
(850, 23, 850, '00:00:00', '00:00:00', 'Belum Masuk', 0, '2023-02-26 16:15:54', '2023-02-26 16:15:54'),
(851, 23, 851, '16:13:08', '23:05:43', 'Pulang', 0, '2023-02-26 16:15:54', '2023-03-04 16:05:43'),
(852, 16, 852, '15:58:58', '00:00:00', 'Masuk', 0, '2023-03-05 16:29:25', '2023-03-06 08:58:58'),
(853, 16, 853, '13:20:26', '00:00:00', 'Masuk', 0, '2023-03-05 16:29:25', '2023-03-07 06:20:26'),
(854, 16, 854, '13:38:09', '00:00:00', 'Masuk', 0, '2023-03-05 16:29:25', '2023-03-08 06:38:09'),
(855, 16, 855, '13:58:23', '00:00:00', 'Masuk', 0, '2023-03-05 16:29:25', '2023-03-09 06:58:23'),
(856, 16, 856, '13:46:11', '00:00:00', 'Masuk', 0, '2023-03-05 16:29:25', '2023-03-10 06:46:11'),
(857, 16, 857, '15:57:34', '00:00:00', 'Masuk', 0, '2023-03-05 16:29:25', '2023-03-11 08:57:34'),
(858, 24, 858, '16:01:01', '23:01:46', 'Pulang', 0, '2023-03-05 16:30:05', '2023-03-06 16:01:46'),
(859, 24, 859, '16:04:12', '23:00:37', 'Pulang', 0, '2023-03-05 16:30:05', '2023-03-07 16:00:37'),
(860, 24, 860, '15:46:33', '23:08:23', 'Pulang', 0, '2023-03-05 16:30:05', '2023-03-08 16:08:23'),
(861, 24, 861, '16:02:42', '23:00:11', 'Pulang', 0, '2023-03-05 16:30:05', '2023-03-09 16:00:11'),
(862, 24, 862, '16:05:17', '23:04:49', 'Pulang', 0, '2023-03-05 16:30:05', '2023-03-10 16:04:49'),
(863, 24, 863, '16:11:57', '23:03:49', 'Pulang', 0, '2023-03-05 16:30:05', '2023-03-11 16:03:49'),
(864, 19, 864, '15:53:38', '23:00:30', 'Pulang', 0, '2023-03-05 16:30:57', '2023-03-07 16:00:30'),
(865, 19, 865, '15:56:44', '23:08:15', 'Pulang', 0, '2023-03-05 16:30:57', '2023-03-08 16:08:15'),
(866, 19, 866, '16:00:54', '23:00:06', 'Pulang', 0, '2023-03-05 16:30:57', '2023-03-09 16:00:06'),
(867, 19, 867, '15:54:20', '23:04:33', 'Pulang', 0, '2023-03-05 16:30:57', '2023-03-10 16:04:33'),
(868, 19, 868, '08:10:33', '16:07:14', 'Pulang', 0, '2023-03-05 16:30:57', '2023-03-11 09:07:14'),
(869, 20, 869, '00:00:00', '00:00:00', 'Belum Masuk', 0, '2023-03-05 16:31:37', '2023-03-05 16:31:37'),
(870, 20, 870, '15:43:23', '23:00:19', 'Pulang', 0, '2023-03-05 16:31:37', '2023-03-07 16:00:19'),
(871, 20, 871, '08:30:30', '16:07:32', 'Pulang', 0, '2023-03-05 16:31:37', '2023-03-08 09:07:32'),
(872, 20, 872, '15:48:00', '23:04:40', 'Pulang', 0, '2023-03-05 16:31:37', '2023-03-10 16:04:40'),
(873, 20, 873, '15:52:51', '23:04:36', 'Pulang', 0, '2023-03-05 16:31:37', '2023-03-11 16:04:36'),
(874, 21, 874, '16:10:12', '23:02:20', 'Pulang', 0, '2023-03-05 16:32:10', '2023-03-06 16:02:20'),
(875, 21, 875, '08:38:58', '16:13:23', 'Pulang', 0, '2023-03-05 16:32:10', '2023-03-07 09:13:23'),
(876, 21, 876, '16:04:55', '23:07:53', 'Pulang', 0, '2023-03-05 16:32:10', '2023-03-08 16:07:53'),
(877, 21, 877, '16:01:33', '23:00:22', 'Pulang', 0, '2023-03-05 16:32:10', '2023-03-09 16:00:22'),
(878, 21, 878, '08:13:56', '16:01:59', 'Pulang', 0, '2023-03-05 16:32:10', '2023-03-10 09:01:59'),
(879, 22, 879, '16:13:55', '23:02:05', 'Pulang', 0, '2023-03-05 16:32:48', '2023-03-06 16:02:05'),
(880, 22, 880, '08:39:08', '16:13:17', 'Pulang', 0, '2023-03-05 16:32:48', '2023-03-07 09:13:17'),
(881, 22, 881, '16:01:47', '23:00:01', 'Pulang', 0, '2023-03-05 16:32:48', '2023-03-09 16:00:01'),
(882, 22, 882, '16:01:55', '23:04:53', 'Pulang', 0, '2023-03-05 16:32:48', '2023-03-10 16:04:53'),
(883, 22, 883, '16:12:29', '23:04:02', 'Pulang', 0, '2023-03-05 16:32:48', '2023-03-11 16:04:02'),
(884, 23, 884, '16:14:06', '23:01:33', 'Pulang', 0, '2023-03-05 16:33:21', '2023-03-06 16:01:33'),
(885, 23, 885, '16:14:36', '23:00:33', 'Pulang', 0, '2023-03-05 16:33:21', '2023-03-07 16:00:33'),
(886, 23, 886, '15:59:05', '23:08:04', 'Pulang', 0, '2023-03-05 16:33:21', '2023-03-08 16:08:04'),
(887, 23, 887, '08:15:24', '16:01:11', 'Pulang', 0, '2023-03-05 16:33:21', '2023-03-09 09:01:11'),
(888, 23, 888, '16:02:26', '23:03:43', 'Pulang', 0, '2023-03-05 16:33:21', '2023-03-11 16:03:43'),
(889, 21, 889, '08:05:00', '15:00:00', 'Pulang', 0, '2023-08-13 23:59:36', '2023-08-15 07:21:19'),
(890, 21, 890, '08:02:09', '15:10:47', 'Pulang', 0, '2023-08-13 23:59:36', '2023-08-15 08:10:47'),
(891, 21, 891, '08:04:16', '15:07:06', 'Pulang', 0, '2023-08-13 23:59:36', '2023-08-16 08:07:06'),
(892, 21, 892, '15:08:06', '21:00:22', 'Pulang', 0, '2023-08-13 23:59:36', '2023-08-17 14:00:22'),
(893, 21, 893, '15:04:57', '21:06:02', 'Pulang', 0, '2023-08-13 23:59:36', '2023-08-18 14:06:02'),
(894, 21, 894, '15:07:38', '21:00:23', 'Pulang', 0, '2023-08-13 23:59:36', '2023-08-19 14:00:23'),
(895, 23, 895, '14:46:19', '21:00:23', 'Pulang', 0, '2023-08-14 00:00:55', '2023-08-14 14:00:23'),
(896, 23, 896, '15:01:04', '21:03:03', 'Pulang', 0, '2023-08-14 00:00:55', '2023-08-15 14:03:03'),
(897, 23, 897, '14:58:00', '21:07:17', 'Pulang', 0, '2023-08-14 00:00:55', '2023-08-16 14:07:17'),
(898, 23, 898, '15:08:19', '21:01:08', 'Pulang', 0, '2023-08-14 00:00:55', '2023-08-17 14:01:08'),
(899, 23, 899, '07:59:09', '15:06:19', 'Pulang', 0, '2023-08-14 00:00:55', '2023-08-18 08:06:19'),
(900, 23, 900, '00:00:00', '00:00:00', 'Belum Masuk', 0, '2023-08-14 00:01:07', '2023-08-14 00:01:07'),
(901, 23, 901, '00:00:00', '00:00:00', 'Belum Masuk', 0, '2023-08-14 00:01:07', '2023-08-14 00:01:07'),
(902, 23, 902, '00:00:00', '00:00:00', 'Belum Masuk', 0, '2023-08-14 00:01:07', '2023-08-14 00:01:07'),
(903, 23, 903, '00:00:00', '00:00:00', 'Belum Masuk', 0, '2023-08-14 00:01:07', '2023-08-14 00:01:07'),
(904, 23, 904, '00:00:00', '00:00:00', 'Belum Masuk', 0, '2023-08-14 00:01:07', '2023-08-14 00:01:07'),
(905, 23, 905, '07:57:07', '15:00:59', 'Pulang', 0, '2023-08-14 00:01:07', '2023-08-19 08:00:59'),
(906, 26, 906, '15:00:35', '21:00:42', 'Pulang', 0, '2023-08-14 00:02:11', '2023-08-14 14:00:42'),
(907, 26, 907, '14:49:30', '21:03:12', 'Pulang', 0, '2023-08-14 00:02:11', '2023-08-15 14:03:12'),
(908, 26, 908, '14:57:38', '21:07:34', 'Pulang', 0, '2023-08-14 00:02:11', '2023-08-16 14:07:34'),
(909, 26, 909, '15:09:01', '21:01:51', 'Pulang', 0, '2023-08-14 00:02:11', '2023-08-17 14:01:51'),
(910, 26, 910, '14:54:37', '21:04:11', 'Pulang', 0, '2023-08-14 00:02:11', '2023-08-18 14:04:11'),
(911, 26, 911, '14:46:14', '21:00:09', 'Pulang', 0, '2023-08-14 00:02:11', '2023-08-19 14:00:09'),
(912, 24, 912, '00:00:00', '00:00:00', 'Belum Masuk', 0, '2023-08-14 00:03:15', '2023-08-14 00:03:15'),
(913, 24, 913, '14:40:39', '21:02:54', 'Pulang', 0, '2023-08-14 00:03:15', '2023-08-15 14:02:54'),
(914, 24, 914, '14:53:14', '21:08:17', 'Pulang', 0, '2023-08-14 00:03:15', '2023-08-16 14:08:17'),
(915, 24, 915, '15:09:36', '21:01:33', 'Pulang', 0, '2023-08-14 00:03:15', '2023-08-17 14:01:33'),
(916, 24, 916, '14:54:08', '21:04:21', 'Pulang', 0, '2023-08-14 00:03:15', '2023-08-18 14:04:21'),
(917, 24, 917, '15:10:47', '21:00:18', 'Pulang', 0, '2023-08-14 00:03:15', '2023-08-19 14:00:18'),
(918, 21, 918, '08:08:04', '15:02:06', 'Pulang', 0, '2023-08-21 00:47:57', '2023-08-21 08:02:06'),
(919, 21, 919, '15:05:50', '22:07:24', 'Lembur', 1, '2023-08-21 00:47:57', '2023-08-22 15:07:24'),
(920, 21, 920, '15:05:43', '21:11:06', 'Pulang', 0, '2023-08-21 00:47:57', '2023-08-23 14:11:06'),
(921, 21, 921, '15:09:57', '21:04:20', 'Pulang', 0, '2023-08-21 00:47:57', '2023-08-24 14:04:20'),
(922, 21, 922, '07:56:11', '15:01:57', 'Pulang', 0, '2023-08-21 00:47:57', '2023-08-25 08:01:57'),
(923, 21, 923, '08:09:05', '15:06:25', 'Pulang', 0, '2023-08-21 00:47:57', '2023-08-26 08:06:25'),
(924, 24, 924, '14:58:02', '22:30:03', 'Lembur', 1, '2023-08-21 00:48:42', '2023-08-21 15:30:03'),
(925, 24, 925, '15:09:23', '22:07:14', 'Lembur', 1, '2023-08-21 00:48:42', '2023-08-22 15:07:14'),
(926, 24, 926, '15:06:30', '21:11:46', 'Pulang', 0, '2023-08-21 00:48:42', '2023-08-23 14:11:46'),
(927, 24, 927, '14:57:25', '21:04:26', 'Pulang', 0, '2023-08-21 00:48:43', '2023-08-24 14:04:26'),
(928, 24, 928, '15:07:21', '21:28:11', 'Lembur', 0, '2023-08-21 00:48:43', '2023-08-25 14:28:11'),
(929, 24, 929, '15:07:09', '21:00:42', 'Pulang', 0, '2023-08-21 00:48:43', '2023-08-26 14:00:42'),
(930, 23, 930, '15:01:49', '22:29:52', 'Lembur', 1, '2023-08-21 00:49:42', '2023-08-21 15:29:52'),
(931, 23, 931, '07:46:20', '15:03:21', 'Pulang', 0, '2023-08-21 00:49:42', '2023-08-22 08:03:21'),
(932, 23, 932, '07:56:10', '15:19:40', 'Lembur', 0, '2023-08-21 00:49:42', '2023-08-23 08:19:40'),
(933, 23, 933, '07:49:32', '15:01:16', 'Pulang', 0, '2023-08-21 00:49:42', '2023-08-24 08:01:16'),
(934, 23, 934, '15:11:20', '21:28:31', 'Lembur', 0, '2023-08-21 00:49:42', '2023-08-25 14:28:31'),
(935, 23, 935, '15:04:02', '21:01:56', 'Pulang', 0, '2023-08-21 00:49:42', '2023-08-26 14:01:56'),
(936, 26, 936, '14:53:02', '22:28:55', 'Lembur', 1, '2023-08-21 00:50:25', '2023-08-21 15:28:55'),
(937, 26, 937, '14:57:38', '22:07:34', 'Lembur', 1, '2023-08-21 00:50:25', '2023-08-22 15:07:34'),
(938, 26, 938, '14:51:33', '21:11:24', 'Pulang', 0, '2023-08-21 00:50:25', '2023-08-23 14:11:24'),
(939, 26, 939, '15:04:48', '21:04:14', 'Pulang', 0, '2023-08-21 00:50:25', '2023-08-24 14:04:14'),
(940, 26, 940, '15:05:04', '21:28:48', 'Lembur', 0, '2023-08-21 00:50:25', '2023-08-25 14:28:48'),
(941, 26, 941, '15:05:43', '21:00:30', 'Pulang', 0, '2023-08-21 00:50:25', '2023-08-26 14:00:30'),
(942, 26, 942, '00:00:00', '00:00:00', 'Belum Masuk', 0, '2023-08-21 00:50:25', '2023-08-21 00:50:25'),
(943, 26, 943, '00:00:00', '00:00:00', 'Belum Masuk', 0, '2023-08-21 00:50:25', '2023-08-21 00:50:25'),
(944, 26, 944, '00:00:00', '00:00:00', 'Belum Masuk', 0, '2023-08-21 00:50:26', '2023-08-21 00:50:26'),
(945, 26, 945, '00:00:00', '00:00:00', 'Belum Masuk', 0, '2023-08-21 00:50:26', '2023-08-21 00:50:26'),
(946, 26, 946, '00:00:00', '00:00:00', 'Belum Masuk', 0, '2023-08-21 00:50:26', '2023-08-21 00:50:26'),
(947, 26, 947, '00:00:00', '00:00:00', 'Belum Masuk', 0, '2023-08-21 00:50:26', '2023-08-21 00:50:26'),
(948, 21, 948, '08:08:10', '15:04:11', 'Pulang', 0, '2023-08-28 01:04:48', '2023-08-28 08:04:11'),
(949, 21, 949, '08:04:25', '15:08:02', 'Pulang', 0, '2023-08-28 01:05:55', '2023-08-29 08:08:02'),
(950, 21, 950, '08:05:40', '15:07:15', 'Pulang', 0, '2023-08-28 01:05:55', '2023-08-30 08:07:15'),
(951, 21, 951, '14:53:54', '21:02:47', 'Pulang', 0, '2023-08-28 01:05:55', '2023-08-31 14:02:47'),
(952, 21, 952, '15:11:27', '21:05:34', 'Pulang', 0, '2023-08-28 01:05:55', '2023-09-01 14:05:34'),
(953, 21, 953, '15:07:16', '21:02:58', 'Pulang', 0, '2023-08-28 01:05:55', '2023-09-02 14:02:58'),
(954, 23, 954, '15:13:30', '21:06:19', 'Pulang', 0, '2023-08-28 01:06:47', '2023-08-28 14:06:19'),
(955, 23, 955, '15:13:08', '21:00:39', 'Pulang', 0, '2023-08-28 01:06:47', '2023-08-29 14:00:39'),
(956, 23, 956, '14:51:36', '21:02:06', 'Pulang', 0, '2023-08-28 01:06:47', '2023-08-30 14:02:06'),
(957, 23, 957, '07:37:25', '15:05:01', 'Pulang', 0, '2023-08-28 01:06:47', '2023-08-31 08:05:01'),
(958, 23, 958, '08:07:14', '15:06:34', 'Pulang', 0, '2023-08-28 01:06:47', '2023-09-01 08:06:34'),
(959, 23, 959, '07:51:22', '15:07:06', 'Pulang', 0, '2023-08-28 01:06:47', '2023-09-02 08:07:06'),
(960, 26, 960, '15:05:53', '21:06:42', 'Pulang', 0, '2023-08-28 01:07:41', '2023-08-28 14:06:42'),
(961, 26, 961, '15:08:47', '21:00:54', 'Pulang', 0, '2023-08-28 01:07:41', '2023-08-29 14:00:54'),
(962, 26, 962, '15:07:26', '21:02:15', 'Pulang', 0, '2023-08-28 01:07:41', '2023-08-30 14:02:15'),
(963, 26, 963, '14:54:13', '21:02:25', 'Pulang', 0, '2023-08-28 01:07:41', '2023-08-31 14:02:25'),
(964, 26, 964, '15:05:25', '21:05:44', 'Pulang', 0, '2023-08-28 01:07:41', '2023-09-01 14:05:44'),
(965, 26, 965, '00:00:00', '00:00:00', 'Belum Masuk', 0, '2023-08-28 01:07:50', '2023-08-28 01:07:50'),
(966, 26, 966, '00:00:00', '00:00:00', 'Belum Masuk', 0, '2023-08-28 01:07:50', '2023-08-28 01:07:50'),
(967, 26, 967, '00:00:00', '00:00:00', 'Belum Masuk', 0, '2023-08-28 01:07:50', '2023-08-28 01:07:50'),
(968, 26, 968, '00:00:00', '00:00:00', 'Belum Masuk', 0, '2023-08-28 01:07:50', '2023-08-28 01:07:50'),
(969, 26, 969, '00:00:00', '00:00:00', 'Belum Masuk', 0, '2023-08-28 01:07:50', '2023-08-28 01:07:50'),
(970, 26, 970, '15:07:37', '21:03:05', 'Pulang', 0, '2023-08-28 01:07:50', '2023-09-02 14:03:05'),
(971, 24, 971, '15:00:20', '21:06:30', 'Pulang', 0, '2023-08-28 01:08:26', '2023-08-28 14:06:30'),
(972, 24, 972, '15:08:58', '21:01:03', 'Pulang', 0, '2023-08-28 01:08:26', '2023-08-29 14:01:03'),
(973, 24, 973, '14:51:50', '21:02:22', 'Pulang', 0, '2023-08-28 01:08:26', '2023-08-30 14:02:22'),
(974, 24, 974, '15:05:50', '21:02:33', 'Pulang', 0, '2023-08-28 01:08:26', '2023-08-31 14:02:33'),
(975, 24, 975, '15:05:34', '21:06:00', 'Pulang', 0, '2023-08-28 01:08:26', '2023-09-01 14:06:00'),
(976, 24, 976, '15:07:27', '21:03:18', 'Pulang', 0, '2023-08-28 01:08:26', '2023-09-02 14:03:18');

-- --------------------------------------------------------

--
-- Table structure for table `employees`
--

CREATE TABLE `employees` (
  `id` bigint UNSIGNED NOT NULL,
  `jabatans_id` bigint UNSIGNED NOT NULL,
  `created_at` timestamp NULL DEFAULT NULL,
  `updated_at` timestamp NULL DEFAULT NULL,
  `name` varchar(255) COLLATE utf8mb4_unicode_ci NOT NULL,
  `rfid` varchar(255) COLLATE utf8mb4_unicode_ci NOT NULL,
  `ttl` varchar(255) COLLATE utf8mb4_unicode_ci NOT NULL,
  `jk` varchar(255) COLLATE utf8mb4_unicode_ci NOT NULL,
  `faceid` varchar(255) COLLATE utf8mb4_unicode_ci DEFAULT NULL,
  `facereq` varchar(255) COLLATE utf8mb4_unicode_ci DEFAULT NULL
) ENGINE=InnoDB DEFAULT CHARSET=utf8mb4 COLLATE=utf8mb4_unicode_ci;

--
-- Dumping data for table `employees`
--

INSERT INTO `employees` (`id`, `jabatans_id`, `created_at`, `updated_at`, `name`, `rfid`, `ttl`, `jk`, `faceid`, `facereq`) VALUES
(16, 1, '2022-10-28 01:40:49', '2022-10-28 01:43:32', 'SOPYAN TAHIR', '2357953107', 'MARISA, 6 JANUARI 1996', 'Laki-laki', NULL, NULL),
(19, 3, '2022-10-28 01:43:12', '2022-10-28 01:43:12', 'ABDUL MUHAIMINUL AZIZ NURDIANSYAH HASANIA', '2343466755', 'GORONTALO, 17 FEBRUARI 1998', 'Laki-laki', NULL, NULL),
(20, 3, '2022-10-28 01:45:05', '2023-10-09 16:40:37', 'YUDISTIRA MUHADI', '2341130883', 'GORONTALO, NOVEMBER 1998', 'Laki-laki', '0c59a2b6d4874080887d725c314dc561fioaa978', 'sudah'),
(21, 3, '2022-10-28 01:45:52', '2022-10-28 09:54:42', 'SRIRIN PRATIWI', '2339913363', 'KANTANAN, 17 NOVEMBER 1997', 'Perempuan', NULL, NULL),
(22, 3, '2022-10-28 01:46:36', '2022-10-28 09:53:33', 'FIRA FRAHMATIA DJUNUBI', '2343732659', 'GORONTALO, 4 JULI 1998', 'Perempuan', NULL, NULL),
(23, 5, '2022-10-28 01:48:14', '2022-10-28 09:53:59', 'MIYA PERMATASARI SUNARDI', '2345045891', 'GORONTALO, 15 APRIL 2001', 'Perempuan', NULL, NULL),
(24, 4, '2022-10-28 01:48:37', '2022-10-28 09:54:20', 'NANDAR ABDULLAH', '2344587379', 'GORONTALO, 20 OKTOBER 1995', 'Laki-laki', NULL, NULL),
(26, 5, '2023-08-11 08:23:34', '2023-08-11 08:23:34', 'ridwan djauhari', '3471479283', '111', 'Laki-laki', NULL, NULL);

-- --------------------------------------------------------

--
-- Table structure for table `failed_jobs`
--

CREATE TABLE `failed_jobs` (
  `id` bigint UNSIGNED NOT NULL,
  `uuid` varchar(255) COLLATE utf8mb4_unicode_ci NOT NULL,
  `connection` text COLLATE utf8mb4_unicode_ci NOT NULL,
  `queue` text COLLATE utf8mb4_unicode_ci NOT NULL,
  `payload` longtext COLLATE utf8mb4_unicode_ci NOT NULL,
  `exception` longtext COLLATE utf8mb4_unicode_ci NOT NULL,
  `failed_at` timestamp NOT NULL DEFAULT CURRENT_TIMESTAMP
) ENGINE=InnoDB DEFAULT CHARSET=utf8mb4 COLLATE=utf8mb4_unicode_ci;

-- --------------------------------------------------------

--
-- Table structure for table `jabatans`
--

CREATE TABLE `jabatans` (
  `id` bigint UNSIGNED NOT NULL,
  `created_at` timestamp NULL DEFAULT NULL,
  `updated_at` timestamp NULL DEFAULT NULL,
  `jabatan` varchar(255) COLLATE utf8mb4_unicode_ci NOT NULL
) ENGINE=InnoDB DEFAULT CHARSET=utf8mb4 COLLATE=utf8mb4_unicode_ci;

--
-- Dumping data for table `jabatans`
--

INSERT INTO `jabatans` (`id`, `created_at`, `updated_at`, `jabatan`) VALUES
(1, '2022-10-06 15:35:26', '2022-10-06 15:35:26', 'Apoteker'),
(3, '2022-10-25 04:49:30', '2022-10-25 04:49:30', 'Tenaga Teknis Kefarmasian'),
(4, '2022-10-28 01:47:27', '2022-10-28 01:47:27', 'SECURITY'),
(5, '2022-10-28 01:47:39', '2022-10-28 01:47:39', 'JURU RACIK');

-- --------------------------------------------------------

--
-- Table structure for table `job_batches`
--

CREATE TABLE `job_batches` (
  `id` varchar(255) COLLATE utf8mb4_unicode_ci NOT NULL,
  `name` varchar(255) COLLATE utf8mb4_unicode_ci NOT NULL,
  `total_jobs` int NOT NULL,
  `pending_jobs` int NOT NULL,
  `failed_jobs` int NOT NULL,
  `failed_job_ids` text COLLATE utf8mb4_unicode_ci NOT NULL,
  `options` mediumtext COLLATE utf8mb4_unicode_ci,
  `cancelled_at` int DEFAULT NULL,
  `created_at` int NOT NULL,
  `finished_at` int DEFAULT NULL
) ENGINE=InnoDB DEFAULT CHARSET=utf8mb4 COLLATE=utf8mb4_unicode_ci;

-- --------------------------------------------------------

--
-- Table structure for table `migrations`
--

CREATE TABLE `migrations` (
  `id` int UNSIGNED NOT NULL,
  `migration` varchar(255) COLLATE utf8mb4_unicode_ci NOT NULL,
  `batch` int NOT NULL
) ENGINE=InnoDB DEFAULT CHARSET=utf8mb4 COLLATE=utf8mb4_unicode_ci;

--
-- Dumping data for table `migrations`
--

INSERT INTO `migrations` (`id`, `migration`, `batch`) VALUES
(1, '2014_10_12_000000_create_users_table', 1),
(2, '2014_10_12_100000_create_password_resets_table', 2),
(3, '2019_08_19_000000_create_failed_jobs_table', 3),
(4, '2019_12_14_000001_create_personal_access_tokens_table', 4),
(5, '2022_09_25_053343_create_jabatans_table', 5),
(6, '2022_09_25_084443_create_salaries_table', 6),
(7, '2022_09_24_061949_create_employees_table', 7),
(8, '2022_09_25_060248_create_shifts_table', 8),
(9, '2022_09_25_110147_create_schedules_table', 9),
(10, '2022_09_25_115848_create_attendances_table', 10),
(11, '2022_09_26_162628_create_job_batches_table', 11),
(12, '2022_09_27_225603_create_settings_table', 12),
(13, '2022_10_04_080711_create_payments_table', 13),
(20, '2023_09_25_203750_create_superrs_table', 14),
(21, '2023_10_02_202541_tambah_kolom_role_ke_users', 15),
(22, '2023_10_09_203506_tambah_kolom_ke_settings', 16),
(23, '2023_10_09_204720_tambah_kolom_ke_employees', 16);

-- --------------------------------------------------------

--
-- Table structure for table `password_resets`
--

CREATE TABLE `password_resets` (
  `email` varchar(255) COLLATE utf8mb4_unicode_ci NOT NULL,
  `token` varchar(255) COLLATE utf8mb4_unicode_ci NOT NULL,
  `created_at` timestamp NULL DEFAULT NULL
) ENGINE=InnoDB DEFAULT CHARSET=utf8mb4 COLLATE=utf8mb4_unicode_ci;

-- --------------------------------------------------------

--
-- Table structure for table `payments`
--

CREATE TABLE `payments` (
  `id` bigint UNSIGNED NOT NULL,
  `employees_id` bigint UNSIGNED NOT NULL,
  `month` int NOT NULL,
  `year` int NOT NULL,
  `lembur` int NOT NULL,
  `telat` int NOT NULL,
  `tidak_masuk` int NOT NULL,
  `makan` int NOT NULL,
  `transport` int NOT NULL,
  `potongan` int NOT NULL,
  `payment` int NOT NULL,
  `created_at` timestamp NULL DEFAULT NULL,
  `updated_at` timestamp NULL DEFAULT NULL
) ENGINE=InnoDB DEFAULT CHARSET=utf8mb4 COLLATE=utf8mb4_unicode_ci;

--
-- Dumping data for table `payments`
--

INSERT INTO `payments` (`id`, `employees_id`, `month`, `year`, `lembur`, `telat`, `tidak_masuk`, `makan`, `transport`, `potongan`, `payment`, `created_at`, `updated_at`) VALUES
(3, 16, 10, 2022, 0, 0, 0, 0, 0, 28055, 2771945, '2022-10-28 09:57:27', '2022-10-28 09:57:27'),
(4, 16, 11, 2022, 0, 0, 2, 360000, 240000, 28055, 3371945, '2022-11-20 01:12:53', '2022-11-21 14:21:16'),
(5, 19, 11, 2022, 0, 0, 2, 390000, 260000, 28055, 1471945, '2022-11-20 01:17:57', '2022-11-20 01:17:57'),
(6, 20, 11, 2022, 0, 0, 0, 390000, 260000, 28055, 1471945, '2022-11-20 01:19:10', '2022-11-20 01:19:10'),
(7, 21, 11, 2022, 0, 0, 0, 390000, 260000, 28055, 1471945, '2022-11-20 01:20:21', '2022-11-20 01:20:21'),
(8, 22, 11, 2022, 0, 0, 0, 405000, 270000, 28055, 1471945, '2022-11-20 01:21:07', '2022-11-20 01:21:07'),
(9, 23, 11, 2022, 0, 1, 0, 375000, 250000, 28055, 971945, '2022-11-20 01:23:12', '2022-11-20 01:23:12'),
(10, 24, 11, 2022, 0, 0, 1, 375000, 250000, 0, 1500000, '2022-11-20 01:24:10', '2022-11-20 01:24:10'),
(11, 16, 12, 2022, 0, 0, 6, 360000, 240000, 28055, 3371945, '2022-12-20 09:13:48', '2022-12-20 16:07:11'),
(12, 19, 12, 2022, 0, 0, 3, 390000, 260000, 28055, 2121945, '2022-12-20 09:15:32', '2022-12-20 09:15:32'),
(13, 20, 12, 2022, 0, 0, 3, 390000, 260000, 28055, 2121945, '2022-12-20 09:17:17', '2022-12-20 09:17:17'),
(14, 21, 12, 2022, 0, 0, 4, 375000, 250000, 28055, 2096945, '2022-12-20 09:19:26', '2022-12-20 09:19:26'),
(15, 22, 12, 2022, 0, 0, 3, 390000, 260000, 28055, 2121945, '2022-12-20 10:12:49', '2022-12-20 10:12:49'),
(16, 23, 12, 2022, 0, 0, 3, 390000, 260000, 28055, 1621945, '2022-12-20 10:15:22', '2022-12-20 10:15:22'),
(17, 24, 12, 2022, 0, 0, 4, 390000, 260000, 0, 2150000, '2022-12-20 10:18:15', '2022-12-20 10:18:15'),
(18, 16, 1, 2023, 0, 0, 2, 345000, 230000, 28055, 3346945, '2023-01-21 03:10:48', '2023-01-21 07:21:29'),
(19, 19, 1, 2023, 0, 0, 0, 330000, 220000, 28055, 2021945, '2023-01-21 07:23:52', '2023-01-21 07:23:52'),
(20, 20, 1, 2023, 0, 0, 0, 330000, 220000, 28055, 2021945, '2023-01-21 07:24:12', '2023-01-21 07:24:12'),
(21, 16, 2, 2023, 0, 0, 1, 330000, 220000, 28055, 3321945, '2023-02-21 06:41:01', '2023-02-21 06:41:01'),
(22, 20, 2, 2023, 0, 0, 0, 330000, 220000, 28055, 2021945, '2023-02-21 06:43:43', '2023-02-21 06:43:43'),
(23, 19, 2, 2023, 0, 0, 0, 330000, 220000, 28055, 2021945, '2023-02-21 06:44:28', '2023-02-21 06:44:28'),
(24, 21, 2, 2023, 0, 0, 0, 360000, 240000, 28055, 2071945, '2023-02-21 06:49:04', '2023-02-21 06:49:04'),
(25, 24, 2, 2023, 0, 0, 4, 360000, 240000, 0, 2100000, '2023-02-21 06:50:32', '2023-02-21 06:50:32'),
(26, 22, 2, 2023, 0, 0, 1, 315000, 210000, 28055, 1996945, '2023-02-21 06:51:23', '2023-02-21 06:55:32'),
(27, 23, 2, 2023, 0, 0, 8, 315000, 210000, 28055, 1496945, '2023-02-21 06:54:33', '2023-02-21 06:54:33');

-- --------------------------------------------------------

--
-- Table structure for table `personal_access_tokens`
--

CREATE TABLE `personal_access_tokens` (
  `id` bigint UNSIGNED NOT NULL,
  `tokenable_type` varchar(255) COLLATE utf8mb4_unicode_ci NOT NULL,
  `tokenable_id` bigint UNSIGNED NOT NULL,
  `name` varchar(255) COLLATE utf8mb4_unicode_ci NOT NULL,
  `token` varchar(64) COLLATE utf8mb4_unicode_ci NOT NULL,
  `abilities` text COLLATE utf8mb4_unicode_ci,
  `last_used_at` timestamp NULL DEFAULT NULL,
  `expires_at` timestamp NULL DEFAULT NULL,
  `created_at` timestamp NULL DEFAULT NULL,
  `updated_at` timestamp NULL DEFAULT NULL
) ENGINE=InnoDB DEFAULT CHARSET=utf8mb4 COLLATE=utf8mb4_unicode_ci;

-- --------------------------------------------------------

--
-- Table structure for table `salaries`
--

CREATE TABLE `salaries` (
  `id` bigint UNSIGNED NOT NULL,
  `jabatan_id` bigint UNSIGNED NOT NULL,
  `salary` int NOT NULL,
  `makan` int NOT NULL,
  `transport` int NOT NULL,
  `lembur` int NOT NULL,
  `potongan` int NOT NULL,
  `created_at` timestamp NULL DEFAULT NULL,
  `updated_at` timestamp NULL DEFAULT NULL
) ENGINE=InnoDB DEFAULT CHARSET=utf8mb4 COLLATE=utf8mb4_unicode_ci;

--
-- Dumping data for table `salaries`
--

INSERT INTO `salaries` (`id`, `jabatan_id`, `salary`, `makan`, `transport`, `lembur`, `potongan`, `created_at`, `updated_at`) VALUES
(3, 1, 2800000, 15000, 10000, 0, 28055, '2022-10-28 01:50:35', '2022-10-28 01:51:17'),
(4, 3, 1500000, 15000, 10000, 0, 28055, '2022-10-28 01:52:44', '2022-10-28 01:52:44'),
(5, 5, 1000000, 15000, 10000, 0, 28055, '2022-10-28 01:53:15', '2022-10-28 01:53:15'),
(6, 4, 1500000, 15000, 10000, 0, 0, '2022-10-28 01:53:43', '2022-10-28 01:53:43');

-- --------------------------------------------------------

--
-- Table structure for table `schedules`
--

CREATE TABLE `schedules` (
  `id` bigint UNSIGNED NOT NULL,
  `employees_id` bigint UNSIGNED NOT NULL,
  `shifts_id` bigint UNSIGNED NOT NULL,
  `dates` date NOT NULL,
  `created_at` timestamp NULL DEFAULT NULL,
  `updated_at` timestamp NULL DEFAULT NULL
) ENGINE=InnoDB DEFAULT CHARSET=utf8mb4 COLLATE=utf8mb4_unicode_ci;

--
-- Dumping data for table `schedules`
--

INSERT INTO `schedules` (`id`, `employees_id`, `shifts_id`, `dates`, `created_at`, `updated_at`) VALUES
(13, 19, 1, '2022-10-21', '2022-10-28 01:59:16', '2022-10-28 01:59:16'),
(14, 19, 3, '2022-10-23', '2022-10-28 01:59:16', '2022-10-28 09:58:33'),
(15, 19, 1, '2022-10-24', '2022-10-28 01:59:16', '2022-10-28 01:59:16'),
(16, 19, 2, '2022-10-25', '2022-10-28 01:59:16', '2022-10-28 01:59:16'),
(17, 19, 2, '2022-10-26', '2022-10-28 01:59:16', '2022-10-28 01:59:16'),
(18, 19, 2, '2022-10-27', '2022-10-28 01:59:16', '2022-10-28 01:59:16'),
(19, 19, 1, '2022-10-28', '2022-10-28 01:59:16', '2022-10-28 01:59:16'),
(22, 20, 1, '2022-10-21', '2022-10-28 13:51:45', '2022-10-28 13:51:45'),
(23, 20, 2, '2022-10-22', '2022-10-28 13:51:45', '2022-10-28 13:51:45'),
(24, 20, 2, '2022-10-24', '2022-10-28 13:51:45', '2022-10-28 13:51:45'),
(25, 20, 1, '2022-10-25', '2022-10-28 13:51:45', '2022-10-28 13:51:45'),
(26, 20, 2, '2022-10-26', '2022-10-28 13:51:45', '2022-10-28 13:51:45'),
(27, 20, 2, '2022-10-27', '2022-10-28 13:51:45', '2022-10-28 13:51:45'),
(28, 20, 2, '2022-10-28', '2022-10-28 13:51:45', '2022-10-28 13:51:45'),
(29, 20, 1, '2022-10-29', '2022-10-28 13:51:45', '2022-10-28 13:51:45'),
(30, 19, 3, '2022-10-30', '2022-10-28 13:52:35', '2022-10-31 01:16:28'),
(31, 21, 2, '2022-10-21', '2022-10-28 13:54:40', '2022-10-28 13:54:40'),
(32, 21, 2, '2022-10-22', '2022-10-28 13:54:40', '2022-10-28 13:54:40'),
(33, 21, 2, '2022-10-24', '2022-10-28 13:54:40', '2022-10-28 13:54:40'),
(34, 21, 1, '2022-10-25', '2022-10-28 13:54:40', '2022-10-28 13:54:40'),
(35, 21, 1, '2022-10-26', '2022-10-28 13:54:40', '2022-10-28 13:54:40'),
(36, 21, 2, '2022-10-27', '2022-10-28 13:54:40', '2022-10-28 13:54:40'),
(37, 21, 2, '2022-10-28', '2022-10-28 13:54:40', '2022-10-28 13:54:40'),
(38, 21, 2, '2022-10-29', '2022-10-28 13:54:40', '2022-10-28 13:54:40'),
(39, 22, 2, '2022-10-21', '2022-10-28 13:56:04', '2022-10-28 13:56:04'),
(40, 22, 2, '2022-10-22', '2022-10-28 13:56:04', '2022-10-28 13:56:04'),
(41, 22, 3, '2022-10-23', '2022-10-28 13:56:04', '2022-10-28 13:56:04'),
(42, 22, 1, '2022-10-24', '2022-10-28 13:56:04', '2022-10-28 13:56:04'),
(43, 22, 2, '2022-10-25', '2022-10-28 13:56:04', '2022-10-28 13:56:04'),
(44, 22, 1, '2022-10-26', '2022-10-28 13:56:04', '2022-10-28 13:56:04'),
(45, 22, 2, '2022-10-28', '2022-10-28 13:56:04', '2022-10-28 13:56:04'),
(46, 22, 2, '2022-10-29', '2022-10-28 13:56:04', '2022-10-28 13:56:04'),
(47, 22, 3, '2022-10-30', '2022-10-28 13:56:04', '2022-10-28 13:56:04'),
(48, 23, 2, '2022-10-21', '2022-10-28 13:57:25', '2022-10-28 13:57:25'),
(49, 23, 1, '2022-10-22', '2022-10-28 13:57:25', '2022-10-28 13:57:25'),
(50, 23, 2, '2022-10-24', '2022-10-28 13:57:25', '2022-10-28 13:57:25'),
(51, 23, 2, '2022-10-25', '2022-10-28 13:57:25', '2022-10-28 13:57:25'),
(52, 23, 2, '2022-10-26', '2022-10-28 13:57:25', '2022-10-28 13:57:25'),
(53, 23, 1, '2022-10-27', '2022-10-28 13:57:25', '2022-10-28 13:57:25'),
(54, 23, 1, '2022-10-28', '2022-10-28 13:57:25', '2022-10-28 13:57:25'),
(55, 23, 2, '2022-10-29', '2022-10-28 13:57:25', '2022-10-28 13:57:25'),
(56, 24, 2, '2022-10-21', '2022-10-28 13:58:32', '2022-10-28 13:58:32'),
(57, 24, 2, '2022-10-22', '2022-10-28 13:58:32', '2022-10-28 13:58:32'),
(58, 24, 2, '2022-10-24', '2022-10-28 13:58:32', '2022-10-28 13:58:32'),
(59, 24, 2, '2022-10-25', '2022-10-28 13:58:32', '2022-10-28 13:58:32'),
(60, 24, 2, '2022-10-26', '2022-10-28 13:58:32', '2022-10-28 13:58:32'),
(61, 24, 2, '2022-10-27', '2022-10-28 13:58:32', '2022-10-28 13:58:32'),
(62, 24, 2, '2022-10-28', '2022-10-28 13:58:32', '2022-10-28 13:58:32'),
(63, 24, 2, '2022-10-29', '2022-10-28 13:58:32', '2022-10-28 13:58:32'),
(64, 16, 6, '2022-10-21', '2022-10-28 14:02:51', '2022-10-28 14:02:51'),
(65, 16, 6, '2022-10-22', '2022-10-28 14:02:51', '2022-10-28 14:02:51'),
(66, 16, 6, '2022-10-24', '2022-10-28 14:02:51', '2022-10-28 14:02:51'),
(67, 16, 6, '2022-10-25', '2022-10-28 14:02:51', '2022-10-28 14:02:51'),
(68, 16, 6, '2022-10-26', '2022-10-28 14:02:51', '2022-10-28 14:02:51'),
(69, 16, 6, '2022-10-27', '2022-10-28 14:02:51', '2022-10-28 14:02:51'),
(70, 16, 6, '2022-10-28', '2022-10-28 14:02:51', '2022-10-28 14:02:51'),
(71, 16, 7, '2022-10-29', '2022-10-28 14:02:51', '2022-10-29 07:46:06'),
(72, 16, 8, '2022-10-31', '2022-10-30 20:04:04', '2022-10-31 04:14:51'),
(73, 16, 6, '2022-11-01', '2022-10-30 20:04:04', '2022-10-30 20:04:04'),
(74, 16, 6, '2022-11-02', '2022-10-30 20:04:04', '2022-10-30 20:04:04'),
(75, 16, 6, '2022-11-03', '2022-10-30 20:04:04', '2022-10-30 20:04:04'),
(76, 16, 6, '2022-11-04', '2022-10-30 20:04:04', '2022-10-30 20:04:04'),
(77, 16, 6, '2022-11-05', '2022-10-30 20:04:04', '2022-10-30 20:04:04'),
(78, 24, 2, '2022-10-31', '2022-10-30 20:06:11', '2022-10-30 20:06:11'),
(79, 24, 2, '2022-11-01', '2022-10-30 20:06:11', '2022-10-30 20:06:11'),
(80, 24, 2, '2022-11-02', '2022-10-30 20:06:11', '2022-10-30 20:06:11'),
(81, 24, 2, '2022-11-03', '2022-10-30 20:06:11', '2022-10-30 20:06:11'),
(82, 24, 2, '2022-11-04', '2022-10-30 20:06:11', '2022-10-30 20:06:11'),
(83, 24, 2, '2022-11-05', '2022-10-30 20:06:11', '2022-10-30 20:06:11'),
(84, 19, 1, '2022-10-31', '2022-10-30 20:07:38', '2022-10-30 20:07:38'),
(85, 19, 2, '2022-11-01', '2022-10-30 20:07:38', '2022-10-30 20:07:38'),
(86, 19, 2, '2022-11-02', '2022-10-30 20:07:38', '2022-10-30 20:07:38'),
(87, 19, 2, '2022-11-03', '2022-10-30 20:07:38', '2022-10-30 20:07:38'),
(88, 19, 2, '2022-10-04', '2022-10-30 20:07:38', '2022-10-30 20:07:38'),
(89, 19, 1, '2022-10-05', '2022-10-30 20:07:38', '2022-10-30 20:07:38'),
(90, 20, 2, '2022-10-31', '2022-10-30 20:09:24', '2022-10-30 20:09:24'),
(91, 20, 2, '2022-11-01', '2022-10-30 20:09:24', '2022-10-30 20:09:24'),
(92, 20, 2, '2022-11-02', '2022-10-30 20:09:24', '2022-10-30 20:09:24'),
(93, 20, 1, '2022-11-03', '2022-10-30 20:09:24', '2022-10-30 20:09:24'),
(94, 20, 1, '2022-11-04', '2022-10-30 20:09:24', '2022-10-30 20:09:24'),
(95, 20, 3, '2022-11-06', '2022-10-30 20:09:24', '2022-10-30 20:09:24'),
(96, 21, 2, '2022-10-31', '2022-10-30 20:11:21', '2022-10-30 20:11:21'),
(97, 21, 1, '2022-11-01', '2022-10-30 20:11:21', '2022-10-30 20:11:21'),
(98, 21, 1, '2022-11-02', '2022-10-30 20:11:21', '2022-10-30 20:11:21'),
(99, 21, 2, '2022-11-04', '2022-10-30 20:11:21', '2022-10-30 20:11:21'),
(100, 21, 2, '2022-11-05', '2022-10-30 20:11:21', '2022-10-30 20:11:21'),
(101, 21, 3, '2022-11-06', '2022-10-30 20:11:21', '2022-10-30 20:11:21'),
(102, 22, 1, '2022-10-31', '2022-10-30 20:12:48', '2022-10-30 20:12:48'),
(103, 22, 2, '2022-11-01', '2022-10-30 20:12:48', '2022-10-30 20:12:48'),
(104, 22, 1, '2022-11-02', '2022-10-30 20:12:48', '2022-10-30 20:12:48'),
(105, 22, 2, '2022-11-03', '2022-10-30 20:12:48', '2022-10-30 20:12:48'),
(106, 22, 2, '2022-11-04', '2022-10-30 20:12:48', '2022-10-30 20:12:48'),
(107, 22, 2, '2022-11-05', '2022-10-30 20:12:48', '2022-10-30 20:12:48'),
(108, 23, 2, '2022-10-31', '2022-10-30 20:14:42', '2022-10-30 20:14:42'),
(109, 23, 1, '2022-11-01', '2022-10-30 20:14:42', '2022-10-30 20:14:42'),
(110, 23, 2, '2022-11-02', '2022-10-30 20:14:42', '2022-10-30 20:14:42'),
(111, 23, 2, '2022-11-03', '2022-10-30 20:14:42', '2022-10-30 20:14:42'),
(112, 23, 1, '2022-11-04', '2022-10-30 20:14:42', '2022-10-30 20:14:42'),
(113, 23, 2, '2022-11-05', '2022-10-30 20:14:42', '2022-10-30 20:14:42'),
(114, 19, 2, '2022-11-04', '2022-11-04 08:53:19', '2022-11-04 08:53:19'),
(115, 19, 1, '2022-11-05', '2022-11-06 05:38:38', '2022-11-06 05:38:38'),
(116, 19, 2, '2022-11-07', '2022-11-06 06:05:12', '2022-11-06 06:05:12'),
(117, 19, 2, '2022-11-08', '2022-11-06 06:05:12', '2022-11-06 06:05:12'),
(118, 19, 1, '2022-11-09', '2022-11-06 06:05:12', '2022-11-06 06:05:12'),
(119, 19, 2, '2022-11-10', '2022-11-06 06:05:12', '2022-11-06 06:05:12'),
(120, 19, 1, '2022-11-11', '2022-11-06 06:05:12', '2022-11-06 06:05:12'),
(121, 19, 3, '2022-11-13', '2022-11-06 06:05:12', '2022-11-06 06:05:12'),
(122, 20, 2, '2022-11-07', '2022-11-06 06:07:15', '2022-11-06 06:07:15'),
(123, 20, 2, '2022-11-08', '2022-11-06 06:07:15', '2022-11-06 06:07:15'),
(124, 20, 1, '2022-11-09', '2022-11-06 06:07:15', '2022-11-06 06:07:15'),
(125, 20, 2, '2022-11-11', '2022-11-06 06:07:15', '2022-11-06 06:07:15'),
(126, 20, 1, '2022-11-12', '2022-11-06 06:07:15', '2022-11-06 06:07:15'),
(127, 20, 3, '2022-11-13', '2022-11-06 06:07:15', '2022-11-06 06:07:15'),
(128, 21, 1, '2022-11-07', '2022-11-06 06:08:42', '2022-11-06 06:08:42'),
(129, 21, 2, '2022-11-08', '2022-11-06 06:08:42', '2022-11-06 06:08:42'),
(130, 21, 2, '2022-11-09', '2022-11-06 06:08:42', '2022-11-06 06:08:42'),
(131, 21, 1, '2022-11-10', '2022-11-06 06:08:42', '2022-11-06 06:08:42'),
(132, 21, 2, '2022-11-11', '2022-11-06 06:08:42', '2022-11-06 06:08:42'),
(133, 21, 2, '2022-11-12', '2022-11-06 06:08:42', '2022-11-06 06:08:42'),
(134, 22, 1, '2022-11-07', '2022-11-06 06:10:31', '2022-11-06 06:10:31'),
(135, 22, 1, '2022-11-08', '2022-11-06 06:10:31', '2022-11-06 06:10:31'),
(136, 22, 2, '2022-11-09', '2022-11-06 06:10:31', '2022-11-06 06:10:31'),
(137, 22, 2, '2022-11-10', '2022-11-06 06:10:31', '2022-11-06 06:10:31'),
(138, 22, 2, '2022-11-11', '2022-11-06 06:10:31', '2022-11-06 06:10:31'),
(139, 22, 2, '2022-11-12', '2022-11-06 06:10:31', '2022-11-06 06:10:31'),
(140, 23, 2, '2022-11-07', '2022-11-06 06:13:37', '2022-11-06 06:13:37'),
(141, 23, 1, '2022-11-08', '2022-11-06 06:13:37', '2022-11-06 06:13:37'),
(142, 23, 2, '2022-11-09', '2022-11-06 06:13:37', '2022-11-06 06:13:37'),
(143, 23, 2, '2022-11-10', '2022-11-06 06:13:37', '2022-11-06 06:13:37'),
(144, 23, 1, '2022-11-11', '2022-11-06 06:13:37', '2022-11-06 06:13:37'),
(145, 23, 2, '2022-11-12', '2022-11-06 06:13:37', '2022-11-06 06:13:37'),
(146, 16, 9, '2022-11-07', '2022-11-06 06:15:31', '2022-11-06 06:15:31'),
(147, 16, 9, '2022-11-08', '2022-11-06 06:15:31', '2022-11-06 06:15:31'),
(148, 16, 9, '2022-11-09', '2022-11-06 06:15:31', '2022-11-06 06:15:31'),
(149, 16, 9, '2022-11-10', '2022-11-06 06:15:31', '2022-11-06 06:15:31'),
(150, 16, 9, '2022-11-11', '2022-11-06 06:15:31', '2022-11-06 06:15:31'),
(151, 16, 9, '2022-11-12', '2022-11-06 06:15:31', '2022-11-06 06:15:31'),
(152, 24, 2, '2022-11-07', '2022-11-06 06:16:37', '2022-11-06 06:16:37'),
(153, 24, 2, '2022-11-08', '2022-11-06 06:16:37', '2022-11-06 06:16:37'),
(154, 24, 2, '2022-11-09', '2022-11-06 06:16:37', '2022-11-06 06:16:37'),
(155, 24, 2, '2022-11-10', '2022-11-06 06:16:37', '2022-11-06 06:16:37'),
(156, 24, 2, '2022-11-11', '2022-11-06 06:16:37', '2022-11-06 06:16:37'),
(157, 24, 2, '2022-11-12', '2022-11-06 06:16:37', '2022-11-06 06:16:37'),
(158, 19, 2, '2022-11-14', '2022-11-13 16:06:33', '2022-11-13 16:06:33'),
(159, 19, 2, '2022-11-15', '2022-11-13 16:06:33', '2022-11-13 16:06:33'),
(160, 19, 1, '2022-11-16', '2022-11-13 16:06:33', '2022-11-13 16:06:33'),
(161, 19, 2, '2022-11-17', '2022-11-13 16:06:33', '2022-11-13 16:06:33'),
(162, 19, 1, '2022-11-18', '2022-11-13 16:06:33', '2022-11-13 16:06:33'),
(163, 19, 3, '2022-11-20', '2022-11-13 16:06:33', '2022-11-13 16:06:33'),
(164, 20, 1, '2022-11-14', '2022-11-13 16:07:38', '2022-11-13 16:07:38'),
(165, 20, 2, '2022-11-15', '2022-11-13 16:07:38', '2022-11-13 16:07:38'),
(166, 20, 2, '2022-11-16', '2022-11-13 16:07:38', '2022-11-13 16:07:38'),
(167, 20, 1, '2022-11-17', '2022-11-13 16:07:38', '2022-11-13 16:07:38'),
(168, 20, 2, '2022-11-18', '2022-11-13 16:07:38', '2022-11-13 16:07:38'),
(169, 20, 2, '2022-11-19', '2022-11-13 16:07:38', '2022-11-13 16:07:38'),
(170, 21, 1, '2022-11-14', '2022-11-13 16:09:00', '2022-11-13 16:09:00'),
(171, 21, 1, '2022-11-15', '2022-11-13 16:09:00', '2022-11-13 16:09:00'),
(172, 21, 2, '2022-11-16', '2022-11-13 16:09:00', '2022-11-13 16:09:00'),
(173, 21, 2, '2022-11-17', '2022-11-13 16:09:00', '2022-11-13 16:09:00'),
(174, 21, 2, '2022-11-18', '2022-11-13 16:09:00', '2022-11-13 16:09:00'),
(175, 21, 2, '2022-11-19', '2022-11-13 16:09:00', '2022-11-13 16:09:00'),
(176, 22, 2, '2022-11-14', '2022-11-13 16:10:08', '2022-11-13 16:10:08'),
(177, 22, 2, '2022-11-15', '2022-11-13 16:10:08', '2022-11-13 16:10:08'),
(178, 22, 2, '2022-11-16', '2022-11-13 16:10:08', '2022-11-13 16:10:08'),
(179, 22, 2, '2022-11-17', '2022-11-13 16:10:08', '2022-11-13 16:10:08'),
(180, 22, 1, '2022-11-18', '2022-11-13 16:10:08', '2022-11-13 16:10:08'),
(181, 22, 1, '2022-11-19', '2022-11-13 16:10:08', '2022-11-13 16:10:08'),
(182, 23, 2, '2022-11-14', '2022-11-13 16:11:14', '2022-11-13 16:11:14'),
(183, 23, 1, '2022-11-15', '2022-11-13 16:11:14', '2022-11-13 16:11:14'),
(184, 23, 1, '2022-11-16', '2022-11-13 16:11:14', '2022-11-13 16:11:14'),
(185, 23, 2, '2022-11-18', '2022-11-13 16:11:14', '2022-11-13 16:11:14'),
(186, 23, 2, '2022-11-19', '2022-11-13 16:11:14', '2022-11-13 16:11:14'),
(187, 23, 3, '2022-11-20', '2022-11-13 16:11:14', '2022-11-13 16:11:14'),
(188, 16, 9, '2022-11-14', '2022-11-13 16:12:02', '2022-11-13 16:12:02'),
(189, 16, 9, '2022-11-15', '2022-11-13 16:12:02', '2022-11-13 16:12:02'),
(190, 16, 9, '2022-11-16', '2022-11-13 16:12:02', '2022-11-13 16:12:02'),
(191, 16, 9, '2022-11-17', '2022-11-13 16:12:02', '2022-11-13 16:12:02'),
(192, 16, 9, '2022-11-18', '2022-11-13 16:12:02', '2022-11-13 16:12:02'),
(193, 16, 9, '2022-11-19', '2022-11-13 16:12:02', '2022-11-13 16:12:02'),
(194, 24, 2, '2022-11-14', '2022-11-13 16:12:55', '2022-11-13 16:12:55'),
(195, 24, 2, '2022-11-15', '2022-11-13 16:12:55', '2022-11-13 16:12:55'),
(196, 24, 2, '2022-11-16', '2022-11-13 16:12:55', '2022-11-13 16:12:55'),
(197, 24, 2, '2022-11-17', '2022-11-13 16:12:55', '2022-11-13 16:12:55'),
(198, 24, 2, '2022-11-18', '2022-11-13 16:12:55', '2022-11-13 16:12:55'),
(199, 24, 2, '2022-11-19', '2022-11-13 16:12:55', '2022-11-13 16:12:55'),
(200, 19, 2, '2022-11-21', '2022-11-21 04:22:58', '2022-11-21 04:22:58'),
(201, 19, 2, '2022-11-22', '2022-11-21 04:22:58', '2022-11-21 04:22:58'),
(202, 19, 2, '2022-11-23', '2022-11-21 04:22:58', '2022-11-21 04:22:58'),
(203, 19, 2, '2022-11-24', '2022-11-21 04:22:58', '2022-11-21 04:22:58'),
(204, 19, 1, '2022-11-25', '2022-11-21 04:22:58', '2022-11-21 04:22:58'),
(205, 19, 1, '2022-11-26', '2022-11-21 04:22:58', '2022-11-21 04:22:58'),
(206, 20, 1, '2022-11-21', '2022-11-21 04:24:15', '2022-11-21 04:24:15'),
(207, 20, 2, '2022-11-22', '2022-11-21 04:24:15', '2022-11-21 04:24:15'),
(208, 20, 1, '2022-11-23', '2022-11-21 04:24:15', '2022-11-21 04:24:15'),
(209, 20, 2, '2022-11-24', '2022-11-21 04:24:15', '2022-11-21 04:24:15'),
(210, 20, 2, '2022-11-25', '2022-11-21 04:24:15', '2022-11-21 04:24:15'),
(211, 20, 2, '2022-11-26', '2022-11-21 04:24:15', '2022-11-21 04:24:15'),
(212, 21, 2, '2022-11-21', '2022-11-21 04:25:52', '2022-11-21 04:25:52'),
(213, 21, 1, '2022-11-22', '2022-11-21 04:25:52', '2022-11-21 04:25:52'),
(214, 21, 2, '2022-11-23', '2022-11-21 04:25:52', '2022-11-21 04:25:52'),
(215, 21, 1, '2022-11-24', '2022-11-21 04:25:52', '2022-11-21 04:25:52'),
(216, 21, 2, '2022-11-25', '2022-11-21 04:25:52', '2022-11-21 04:25:52'),
(217, 21, 2, '2022-11-26', '2022-11-21 04:25:52', '2022-11-21 04:25:52'),
(218, 22, 1, '2022-11-21', '2022-11-21 04:27:07', '2022-11-21 04:27:07'),
(219, 22, 2, '2022-11-22', '2022-11-21 04:27:07', '2022-11-21 04:27:07'),
(220, 22, 1, '2022-11-23', '2022-11-21 04:27:07', '2022-11-21 04:27:07'),
(221, 22, 2, '2022-11-24', '2022-11-21 04:27:07', '2022-11-21 04:27:07'),
(222, 22, 2, '2022-11-25', '2022-11-21 04:27:07', '2022-11-21 04:27:07'),
(223, 22, 3, '2022-11-27', '2022-11-21 04:27:07', '2022-11-21 04:27:07'),
(224, 23, 2, '2022-11-21', '2022-11-21 04:28:38', '2022-11-21 04:28:38'),
(225, 23, 1, '2022-11-22', '2022-11-21 04:28:38', '2022-11-21 04:28:38'),
(226, 23, 2, '2022-11-23', '2022-11-21 04:28:38', '2022-11-21 04:28:38'),
(227, 23, 1, '2022-11-24', '2022-11-21 04:28:38', '2022-11-21 04:28:38'),
(228, 23, 2, '2022-11-26', '2022-11-21 04:28:38', '2022-11-21 04:28:38'),
(229, 23, 3, '2022-11-27', '2022-11-21 04:28:38', '2022-11-21 04:28:38'),
(230, 16, 9, '2022-11-21', '2022-11-21 04:29:27', '2022-11-21 04:29:27'),
(231, 16, 9, '2022-11-22', '2022-11-21 04:29:27', '2022-11-21 04:29:27'),
(232, 16, 9, '2022-11-23', '2022-11-21 04:29:27', '2022-11-21 04:29:27'),
(233, 16, 9, '2022-11-24', '2022-11-21 04:29:27', '2022-11-21 04:29:27'),
(234, 16, 9, '2022-11-25', '2022-11-21 04:29:27', '2022-11-21 04:29:27'),
(235, 16, 9, '2022-11-26', '2022-11-21 04:29:27', '2022-11-21 04:29:27'),
(236, 24, 2, '2022-11-21', '2022-11-21 04:30:26', '2022-11-21 04:30:26'),
(237, 24, 2, '2022-11-22', '2022-11-21 04:30:26', '2022-11-21 04:30:26'),
(238, 24, 2, '2022-11-23', '2022-11-21 04:30:26', '2022-11-21 04:30:26'),
(239, 24, 2, '2022-11-24', '2022-11-21 04:30:26', '2022-11-21 04:30:26'),
(240, 24, 2, '2022-11-25', '2022-11-21 04:30:26', '2022-11-21 04:30:26'),
(241, 24, 2, '2022-11-26', '2022-11-21 04:30:26', '2022-11-21 04:30:26'),
(242, 16, 9, '2022-11-28', '2022-11-27 14:46:59', '2022-11-27 14:46:59'),
(243, 16, 9, '2022-11-29', '2022-11-27 14:46:59', '2022-11-27 14:46:59'),
(244, 16, 9, '2022-11-30', '2022-11-27 14:46:59', '2022-11-27 14:46:59'),
(245, 16, 9, '2022-12-01', '2022-11-27 14:46:59', '2022-11-27 14:46:59'),
(246, 16, 9, '2022-12-02', '2022-11-27 14:46:59', '2022-11-27 14:46:59'),
(247, 16, 9, '2022-12-03', '2022-11-27 14:46:59', '2022-11-27 14:46:59'),
(248, 24, 2, '2022-11-28', '2022-11-27 14:47:46', '2022-11-27 14:47:46'),
(249, 24, 2, '2022-11-29', '2022-11-27 14:47:46', '2022-11-27 14:47:46'),
(250, 24, 2, '2022-11-30', '2022-11-27 14:47:46', '2022-11-27 14:47:46'),
(251, 24, 2, '2022-12-01', '2022-11-27 14:47:46', '2022-11-27 14:47:46'),
(252, 24, 2, '2022-12-02', '2022-11-27 14:47:46', '2022-11-27 14:47:46'),
(253, 24, 2, '2022-12-03', '2022-11-27 14:47:46', '2022-11-27 14:47:46'),
(254, 19, 1, '2022-11-28', '2022-11-27 14:48:49', '2022-11-27 14:48:49'),
(257, 19, 2, '2022-12-02', '2022-11-27 14:48:49', '2022-11-27 14:48:49'),
(258, 19, 2, '2022-12-03', '2022-11-27 14:48:49', '2022-11-27 14:48:49'),
(259, 19, 3, '2022-12-04', '2022-11-27 14:48:49', '2022-11-27 14:48:49'),
(260, 20, 2, '2022-11-28', '2022-11-27 14:49:53', '2022-11-27 14:49:53'),
(263, 20, 2, '2022-12-01', '2022-11-27 14:49:53', '2022-11-27 14:49:53'),
(264, 20, 2, '2022-12-02', '2022-11-27 14:49:53', '2022-11-27 14:49:53'),
(265, 20, 1, '2022-12-03', '2022-11-27 14:49:53', '2022-11-27 14:49:53'),
(266, 21, 2, '2022-11-28', '2022-11-27 14:51:11', '2022-11-27 14:51:11'),
(267, 21, 1, '2022-11-29', '2022-11-27 14:51:11', '2022-11-27 14:51:11'),
(269, 21, 2, '2022-12-02', '2022-11-27 14:51:11', '2022-11-27 14:51:11'),
(270, 21, 1, '2022-12-03', '2022-11-27 14:51:11', '2022-11-27 14:51:11'),
(271, 21, 3, '2022-12-04', '2022-11-27 14:51:11', '2022-11-27 14:51:11'),
(272, 22, 2, '2022-11-28', '2022-11-27 14:52:11', '2022-11-27 14:52:11'),
(273, 22, 2, '2022-11-29', '2022-11-27 14:52:11', '2022-11-27 14:52:11'),
(274, 22, 2, '2022-11-30', '2022-11-27 14:52:11', '2022-11-27 14:52:11'),
(275, 22, 1, '2022-12-01', '2022-11-27 14:52:11', '2022-11-27 14:52:11'),
(276, 22, 1, '2022-12-02', '2022-11-27 14:52:11', '2022-11-27 14:52:11'),
(277, 22, 2, '2022-12-03', '2022-11-27 14:52:11', '2022-11-27 14:52:11'),
(278, 23, 1, '2022-11-28', '2022-11-27 14:53:26', '2022-11-27 14:53:26'),
(279, 23, 2, '2022-11-29', '2022-11-27 14:53:26', '2022-11-27 14:53:26'),
(280, 23, 2, '2022-11-30', '2022-11-27 14:53:26', '2022-11-27 14:53:26'),
(281, 23, 2, '2022-12-01', '2022-11-27 14:53:26', '2022-11-27 14:53:26'),
(282, 23, 1, '2022-12-02', '2022-11-27 14:53:26', '2022-11-27 14:53:26'),
(283, 23, 2, '2022-12-03', '2022-11-27 14:53:26', '2022-11-27 14:53:26'),
(284, 19, 2, '2022-11-29', '2022-11-29 11:21:30', '2022-11-29 11:21:30'),
(285, 19, 1, '2022-11-30', '2022-11-29 11:21:30', '2022-11-29 11:21:30'),
(286, 20, 1, '2022-11-29', '2022-11-29 11:21:49', '2022-11-29 11:21:49'),
(287, 20, 2, '2022-11-30', '2022-11-29 11:21:49', '2022-11-29 11:21:49'),
(288, 21, 2, '2022-12-01', '2022-11-29 11:22:21', '2022-11-29 11:22:21'),
(289, 16, 9, '2022-12-05', '2022-12-05 01:53:08', '2022-12-05 01:53:08'),
(290, 16, 9, '2022-12-06', '2022-12-05 01:53:08', '2022-12-05 01:53:08'),
(291, 16, 9, '2022-12-07', '2022-12-05 01:53:08', '2022-12-05 01:53:08'),
(292, 16, 9, '2022-12-08', '2022-12-05 01:53:08', '2022-12-05 01:53:08'),
(293, 16, 9, '2022-12-09', '2022-12-05 01:53:08', '2022-12-05 01:53:08'),
(294, 16, 9, '2022-12-10', '2022-12-05 01:53:08', '2022-12-05 01:53:08'),
(295, 24, 2, '2022-12-05', '2022-12-05 01:53:53', '2022-12-05 01:53:53'),
(296, 24, 2, '2022-12-06', '2022-12-05 01:53:53', '2022-12-05 01:53:53'),
(297, 24, 2, '2022-12-07', '2022-12-05 01:53:53', '2022-12-05 01:53:53'),
(298, 24, 2, '2022-12-08', '2022-12-05 01:53:53', '2022-12-05 01:53:53'),
(299, 24, 2, '2022-12-09', '2022-12-05 01:53:53', '2022-12-05 01:53:53'),
(300, 24, 2, '2022-12-10', '2022-12-05 01:53:53', '2022-12-05 01:53:53'),
(301, 19, 2, '2022-12-05', '2022-12-05 01:54:49', '2022-12-05 01:54:49'),
(302, 19, 1, '2022-12-06', '2022-12-05 01:54:49', '2022-12-05 01:54:49'),
(303, 19, 2, '2022-12-07', '2022-12-05 01:54:49', '2022-12-05 01:54:49'),
(304, 19, 2, '2022-12-08', '2022-12-05 01:54:49', '2022-12-05 01:54:49'),
(305, 19, 1, '2022-12-09', '2022-12-05 01:54:49', '2022-12-05 01:54:49'),
(306, 19, 2, '2022-12-10', '2022-12-05 01:54:49', '2022-12-05 01:54:49'),
(307, 20, 2, '2022-12-05', '2022-12-05 01:55:42', '2022-12-05 01:55:42'),
(308, 20, 1, '2022-12-06', '2022-12-05 01:55:42', '2022-12-05 01:55:42'),
(309, 20, 2, '2022-12-07', '2022-12-05 01:55:42', '2022-12-05 01:55:42'),
(310, 20, 1, '2022-12-08', '2022-12-05 01:55:42', '2022-12-05 01:55:42'),
(311, 20, 2, '2022-12-09', '2022-12-05 01:55:42', '2022-12-05 01:55:42'),
(312, 20, 2, '2022-12-10', '2022-12-05 01:55:42', '2022-12-05 01:55:42'),
(313, 21, 1, '2022-12-05', '2022-12-05 01:57:01', '2022-12-05 01:57:01'),
(314, 21, 2, '2022-12-06', '2022-12-05 01:57:01', '2022-12-05 01:57:01'),
(315, 21, 1, '2022-12-07', '2022-12-05 01:57:01', '2022-12-05 01:57:01'),
(316, 21, 2, '2022-12-09', '2022-12-05 01:57:01', '2022-12-05 01:57:01'),
(317, 21, 2, '2022-12-10', '2022-12-05 01:57:01', '2022-12-05 01:57:01'),
(318, 21, 3, '2022-12-11', '2022-12-05 01:57:01', '2022-12-05 01:57:01'),
(319, 22, 2, '2022-12-05', '2022-12-05 01:57:58', '2022-12-05 01:57:58'),
(320, 22, 2, '2022-12-06', '2022-12-05 01:57:58', '2022-12-05 01:57:58'),
(321, 22, 1, '2022-12-07', '2022-12-05 01:57:58', '2022-12-05 01:57:58'),
(322, 22, 2, '2022-12-08', '2022-12-05 01:57:58', '2022-12-05 01:57:58'),
(323, 22, 2, '2022-12-09', '2022-12-05 01:57:58', '2022-12-05 01:57:58'),
(324, 22, 1, '2022-12-10', '2022-12-05 01:57:58', '2022-12-05 01:57:58'),
(325, 23, 1, '2022-12-05', '2022-12-05 01:59:09', '2022-12-05 01:59:09'),
(326, 23, 2, '2022-12-06', '2022-12-05 01:59:09', '2022-12-05 01:59:09'),
(327, 23, 2, '2022-12-07', '2022-12-05 01:59:09', '2022-12-05 01:59:09'),
(328, 23, 2, '2022-12-08', '2022-12-05 01:59:09', '2022-12-05 01:59:09'),
(329, 23, 1, '2022-12-09', '2022-12-05 01:59:09', '2022-12-05 01:59:09'),
(330, 23, 3, '2022-12-11', '2022-12-05 01:59:09', '2022-12-05 01:59:09'),
(331, 16, 9, '2022-12-12', '2022-12-11 17:47:24', '2022-12-11 17:47:24'),
(332, 16, 9, '2022-12-13', '2022-12-11 17:47:24', '2022-12-11 17:47:24'),
(333, 16, 9, '2022-12-14', '2022-12-11 17:47:24', '2022-12-11 17:47:24'),
(334, 16, 9, '2022-12-15', '2022-12-11 17:47:24', '2022-12-11 17:47:24'),
(335, 16, 9, '2022-12-16', '2022-12-11 17:47:24', '2022-12-11 17:47:24'),
(336, 16, 9, '2022-12-17', '2022-12-11 17:47:24', '2022-12-11 17:47:24'),
(337, 24, 2, '2022-12-12', '2022-12-11 17:48:11', '2022-12-11 17:48:11'),
(338, 24, 2, '2022-12-13', '2022-12-11 17:48:11', '2022-12-11 17:48:11'),
(339, 24, 2, '2022-12-14', '2022-12-11 17:48:11', '2022-12-11 17:48:11'),
(340, 24, 2, '2022-12-15', '2022-12-11 17:48:11', '2022-12-11 17:48:11'),
(341, 24, 2, '2022-12-16', '2022-12-11 17:48:11', '2022-12-11 17:48:11'),
(342, 24, 2, '2022-12-17', '2022-12-11 17:48:11', '2022-12-11 17:48:11'),
(343, 19, 2, '2022-12-12', '2022-12-11 17:49:05', '2022-12-11 17:49:05'),
(344, 19, 2, '2022-12-13', '2022-12-11 17:49:05', '2022-12-11 17:49:05'),
(345, 19, 2, '2022-12-14', '2022-12-11 17:49:05', '2022-12-11 17:49:05'),
(346, 19, 1, '2022-12-15', '2022-12-11 17:49:05', '2022-12-11 17:49:05'),
(347, 19, 2, '2022-12-16', '2022-12-11 17:49:05', '2022-12-11 17:49:05'),
(348, 19, 1, '2022-12-17', '2022-12-11 17:49:05', '2022-12-11 17:49:05'),
(349, 20, 2, '2022-12-12', '2022-12-11 17:50:01', '2022-12-11 17:50:01'),
(350, 20, 2, '2022-12-13', '2022-12-11 17:50:01', '2022-12-11 17:50:01'),
(351, 20, 2, '2022-12-14', '2022-12-11 17:50:01', '2022-12-11 17:50:01'),
(352, 20, 2, '2022-12-15', '2022-12-11 17:50:01', '2022-12-11 17:50:01'),
(353, 20, 1, '2022-12-16', '2022-12-11 17:50:01', '2022-12-11 17:50:01'),
(354, 20, 1, '2022-12-17', '2022-12-11 17:50:01', '2022-12-11 17:50:01'),
(355, 21, 1, '2022-12-12', '2022-12-11 17:50:49', '2022-12-11 17:50:49'),
(356, 21, 1, '2022-12-13', '2022-12-11 17:50:49', '2022-12-11 17:50:49'),
(357, 21, 2, '2022-12-15', '2022-12-11 17:50:49', '2022-12-11 17:50:49'),
(358, 21, 2, '2022-12-16', '2022-12-11 17:50:49', '2022-12-11 17:50:49'),
(359, 21, 2, '2022-12-17', '2022-12-11 17:50:49', '2022-12-11 17:50:49'),
(360, 21, 3, '2022-12-18', '2022-12-11 17:50:49', '2022-12-11 17:50:49'),
(361, 22, 2, '2022-12-12', '2022-12-11 17:52:07', '2022-12-11 17:52:07'),
(362, 22, 1, '2022-12-13', '2022-12-11 17:52:07', '2022-12-11 17:52:07'),
(363, 22, 1, '2022-12-14', '2022-12-11 17:52:07', '2022-12-11 17:52:07'),
(364, 22, 2, '2022-12-16', '2022-12-11 17:52:07', '2022-12-11 17:52:07'),
(365, 22, 2, '2022-12-17', '2022-12-11 17:52:07', '2022-12-11 17:52:07'),
(366, 22, 3, '2022-12-18', '2022-12-11 17:52:07', '2022-12-11 17:52:07'),
(367, 23, 1, '2022-12-12', '2022-12-11 17:53:02', '2022-12-11 17:53:02'),
(368, 23, 2, '2022-12-13', '2022-12-11 17:53:02', '2022-12-11 17:53:02'),
(369, 23, 2, '2022-12-14', '2022-12-11 17:53:02', '2022-12-11 17:53:02'),
(370, 23, 2, '2022-12-15', '2022-12-11 17:53:02', '2022-12-11 17:53:02'),
(371, 23, 1, '2022-12-16', '2022-12-11 17:53:02', '2022-12-11 17:53:02'),
(372, 23, 2, '2022-12-17', '2022-12-11 17:53:02', '2022-12-11 17:53:02'),
(373, 16, 9, '2022-12-19', '2022-12-18 01:23:58', '2022-12-18 01:23:58'),
(374, 16, 9, '2022-12-20', '2022-12-18 01:23:58', '2022-12-18 01:23:58'),
(375, 16, 9, '2022-12-21', '2022-12-18 01:23:58', '2022-12-18 01:23:58'),
(376, 16, 9, '2022-12-22', '2022-12-18 01:23:58', '2022-12-18 01:23:58'),
(377, 16, 9, '2022-12-23', '2022-12-18 01:23:58', '2022-12-18 01:23:58'),
(378, 16, 9, '2022-12-24', '2022-12-18 01:23:58', '2022-12-18 01:23:58'),
(379, 24, 2, '2022-12-19', '2022-12-18 01:24:43', '2022-12-18 01:24:43'),
(380, 24, 2, '2022-12-20', '2022-12-18 01:24:43', '2022-12-18 01:24:43'),
(381, 24, 2, '2022-12-21', '2022-12-18 01:24:43', '2022-12-18 01:24:43'),
(382, 24, 2, '2022-12-22', '2022-12-18 01:24:43', '2022-12-18 01:24:43'),
(383, 24, 2, '2022-12-23', '2022-12-18 01:24:43', '2022-12-18 01:24:43'),
(384, 24, 2, '2022-12-24', '2022-12-18 01:24:43', '2022-12-18 01:24:43'),
(385, 19, 2, '2022-12-19', '2022-12-18 01:25:50', '2022-12-18 01:25:50'),
(386, 19, 2, '2022-12-20', '2022-12-18 01:25:50', '2022-12-18 01:25:50'),
(387, 19, 2, '2022-12-21', '2022-12-18 01:25:50', '2022-12-18 01:25:50'),
(388, 19, 2, '2022-12-23', '2022-12-18 01:25:50', '2022-12-18 01:25:50'),
(389, 19, 1, '2022-12-24', '2022-12-18 01:25:50', '2022-12-18 01:25:50'),
(390, 20, 1, '2022-12-19', '2022-12-18 01:26:39', '2022-12-18 01:26:39'),
(391, 20, 2, '2022-12-20', '2022-12-18 01:26:39', '2022-12-18 01:26:39'),
(392, 20, 2, '2022-12-21', '2022-12-18 01:26:39', '2022-12-18 01:26:39'),
(393, 20, 1, '2022-12-22', '2022-12-18 01:26:39', '2022-12-18 01:26:39'),
(394, 20, 2, '2022-12-23', '2022-12-18 01:26:39', '2022-12-18 01:26:39'),
(395, 21, 2, '2022-12-20', '2022-12-18 01:27:48', '2022-12-18 01:27:48'),
(396, 21, 1, '2022-12-21', '2022-12-18 01:27:48', '2022-12-18 01:27:48'),
(397, 21, 2, '2022-12-22', '2022-12-18 01:27:48', '2022-12-18 01:27:48'),
(398, 21, 1, '2022-12-23', '2022-12-18 01:27:48', '2022-12-18 01:27:48'),
(399, 21, 2, '2022-12-24', '2022-12-18 01:27:48', '2022-12-18 01:27:48'),
(400, 23, 2, '2022-12-19', '2022-12-18 01:28:50', '2022-12-18 01:28:50'),
(401, 23, 1, '2022-12-20', '2022-12-18 01:28:50', '2022-12-18 01:28:50'),
(402, 23, 2, '2022-12-22', '2022-12-18 01:28:50', '2022-12-18 01:28:50'),
(403, 23, 2, '2022-12-23', '2022-12-18 01:28:50', '2022-12-18 01:28:50'),
(404, 23, 2, '2022-12-24', '2022-12-18 01:28:50', '2022-12-18 01:28:50'),
(405, 22, 2, '2022-12-19', '2022-12-18 01:29:38', '2022-12-18 01:29:38'),
(406, 22, 1, '2022-12-20', '2022-12-18 01:29:38', '2022-12-18 01:29:38'),
(407, 22, 2, '2022-12-21', '2022-12-18 01:29:38', '2022-12-18 01:29:38'),
(408, 22, 2, '2022-12-22', '2022-12-18 01:29:38', '2022-12-18 01:29:38'),
(409, 22, 2, '2022-12-24', '2022-12-18 01:29:38', '2022-12-18 01:29:38'),
(410, 16, 9, '2022-12-26', '2022-12-25 09:59:16', '2022-12-25 09:59:16'),
(411, 16, 9, '2022-12-27', '2022-12-25 09:59:16', '2022-12-25 09:59:16'),
(412, 16, 9, '2022-12-28', '2022-12-25 09:59:16', '2022-12-25 09:59:16'),
(413, 16, 9, '2022-12-29', '2022-12-25 09:59:16', '2022-12-25 09:59:16'),
(414, 16, 9, '2022-12-30', '2022-12-25 09:59:16', '2022-12-25 09:59:16'),
(415, 16, 9, '2022-12-31', '2022-12-25 09:59:16', '2022-12-25 09:59:16'),
(416, 24, 2, '2022-12-26', '2022-12-25 10:00:04', '2022-12-25 10:00:04'),
(417, 24, 2, '2022-12-27', '2022-12-25 10:00:04', '2022-12-25 10:00:04'),
(418, 24, 2, '2022-12-28', '2022-12-25 10:00:04', '2022-12-25 10:00:04'),
(419, 24, 2, '2022-12-29', '2022-12-25 10:00:04', '2022-12-25 10:00:04'),
(420, 24, 2, '2022-12-30', '2022-12-25 10:00:04', '2022-12-25 10:00:04'),
(421, 24, 2, '2022-12-31', '2022-12-25 10:00:04', '2022-12-25 10:00:04'),
(422, 19, 1, '2022-12-26', '2022-12-25 10:01:05', '2022-12-25 10:01:05'),
(423, 19, 2, '2022-12-27', '2022-12-25 10:01:05', '2022-12-25 10:01:05'),
(424, 19, 2, '2022-12-28', '2022-12-25 10:01:05', '2022-12-25 10:01:05'),
(425, 19, 2, '2022-12-30', '2022-12-25 10:01:05', '2022-12-25 10:01:05'),
(426, 19, 2, '2022-12-31', '2022-12-25 10:01:05', '2022-12-25 10:01:05'),
(427, 20, 2, '2022-12-26', '2022-12-25 10:01:47', '2022-12-25 10:01:47'),
(428, 20, 1, '2022-12-27', '2022-12-25 10:01:47', '2022-12-25 10:01:47'),
(429, 20, 2, '2022-12-29', '2022-12-25 10:01:47', '2022-12-25 10:01:47'),
(430, 20, 2, '2022-12-30', '2022-12-25 10:01:47', '2022-12-25 10:01:47'),
(431, 20, 2, '2022-12-31', '2022-12-25 10:01:47', '2022-12-25 10:01:47'),
(432, 21, 2, '2022-12-26', '2022-12-25 10:02:36', '2022-12-25 10:02:36'),
(433, 21, 1, '2022-12-27', '2022-12-25 10:02:36', '2022-12-25 10:02:36'),
(434, 21, 2, '2022-12-28', '2022-12-25 10:02:36', '2022-12-25 10:02:36'),
(435, 21, 2, '2022-12-29', '2022-12-25 10:02:36', '2022-12-25 10:02:36'),
(436, 21, 1, '2022-12-30', '2022-12-25 10:02:36', '2022-12-25 10:02:36'),
(437, 22, 2, '2022-12-26', '2022-12-25 10:03:30', '2022-12-25 10:03:30'),
(438, 22, 2, '2022-12-27', '2022-12-25 10:03:30', '2022-12-25 10:03:30'),
(439, 22, 2, '2022-12-28', '2022-12-25 10:03:30', '2022-12-25 10:03:30'),
(440, 22, 1, '2022-12-29', '2022-12-25 10:03:30', '2022-12-25 10:03:30'),
(441, 22, 2, '2022-12-31', '2022-12-25 10:03:30', '2022-12-25 10:03:30'),
(442, 23, 2, '2022-12-27', '2022-12-25 10:04:18', '2022-12-25 10:04:18'),
(443, 23, 1, '2022-12-28', '2022-12-25 10:04:18', '2022-12-25 10:04:18'),
(444, 23, 2, '2022-12-29', '2022-12-25 10:04:18', '2022-12-25 10:04:18'),
(445, 23, 2, '2022-12-30', '2022-12-25 10:04:18', '2022-12-25 10:04:18'),
(446, 23, 1, '2022-12-31', '2022-12-25 10:04:18', '2022-12-25 10:04:18'),
(447, 16, 9, '2023-01-02', '2023-01-02 02:26:33', '2023-01-02 02:26:33'),
(448, 16, 9, '2023-01-03', '2023-01-02 02:26:33', '2023-01-02 02:26:33'),
(449, 16, 9, '2023-01-04', '2023-01-02 02:26:33', '2023-01-02 02:26:33'),
(450, 16, 9, '2023-01-05', '2023-01-02 02:26:33', '2023-01-02 02:26:33'),
(451, 16, 9, '2023-01-06', '2023-01-02 02:26:33', '2023-01-02 02:26:33'),
(452, 16, 9, '2023-01-07', '2023-01-02 02:26:33', '2023-01-02 02:26:33'),
(453, 24, 2, '2023-01-02', '2023-01-02 02:27:17', '2023-01-02 02:27:17'),
(454, 24, 2, '2023-01-03', '2023-01-02 02:27:17', '2023-01-02 02:27:17'),
(455, 24, 2, '2023-01-04', '2023-01-02 02:27:17', '2023-01-02 02:27:17'),
(456, 24, 2, '2023-01-05', '2023-01-02 02:27:17', '2023-01-02 02:27:17'),
(457, 24, 2, '2023-01-06', '2023-01-02 02:27:17', '2023-01-02 02:27:17'),
(458, 24, 2, '2023-01-07', '2023-01-02 02:27:17', '2023-01-02 02:27:17'),
(459, 19, 2, '2023-01-02', '2023-01-02 02:28:14', '2023-01-02 02:28:14'),
(460, 19, 2, '2023-01-03', '2023-01-02 02:28:14', '2023-01-02 02:28:14'),
(461, 19, 1, '2023-01-04', '2023-01-02 02:28:14', '2023-01-02 02:28:14'),
(462, 19, 2, '2023-01-05', '2023-01-02 02:28:14', '2023-01-02 02:28:14'),
(463, 19, 1, '2023-01-06', '2023-01-02 02:28:14', '2023-01-02 02:28:14'),
(464, 19, 3, '2023-01-08', '2023-01-02 02:28:14', '2023-01-02 02:28:14'),
(465, 20, 2, '2023-01-02', '2023-01-02 02:29:17', '2023-01-02 02:29:17'),
(466, 20, 1, '2023-01-03', '2023-01-02 02:29:17', '2023-01-02 02:29:17'),
(467, 20, 2, '2023-01-04', '2023-01-02 02:29:17', '2023-01-02 02:29:17'),
(468, 20, 2, '2023-01-05', '2023-01-02 02:29:18', '2023-01-02 02:29:18'),
(469, 20, 2, '2023-01-06', '2023-01-02 02:29:18', '2023-01-02 02:29:18'),
(470, 20, 1, '2023-01-07', '2023-01-02 02:29:18', '2023-01-02 02:29:18'),
(471, 21, 1, '2023-01-02', '2023-01-02 02:30:25', '2023-01-02 02:30:25'),
(472, 21, 2, '2023-01-03', '2023-01-02 02:30:25', '2023-01-02 02:30:25'),
(473, 21, 1, '2023-01-04', '2023-01-02 02:30:25', '2023-01-02 02:30:25'),
(474, 21, 2, '2023-01-05', '2023-01-02 02:30:25', '2023-01-02 02:30:25'),
(475, 21, 2, '2023-01-06', '2023-01-02 02:30:25', '2023-01-02 02:30:25'),
(476, 21, 2, '2023-01-07', '2023-01-02 02:30:25', '2023-01-02 02:30:25'),
(477, 22, 1, '2023-01-02', '2023-01-02 02:31:23', '2023-01-02 02:31:23'),
(478, 22, 2, '2023-01-03', '2023-01-02 02:31:23', '2023-01-02 02:31:23'),
(479, 22, 2, '2023-01-04', '2023-01-02 02:31:23', '2023-01-02 02:31:23'),
(480, 22, 1, '2023-01-05', '2023-01-02 02:31:23', '2023-01-02 02:31:23'),
(481, 22, 2, '2023-01-06', '2023-01-02 02:31:23', '2023-01-02 02:31:23'),
(482, 22, 2, '2023-01-07', '2023-01-02 02:31:23', '2023-01-02 02:31:23'),
(483, 23, 2, '2023-01-02', '2023-01-02 02:32:22', '2023-01-02 02:32:22'),
(484, 23, 1, '2023-01-03', '2023-01-02 02:32:22', '2023-01-02 02:32:22'),
(485, 23, 2, '2023-01-04', '2023-01-02 02:32:22', '2023-01-02 02:32:22'),
(486, 23, 1, '2023-01-06', '2023-01-02 02:32:22', '2023-01-02 02:32:22'),
(487, 23, 2, '2023-01-07', '2023-01-02 02:32:22', '2023-01-02 02:32:22'),
(488, 23, 3, '2023-01-08', '2023-01-02 02:32:22', '2023-01-02 02:32:22'),
(489, 16, 9, '2023-01-09', '2023-01-09 01:40:13', '2023-01-09 01:40:13'),
(490, 16, 9, '2023-01-10', '2023-01-09 01:40:13', '2023-01-09 01:40:13'),
(491, 16, 9, '2023-01-11', '2023-01-09 01:40:13', '2023-01-09 01:40:13'),
(492, 16, 9, '2023-01-12', '2023-01-09 01:40:13', '2023-01-09 01:40:13'),
(493, 16, 9, '2023-01-13', '2023-01-09 01:40:13', '2023-01-09 01:40:13'),
(494, 16, 9, '2023-01-14', '2023-01-09 01:40:13', '2023-01-09 01:40:13'),
(495, 19, 1, '2023-01-09', '2023-01-09 01:41:11', '2023-01-09 01:41:11'),
(496, 19, 2, '2023-01-10', '2023-01-09 01:41:11', '2023-01-09 01:41:11'),
(497, 19, 1, '2023-01-11', '2023-01-09 01:41:11', '2023-01-09 01:41:11'),
(498, 19, 2, '2023-01-12', '2023-01-09 01:41:11', '2023-01-09 01:41:11'),
(499, 19, 2, '2023-01-13', '2023-01-09 01:41:11', '2023-01-09 01:41:11'),
(500, 19, 2, '2023-01-14', '2023-01-09 01:41:11', '2023-01-09 01:41:11'),
(501, 20, 2, '2023-01-09', '2023-01-09 01:42:00', '2023-01-09 01:42:00'),
(502, 20, 1, '2023-01-10', '2023-01-09 01:42:00', '2023-01-09 01:42:00'),
(503, 20, 2, '2023-01-11', '2023-01-09 01:42:00', '2023-01-09 01:42:00'),
(504, 20, 1, '2023-01-12', '2023-01-09 01:42:00', '2023-01-09 01:42:00'),
(505, 20, 2, '2023-01-13', '2023-01-09 01:42:00', '2023-01-09 01:42:00'),
(506, 20, 2, '2023-01-14', '2023-01-09 01:42:00', '2023-01-09 01:42:00'),
(507, 21, 2, '2023-01-09', '2023-01-09 01:42:51', '2023-01-09 01:42:51'),
(508, 21, 1, '2023-01-10', '2023-01-09 01:42:51', '2023-01-09 01:42:51'),
(509, 21, 2, '2023-01-12', '2023-01-09 01:42:51', '2023-01-09 01:42:51'),
(510, 21, 1, '2023-01-13', '2023-01-09 01:42:51', '2023-01-09 01:42:51'),
(511, 21, 1, '2023-01-14', '2023-01-09 01:42:51', '2023-01-09 01:42:51'),
(512, 21, 3, '2023-01-15', '2023-01-09 01:42:51', '2023-01-09 01:42:51'),
(513, 22, 2, '2023-01-09', '2023-01-09 01:43:43', '2023-01-09 01:43:43'),
(514, 22, 2, '2023-01-10', '2023-01-09 01:43:43', '2023-01-09 01:43:43'),
(515, 22, 2, '2023-01-11', '2023-01-09 01:43:43', '2023-01-09 01:43:43'),
(516, 22, 2, '2023-01-12', '2023-01-09 01:43:43', '2023-01-09 01:43:43'),
(517, 22, 1, '2023-01-13', '2023-01-09 01:43:43', '2023-01-09 01:43:43'),
(518, 22, 1, '2023-01-14', '2023-01-09 01:43:43', '2023-01-09 01:43:43'),
(519, 23, 1, '2023-01-09', '2023-01-09 01:44:35', '2023-01-09 01:44:35'),
(520, 23, 2, '2023-01-10', '2023-01-09 01:44:35', '2023-01-09 01:44:35'),
(521, 23, 2, '2023-01-11', '2023-01-09 01:44:35', '2023-01-09 01:44:35'),
(522, 23, 2, '2023-01-13', '2023-01-09 01:44:35', '2023-01-09 01:44:35'),
(523, 23, 1, '2023-01-14', '2023-01-09 01:44:35', '2023-01-09 01:44:35'),
(524, 23, 3, '2023-01-15', '2023-01-09 01:44:35', '2023-01-09 01:44:35'),
(525, 24, 2, '2023-01-09', '2023-01-09 01:45:22', '2023-01-09 01:45:22'),
(526, 24, 2, '2023-01-10', '2023-01-09 01:45:22', '2023-01-09 01:45:22'),
(527, 24, 2, '2023-01-11', '2023-01-09 01:45:22', '2023-01-09 01:45:22'),
(528, 24, 2, '2023-01-12', '2023-01-09 01:45:22', '2023-01-09 01:45:22'),
(529, 24, 2, '2023-01-13', '2023-01-09 01:45:22', '2023-01-09 01:45:22'),
(530, 24, 2, '2023-01-14', '2023-01-09 01:45:22', '2023-01-09 01:45:22'),
(531, 16, 9, '2023-01-16', '2023-01-16 04:50:48', '2023-01-16 04:50:48'),
(532, 16, 9, '2023-01-17', '2023-01-16 04:50:48', '2023-01-16 04:50:48'),
(533, 16, 9, '2023-01-18', '2023-01-16 04:50:48', '2023-01-16 04:50:48'),
(534, 16, 9, '2023-01-19', '2023-01-16 04:50:48', '2023-01-16 04:50:48'),
(535, 16, 9, '2023-01-16', '2023-01-16 04:50:48', '2023-01-16 04:50:48'),
(536, 16, 9, '2023-01-20', '2023-01-16 04:50:48', '2023-01-16 04:50:48'),
(537, 16, 9, '2023-01-21', '2023-01-16 04:50:48', '2023-01-16 04:50:48'),
(538, 16, 9, '2023-01-17', '2023-01-16 04:50:48', '2023-01-16 04:50:48'),
(539, 16, 9, '2023-01-18', '2023-01-16 04:50:48', '2023-01-16 04:50:48'),
(540, 16, 9, '2023-01-19', '2023-01-16 04:50:48', '2023-01-16 04:50:48'),
(541, 16, 9, '2023-01-20', '2023-01-16 04:50:48', '2023-01-16 04:50:48'),
(542, 16, 9, '2023-01-21', '2023-01-16 04:50:48', '2023-01-16 04:50:48'),
(543, 19, 2, '2023-01-16', '2023-01-16 04:52:09', '2023-01-16 04:52:09'),
(544, 19, 1, '2023-01-17', '2023-01-16 04:52:09', '2023-01-16 04:52:09'),
(545, 19, 1, '2023-01-18', '2023-01-16 04:52:09', '2023-01-16 04:52:09'),
(546, 19, 2, '2023-01-19', '2023-01-16 04:52:09', '2023-01-16 04:52:09'),
(547, 19, 2, '2023-01-20', '2023-01-16 04:52:09', '2023-01-16 04:52:09'),
(548, 20, 2, '2023-01-16', '2023-01-16 04:53:08', '2023-01-16 04:53:08'),
(549, 20, 2, '2023-01-17', '2023-01-16 04:53:08', '2023-01-16 04:53:08'),
(550, 20, 2, '2023-01-19', '2023-01-16 04:53:08', '2023-01-16 04:53:08'),
(551, 20, 2, '2023-01-20', '2023-01-16 04:53:08', '2023-01-16 04:53:08'),
(552, 20, 1, '2023-01-21', '2023-01-16 04:53:08', '2023-01-16 04:53:08'),
(553, 21, 1, '2023-01-16', '2023-01-16 04:53:56', '2023-01-16 04:53:56'),
(554, 21, 1, '2023-01-17', '2023-01-16 04:53:56', '2023-01-16 04:53:56'),
(555, 21, 2, '2023-01-18', '2023-01-16 04:53:56', '2023-01-16 04:53:56'),
(556, 21, 2, '2023-01-20', '2023-01-16 04:53:56', '2023-01-16 04:53:56'),
(557, 21, 2, '2023-01-21', '2023-01-16 04:53:56', '2023-01-16 04:53:56'),
(558, 22, 2, '2023-01-16', '2023-01-16 04:55:15', '2023-01-16 04:55:15'),
(559, 22, 2, '2023-01-17', '2023-01-16 04:55:15', '2023-01-16 04:55:15'),
(560, 22, 2, '2023-01-18', '2023-01-16 04:55:15', '2023-01-16 04:55:15'),
(561, 22, 1, '2023-01-19', '2023-01-16 04:55:15', '2023-01-16 04:55:15'),
(562, 22, 2, '2023-01-21', '2023-01-16 04:55:15', '2023-01-16 04:55:15'),
(563, 23, 2, '2023-01-17', '2023-01-16 04:56:54', '2023-01-16 04:56:54'),
(564, 23, 2, '2023-01-18', '2023-01-16 04:56:54', '2023-01-16 04:56:54'),
(565, 23, 2, '2023-01-19', '2023-01-16 04:56:54', '2023-01-16 04:56:54'),
(566, 23, 1, '2023-01-20', '2023-01-16 04:56:54', '2023-01-16 04:56:54'),
(567, 23, 2, '2023-01-21', '2023-01-16 04:56:54', '2023-01-16 04:56:54'),
(568, 24, 2, '2023-01-16', '2023-01-16 04:57:38', '2023-01-16 04:57:38'),
(569, 24, 2, '2023-01-17', '2023-01-16 04:57:38', '2023-01-16 04:57:38'),
(570, 24, 2, '2023-01-18', '2023-01-16 04:57:38', '2023-01-16 04:57:38'),
(571, 24, 2, '2023-01-19', '2023-01-16 04:57:38', '2023-01-16 04:57:38'),
(572, 24, 2, '2023-01-20', '2023-01-16 04:57:38', '2023-01-16 04:57:38'),
(573, 24, 2, '2023-01-21', '2023-01-16 04:57:38', '2023-01-16 04:57:38'),
(574, 16, 9, '2023-01-23', '2023-01-23 05:24:30', '2023-01-23 05:24:30'),
(575, 16, 9, '2023-01-24', '2023-01-23 05:24:30', '2023-01-23 05:24:30'),
(576, 16, 9, '2023-01-25', '2023-01-23 05:24:30', '2023-01-23 05:24:30'),
(577, 16, 9, '2023-01-26', '2023-01-23 05:24:30', '2023-01-23 05:24:30'),
(578, 16, 9, '2023-01-27', '2023-01-23 05:24:30', '2023-01-23 05:24:30'),
(579, 16, 9, '2023-01-28', '2023-01-23 05:24:30', '2023-01-23 05:24:30'),
(580, 19, 1, '2023-01-23', '2023-01-23 05:25:50', '2023-01-23 05:25:50'),
(581, 19, 2, '2023-01-24', '2023-01-23 05:25:50', '2023-01-23 05:25:50'),
(582, 19, 1, '2023-01-25', '2023-01-23 05:25:50', '2023-01-23 05:25:50'),
(583, 19, 2, '2023-01-27', '2023-01-23 05:25:50', '2023-01-23 05:25:50'),
(584, 19, 2, '2023-01-28', '2023-01-23 05:25:50', '2023-01-23 05:25:50'),
(585, 20, 2, '2023-01-23', '2023-01-23 05:26:47', '2023-01-23 05:26:47'),
(586, 20, 1, '2023-01-24', '2023-01-23 05:26:47', '2023-01-23 05:26:47'),
(587, 20, 2, '2023-01-26', '2023-01-23 05:26:47', '2023-01-23 05:26:47'),
(588, 20, 1, '2023-01-27', '2023-01-23 05:26:47', '2023-01-23 05:26:47'),
(589, 20, 2, '2023-01-28', '2023-01-23 05:26:47', '2023-01-23 05:26:47'),
(590, 21, 2, '2023-01-23', '2023-01-23 05:28:02', '2023-01-23 05:28:02'),
(591, 21, 1, '2023-01-24', '2023-01-23 05:28:02', '2023-01-23 05:28:02'),
(592, 21, 2, '2023-01-25', '2023-01-23 05:28:02', '2023-01-23 05:28:02'),
(593, 21, 1, '2023-01-26', '2023-01-23 05:28:02', '2023-01-23 05:28:02'),
(594, 21, 2, '2023-01-27', '2023-01-23 05:28:02', '2023-01-23 05:28:02'),
(595, 21, 1, '2023-01-28', '2023-01-23 05:28:02', '2023-01-23 05:28:02'),
(596, 21, 3, '2023-01-29', '2023-01-23 05:28:02', '2023-01-23 05:28:02'),
(597, 22, 1, '2023-01-23', '2023-01-23 05:29:12', '2023-01-23 05:29:12'),
(598, 22, 2, '2023-01-24', '2023-01-23 05:29:12', '2023-01-23 05:29:12'),
(599, 22, 2, '2023-01-25', '2023-01-23 05:29:12', '2023-01-23 05:29:12'),
(600, 22, 2, '2023-01-26', '2023-01-23 05:29:12', '2023-01-23 05:29:12'),
(601, 22, 2, '2023-01-27', '2023-01-23 05:29:12', '2023-01-23 05:29:12'),
(602, 23, 2, '2023-01-23', '2023-01-23 05:30:33', '2023-01-23 05:30:33'),
(603, 23, 2, '2023-01-24', '2023-01-23 05:30:33', '2023-01-23 05:30:33'),
(604, 23, 2, '2023-01-25', '2023-01-23 05:30:33', '2023-01-23 05:30:33'),
(605, 23, 2, '2023-01-26', '2023-01-23 05:30:33', '2023-01-23 05:30:33'),
(606, 23, 1, '2023-01-27', '2023-01-23 05:30:33', '2023-01-23 05:30:33'),
(607, 23, 2, '2023-01-28', '2023-01-23 05:30:33', '2023-01-23 05:30:33'),
(608, 23, 3, '2023-01-29', '2023-01-23 05:30:33', '2023-01-23 05:30:33'),
(609, 24, 2, '2023-01-23', '2023-01-23 05:32:44', '2023-01-23 05:32:44'),
(610, 24, 2, '2023-01-24', '2023-01-23 05:32:44', '2023-01-23 05:32:44'),
(611, 24, 2, '2023-01-25', '2023-01-23 05:32:44', '2023-01-23 05:32:44'),
(612, 24, 2, '2023-01-26', '2023-01-23 05:32:44', '2023-01-23 05:32:44'),
(613, 24, 2, '2023-01-27', '2023-01-23 05:32:44', '2023-01-23 05:32:44'),
(614, 24, 2, '2023-01-28', '2023-01-23 05:32:44', '2023-01-23 05:32:44'),
(615, 16, 9, '2023-01-30', '2023-01-29 16:09:39', '2023-01-29 16:09:39'),
(616, 16, 9, '2023-01-31', '2023-01-29 16:09:39', '2023-01-29 16:09:39'),
(617, 16, 9, '2023-02-01', '2023-01-29 16:09:39', '2023-01-29 16:09:39'),
(618, 16, 9, '2023-02-02', '2023-01-29 16:09:39', '2023-01-29 16:09:39'),
(619, 16, 9, '2023-02-03', '2023-01-29 16:09:39', '2023-01-29 16:09:39'),
(620, 16, 9, '2023-02-04', '2023-01-29 16:09:39', '2023-01-29 16:09:39'),
(621, 19, 2, '2023-01-30', '2023-01-29 16:10:34', '2023-01-29 16:10:34'),
(622, 19, 1, '2023-01-31', '2023-01-29 16:10:34', '2023-01-29 16:10:34'),
(623, 19, 1, '2023-02-01', '2023-01-29 16:10:34', '2023-01-29 16:10:34'),
(624, 19, 2, '2023-02-03', '2023-01-29 16:10:34', '2023-01-29 16:10:34'),
(625, 19, 2, '2023-02-04', '2023-01-29 16:10:34', '2023-01-29 16:10:34'),
(626, 19, 3, '2023-02-05', '2023-01-29 16:10:34', '2023-01-29 16:10:34'),
(627, 20, 2, '2023-01-30', '2023-01-29 16:11:23', '2023-01-29 16:11:23'),
(628, 20, 2, '2023-01-31', '2023-01-29 16:11:23', '2023-01-29 16:11:23'),
(629, 20, 2, '2023-02-01', '2023-01-29 16:11:23', '2023-01-29 16:11:23'),
(630, 20, 2, '2023-02-02', '2023-01-29 16:11:23', '2023-01-29 16:11:23'),
(631, 20, 1, '2023-02-03', '2023-01-29 16:11:23', '2023-01-29 16:11:23'),
(632, 20, 1, '2023-02-04', '2023-01-29 16:11:23', '2023-01-29 16:11:23'),
(633, 21, 1, '2023-01-30', '2023-01-29 16:12:54', '2023-01-29 16:12:54'),
(634, 21, 2, '2023-01-31', '2023-01-29 16:12:54', '2023-01-29 16:12:54'),
(635, 21, 2, '2023-02-01', '2023-01-29 16:12:54', '2023-01-29 16:12:54'),
(636, 21, 1, '2023-02-02', '2023-01-29 16:12:54', '2023-01-29 16:12:54'),
(637, 21, 2, '2023-02-03', '2023-01-29 16:12:54', '2023-01-29 16:12:54'),
(638, 21, 2, '2023-02-04', '2023-01-29 16:12:54', '2023-01-29 16:12:54'),
(639, 22, 2, '2023-01-30', '2023-01-29 16:14:04', '2023-01-29 16:14:04'),
(640, 22, 1, '2023-01-31', '2023-01-29 16:14:04', '2023-01-29 16:14:04'),
(641, 22, 2, '2023-02-01', '2023-01-29 16:14:04', '2023-01-29 16:14:04'),
(642, 22, 2, '2023-02-02', '2023-01-29 16:14:04', '2023-01-29 16:14:04'),
(643, 22, 1, '2023-02-03', '2023-01-29 16:14:04', '2023-01-29 16:14:04'),
(644, 22, 3, '2023-02-05', '2023-01-29 16:14:04', '2023-01-29 16:14:04'),
(645, 23, 1, '2023-01-30', '2023-01-29 16:14:52', '2023-01-29 16:14:52'),
(646, 23, 2, '2023-01-31', '2023-01-29 16:14:52', '2023-01-29 16:14:52'),
(647, 23, 1, '2023-02-01', '2023-01-29 16:14:52', '2023-01-29 16:14:52'),
(648, 23, 2, '2023-02-02', '2023-01-29 16:14:52', '2023-01-29 16:14:52'),
(649, 23, 2, '2023-02-03', '2023-01-29 16:14:52', '2023-01-29 16:14:52'),
(650, 23, 2, '2023-02-04', '2023-01-29 16:14:52', '2023-01-29 16:14:52'),
(651, 24, 2, '2023-01-30', '2023-01-29 16:15:39', '2023-01-29 16:15:39'),
(652, 24, 2, '2023-01-31', '2023-01-29 16:15:39', '2023-01-29 16:15:39'),
(653, 24, 2, '2023-02-01', '2023-01-29 16:15:39', '2023-01-29 16:15:39'),
(654, 24, 2, '2023-02-02', '2023-01-29 16:15:39', '2023-01-29 16:15:39'),
(655, 24, 2, '2023-02-03', '2023-01-29 16:15:39', '2023-01-29 16:15:39'),
(656, 24, 2, '2023-02-04', '2023-01-29 16:15:39', '2023-01-29 16:15:39'),
(657, 16, 9, '2023-02-06', '2023-02-06 04:36:13', '2023-02-06 04:36:13'),
(658, 16, 9, '2023-02-07', '2023-02-06 04:36:13', '2023-02-06 04:36:13'),
(659, 16, 9, '2023-02-08', '2023-02-06 04:36:13', '2023-02-06 04:36:13'),
(660, 16, 9, '2023-02-09', '2023-02-06 04:36:13', '2023-02-06 04:36:13'),
(661, 16, 9, '2023-02-10', '2023-02-06 04:36:13', '2023-02-06 04:36:13'),
(662, 16, 9, '2023-02-11', '2023-02-06 04:36:13', '2023-02-06 04:36:13'),
(663, 19, 1, '2023-02-06', '2023-02-06 04:37:26', '2023-02-06 04:37:26'),
(664, 19, 2, '2023-02-07', '2023-02-06 04:37:26', '2023-02-06 04:37:26'),
(665, 19, 1, '2023-02-08', '2023-02-06 04:37:26', '2023-02-06 04:37:26'),
(666, 19, 2, '2023-02-10', '2023-02-06 04:37:26', '2023-02-06 04:37:26'),
(667, 19, 2, '2023-02-11', '2023-02-06 04:37:26', '2023-02-06 04:37:26'),
(668, 20, 2, '2023-02-06', '2023-02-06 04:38:21', '2023-02-06 04:38:21'),
(669, 20, 1, '2023-02-07', '2023-02-06 04:38:21', '2023-02-06 04:38:21'),
(670, 20, 2, '2023-02-08', '2023-02-06 04:38:21', '2023-02-06 04:38:21'),
(671, 20, 2, '2023-02-09', '2023-02-06 04:38:21', '2023-02-06 04:38:21'),
(672, 20, 1, '2023-02-10', '2023-02-06 04:38:21', '2023-02-06 04:38:21'),
(673, 21, 2, '2023-02-06', '2023-02-06 04:39:38', '2023-02-06 04:39:38'),
(674, 21, 2, '2023-02-07', '2023-02-06 04:39:38', '2023-02-06 04:39:38'),
(675, 21, 2, '2023-02-08', '2023-02-06 04:39:38', '2023-02-06 04:39:38'),
(676, 21, 2, '2023-02-09', '2023-02-06 04:39:38', '2023-02-06 04:39:38'),
(677, 21, 1, '2023-02-10', '2023-02-06 04:39:38', '2023-02-06 04:39:38'),
(678, 21, 1, '2023-02-11', '2023-02-06 04:39:38', '2023-02-06 04:39:38'),
(679, 22, 1, '2023-02-06', '2023-02-06 04:40:26', '2023-02-06 04:40:26'),
(680, 22, 2, '2023-02-07', '2023-02-06 04:40:26', '2023-02-06 04:40:26'),
(681, 22, 2, '2023-02-08', '2023-02-06 04:40:26', '2023-02-06 04:40:26'),
(682, 22, 1, '2023-02-09', '2023-02-06 04:40:26', '2023-02-06 04:40:26'),
(683, 22, 2, '2023-02-10', '2023-02-06 04:40:26', '2023-02-06 04:40:26'),
(684, 22, 2, '2023-02-11', '2023-02-06 04:40:26', '2023-02-06 04:40:26'),
(685, 23, 2, '2023-02-06', '2023-02-06 04:41:14', '2023-02-06 04:41:14'),
(686, 23, 1, '2023-02-07', '2023-02-06 04:41:14', '2023-02-06 04:41:14'),
(687, 23, 1, '2023-02-08', '2023-02-06 04:41:14', '2023-02-06 04:41:14'),
(688, 23, 2, '2023-02-09', '2023-02-06 04:41:14', '2023-02-06 04:41:14'),
(689, 23, 2, '2023-02-10', '2023-02-06 04:41:14', '2023-02-06 04:41:14'),
(690, 23, 2, '2023-02-11', '2023-02-06 04:41:14', '2023-02-06 04:41:14'),
(691, 24, 2, '2023-02-06', '2023-02-06 04:41:56', '2023-02-06 04:41:56'),
(692, 24, 2, '2023-02-07', '2023-02-06 04:41:56', '2023-02-06 04:41:56'),
(693, 24, 2, '2023-02-08', '2023-02-06 04:41:56', '2023-02-06 04:41:56'),
(694, 24, 2, '2023-02-09', '2023-02-06 04:41:56', '2023-02-06 04:41:56'),
(695, 24, 2, '2023-02-10', '2023-02-06 04:41:56', '2023-02-06 04:41:56'),
(696, 24, 2, '2023-02-11', '2023-02-06 04:41:56', '2023-02-06 04:41:56'),
(697, 19, 3, '2023-02-12', '2023-02-12 04:24:05', '2023-02-12 04:24:05'),
(698, 19, 2, '2023-02-13', '2023-02-12 04:24:05', '2023-02-12 04:24:05'),
(699, 19, 1, '2023-02-14', '2023-02-12 04:24:05', '2023-02-12 04:24:05'),
(700, 19, 1, '2023-02-15', '2023-02-12 04:24:05', '2023-02-12 04:24:05'),
(701, 19, 2, '2023-02-16', '2023-02-12 04:24:05', '2023-02-12 04:24:05'),
(702, 19, 2, '2023-02-17', '2023-02-12 04:24:05', '2023-02-12 04:24:05'),
(703, 20, 3, '2023-02-12', '2023-02-12 04:24:57', '2023-02-12 04:24:57'),
(704, 20, 1, '2023-02-13', '2023-02-12 04:24:57', '2023-02-12 04:24:57'),
(705, 20, 1, '2023-02-14', '2023-02-12 04:24:57', '2023-02-12 04:24:57'),
(706, 20, 2, '2023-02-15', '2023-02-12 04:24:57', '2023-02-12 04:24:57'),
(707, 20, 2, '2023-02-16', '2023-02-12 04:24:57', '2023-02-12 04:24:57'),
(708, 20, 2, '2023-02-17', '2023-02-12 04:24:57', '2023-02-12 04:24:57'),
(709, 21, 2, '2023-02-13', '2023-02-12 04:26:01', '2023-02-12 04:26:01'),
(710, 21, 2, '2023-02-14', '2023-02-12 04:26:01', '2023-02-12 04:26:01'),
(711, 21, 1, '2023-02-15', '2023-02-12 04:26:01', '2023-02-12 04:26:01'),
(712, 21, 2, '2023-02-16', '2023-02-12 04:26:01', '2023-02-12 04:26:01'),
(713, 21, 2, '2023-02-17', '2023-02-12 04:26:01', '2023-02-12 04:26:01');
INSERT INTO `schedules` (`id`, `employees_id`, `shifts_id`, `dates`, `created_at`, `updated_at`) VALUES
(714, 22, 2, '2023-02-13', '2023-02-12 04:26:49', '2023-02-12 04:26:49'),
(715, 22, 2, '2023-02-14', '2023-02-12 04:26:49', '2023-02-12 04:26:49'),
(716, 22, 2, '2023-02-15', '2023-02-12 04:26:49', '2023-02-12 04:26:49'),
(717, 22, 1, '2023-02-16', '2023-02-12 04:26:49', '2023-02-12 04:26:49'),
(718, 22, 3, '2023-02-19', '2023-02-12 04:26:49', '2023-02-12 04:26:49'),
(719, 23, 2, '2023-02-14', '2023-02-12 04:27:28', '2023-02-12 04:27:28'),
(720, 23, 2, '2023-02-15', '2023-02-12 04:27:28', '2023-02-12 04:27:28'),
(721, 23, 1, '2023-02-16', '2023-02-12 04:27:28', '2023-02-12 04:27:28'),
(722, 23, 1, '2023-02-17', '2023-02-12 04:27:28', '2023-02-12 04:27:28'),
(723, 23, 2, '2023-02-14', '2023-02-12 04:27:28', '2023-02-12 04:27:28'),
(724, 23, 3, '2023-02-19', '2023-02-12 04:27:28', '2023-02-12 04:27:28'),
(725, 23, 2, '2023-02-15', '2023-02-12 04:27:28', '2023-02-12 04:27:28'),
(726, 23, 1, '2023-02-16', '2023-02-12 04:27:28', '2023-02-12 04:27:28'),
(727, 23, 1, '2023-02-17', '2023-02-12 04:27:28', '2023-02-12 04:27:28'),
(728, 23, 3, '2023-02-19', '2023-02-12 04:27:28', '2023-02-12 04:27:28'),
(729, 16, 9, '2023-02-13', '2023-02-12 04:28:20', '2023-02-12 04:28:20'),
(730, 16, 9, '2023-02-14', '2023-02-12 04:28:20', '2023-02-12 04:28:20'),
(731, 16, 9, '2023-02-15', '2023-02-12 04:28:20', '2023-02-12 04:28:20'),
(732, 16, 9, '2023-02-16', '2023-02-12 04:28:20', '2023-02-12 04:28:20'),
(733, 16, 9, '2023-02-17', '2023-02-12 04:28:20', '2023-02-12 04:28:20'),
(734, 24, 2, '2023-02-13', '2023-02-12 04:29:01', '2023-02-12 04:29:01'),
(735, 24, 2, '2023-02-14', '2023-02-12 04:29:01', '2023-02-12 04:29:01'),
(736, 24, 2, '2023-02-13', '2023-02-12 04:29:01', '2023-02-12 04:29:01'),
(737, 24, 2, '2023-02-15', '2023-02-12 04:29:01', '2023-02-12 04:29:01'),
(738, 24, 2, '2023-02-14', '2023-02-12 04:29:01', '2023-02-12 04:29:01'),
(739, 24, 2, '2023-02-16', '2023-02-12 04:29:01', '2023-02-12 04:29:01'),
(740, 24, 2, '2023-02-15', '2023-02-12 04:29:01', '2023-02-12 04:29:01'),
(741, 24, 2, '2023-02-16', '2023-02-12 04:29:01', '2023-02-12 04:29:01'),
(742, 24, 2, '2023-02-17', '2023-02-12 04:29:01', '2023-02-12 04:29:01'),
(743, 24, 2, '2023-02-17', '2023-02-12 04:29:01', '2023-02-12 04:29:01'),
(744, 16, 9, '2023-02-20', '2023-02-20 08:53:07', '2023-02-20 08:53:07'),
(745, 16, 9, '2023-02-21', '2023-02-20 08:53:07', '2023-02-20 08:53:07'),
(748, 16, 9, '2023-02-24', '2023-02-20 08:53:07', '2023-02-20 08:53:07'),
(749, 16, 9, '2023-02-25', '2023-02-20 08:53:07', '2023-02-20 08:53:07'),
(750, 16, 9, '2023-02-20', '2023-02-20 08:53:07', '2023-02-20 08:53:07'),
(751, 16, 9, '2023-02-21', '2023-02-20 08:53:07', '2023-02-20 08:53:07'),
(752, 16, 9, '2023-02-22', '2023-02-20 08:53:07', '2023-02-20 08:53:07'),
(753, 16, 9, '2023-02-23', '2023-02-20 08:53:07', '2023-02-20 08:53:07'),
(756, 19, 2, '2023-02-20', '2023-02-20 08:53:49', '2023-02-20 08:53:49'),
(762, 20, 2, '2023-02-20', '2023-02-20 08:54:29', '2023-02-20 08:54:29'),
(763, 20, 2, '2023-02-21', '2023-02-20 08:54:29', '2023-02-20 08:54:29'),
(768, 21, 2, '2023-02-20', '2023-02-20 08:55:21', '2023-02-20 08:55:21'),
(769, 21, 1, '2023-02-21', '2023-02-20 08:55:21', '2023-02-20 08:55:21'),
(774, 21, 2, '2023-02-20', '2023-02-20 08:55:21', '2023-02-20 08:55:21'),
(775, 21, 1, '2023-02-21', '2023-02-20 08:55:21', '2023-02-20 08:55:21'),
(780, 22, 1, '2023-02-20', '2023-02-20 08:56:04', '2023-02-20 08:56:04'),
(786, 23, 1, '2023-02-20', '2023-02-20 08:56:44', '2023-02-20 08:56:44'),
(787, 23, 2, '2023-02-21', '2023-02-20 08:56:44', '2023-02-20 08:56:44'),
(792, 24, 2, '2023-02-20', '2023-02-20 08:57:30', '2023-02-20 08:57:30'),
(793, 24, 2, '2023-02-21', '2023-02-20 08:57:30', '2023-02-20 08:57:30'),
(794, 24, 2, '2023-02-22', '2023-02-20 08:57:30', '2023-02-20 08:57:30'),
(795, 24, 2, '2023-02-23', '2023-02-20 08:57:30', '2023-02-20 08:57:30'),
(796, 24, 2, '2023-02-24', '2023-02-20 08:57:30', '2023-02-20 08:57:30'),
(797, 24, 2, '2023-02-25', '2023-02-20 08:57:30', '2023-02-20 08:57:30'),
(798, 19, 2, '2023-02-21', '2023-02-21 12:37:28', '2023-02-21 12:37:28'),
(799, 19, 1, '2023-02-22', '2023-02-21 12:37:28', '2023-02-21 12:37:28'),
(800, 19, 2, '2023-02-24', '2023-02-21 12:37:28', '2023-02-21 12:37:28'),
(801, 19, 2, '2023-02-25', '2023-02-21 12:37:28', '2023-02-21 12:37:28'),
(802, 20, 2, '2023-02-22', '2023-02-21 12:38:07', '2023-02-21 12:38:07'),
(803, 20, 1, '2023-02-23', '2023-02-21 12:38:07', '2023-02-21 12:38:07'),
(804, 20, 2, '2023-02-24', '2023-02-21 12:38:07', '2023-02-21 12:38:07'),
(805, 21, 2, '2023-02-23', '2023-02-21 12:38:50', '2023-02-21 12:38:50'),
(806, 21, 2, '2023-02-24', '2023-02-21 12:38:50', '2023-02-21 12:38:50'),
(807, 21, 1, '2023-02-25', '2023-02-21 12:38:50', '2023-02-21 12:38:50'),
(808, 22, 2, '2023-02-22', '2023-02-21 12:39:38', '2023-02-21 12:39:38'),
(809, 22, 2, '2023-02-23', '2023-02-21 12:39:38', '2023-02-21 12:39:38'),
(810, 22, 1, '2023-02-24', '2023-02-21 12:39:38', '2023-02-21 12:39:38'),
(811, 22, 2, '2023-02-25', '2023-02-21 12:39:38', '2023-02-21 12:39:38'),
(812, 23, 2, '2023-02-22', '2023-02-21 12:40:16', '2023-02-21 12:40:16'),
(813, 23, 2, '2023-02-23', '2023-02-21 12:40:16', '2023-02-21 12:40:16'),
(814, 23, 2, '2023-02-25', '2023-02-21 12:40:16', '2023-02-21 12:40:16'),
(815, 16, 9, '2023-02-27', '2023-02-26 16:12:08', '2023-02-26 16:12:08'),
(816, 16, 9, '2023-02-28', '2023-02-26 16:12:08', '2023-02-26 16:12:08'),
(817, 16, 9, '2023-03-01', '2023-02-26 16:12:08', '2023-02-26 16:12:08'),
(818, 16, 9, '2023-03-02', '2023-02-26 16:12:08', '2023-02-26 16:12:08'),
(819, 16, 9, '2023-03-03', '2023-02-26 16:12:08', '2023-02-26 16:12:08'),
(820, 16, 9, '2023-03-04', '2023-02-26 16:12:08', '2023-02-26 16:12:08'),
(821, 24, 2, '2023-02-27', '2023-02-26 16:13:02', '2023-02-26 16:13:02'),
(822, 24, 2, '2023-02-28', '2023-02-26 16:13:02', '2023-02-26 16:13:02'),
(823, 24, 2, '2023-03-01', '2023-02-26 16:13:02', '2023-02-26 16:13:02'),
(824, 24, 2, '2023-03-02', '2023-02-26 16:13:02', '2023-02-26 16:13:02'),
(825, 24, 2, '2023-03-03', '2023-02-26 16:13:02', '2023-02-26 16:13:02'),
(826, 24, 2, '2023-03-04', '2023-02-26 16:13:02', '2023-02-26 16:13:02'),
(827, 19, 2, '2023-02-27', '2023-02-26 16:13:42', '2023-02-26 16:13:42'),
(828, 19, 2, '2023-02-28', '2023-02-26 16:13:42', '2023-02-26 16:13:42'),
(829, 19, 2, '2023-03-01', '2023-02-26 16:13:42', '2023-02-26 16:13:42'),
(830, 19, 1, '2023-03-02', '2023-02-26 16:13:42', '2023-02-26 16:13:42'),
(831, 19, 1, '2023-03-03', '2023-02-26 16:13:42', '2023-02-26 16:13:42'),
(832, 20, 1, '2023-02-27', '2023-02-26 16:14:15', '2023-02-26 16:14:15'),
(833, 20, 2, '2023-03-01', '2023-02-26 16:14:15', '2023-02-26 16:14:15'),
(834, 20, 2, '2023-03-02', '2023-02-26 16:14:15', '2023-02-26 16:14:15'),
(835, 20, 2, '2023-03-03', '2023-02-26 16:14:15', '2023-02-26 16:14:15'),
(836, 20, 1, '2023-03-04', '2023-02-26 16:14:15', '2023-02-26 16:14:15'),
(837, 21, 2, '2023-02-27', '2023-02-26 16:14:49', '2023-02-26 16:14:49'),
(838, 21, 2, '2023-02-28', '2023-02-26 16:14:49', '2023-02-26 16:14:49'),
(839, 21, 1, '2023-03-01', '2023-02-26 16:14:49', '2023-02-26 16:14:49'),
(840, 21, 2, '2023-03-03', '2023-02-26 16:14:49', '2023-02-26 16:14:49'),
(841, 21, 2, '2023-03-04', '2023-02-26 16:14:49', '2023-02-26 16:14:49'),
(842, 22, 2, '2023-02-27', '2023-02-26 16:15:23', '2023-02-26 16:15:23'),
(843, 22, 1, '2023-02-28', '2023-02-26 16:15:23', '2023-02-26 16:15:23'),
(844, 22, 2, '2023-03-02', '2023-02-26 16:15:23', '2023-02-26 16:15:23'),
(845, 22, 2, '2023-03-03', '2023-02-26 16:15:23', '2023-02-26 16:15:23'),
(846, 22, 2, '2023-03-04', '2023-02-26 16:15:23', '2023-02-26 16:15:23'),
(847, 23, 2, '2023-02-28', '2023-02-26 16:15:54', '2023-02-26 16:15:54'),
(848, 23, 2, '2023-03-01', '2023-02-26 16:15:54', '2023-02-26 16:15:54'),
(849, 23, 2, '2023-03-02', '2023-02-26 16:15:54', '2023-02-26 16:15:54'),
(850, 23, 1, '2023-03-03', '2023-02-26 16:15:54', '2023-02-26 16:15:54'),
(851, 23, 2, '2023-03-04', '2023-02-26 16:15:54', '2023-02-26 16:15:54'),
(852, 16, 9, '2023-03-06', '2023-03-05 16:29:25', '2023-03-05 16:29:25'),
(853, 16, 9, '2023-03-07', '2023-03-05 16:29:25', '2023-03-05 16:29:25'),
(854, 16, 9, '2023-03-08', '2023-03-05 16:29:25', '2023-03-05 16:29:25'),
(855, 16, 9, '2023-03-09', '2023-03-05 16:29:25', '2023-03-05 16:29:25'),
(856, 16, 9, '2023-03-10', '2023-03-05 16:29:25', '2023-03-05 16:29:25'),
(857, 16, 9, '2023-03-11', '2023-03-05 16:29:25', '2023-03-05 16:29:25'),
(858, 24, 2, '2023-03-06', '2023-03-05 16:30:05', '2023-03-05 16:30:05'),
(859, 24, 2, '2023-03-07', '2023-03-05 16:30:05', '2023-03-05 16:30:05'),
(860, 24, 2, '2023-03-08', '2023-03-05 16:30:05', '2023-03-05 16:30:05'),
(861, 24, 2, '2023-03-09', '2023-03-05 16:30:05', '2023-03-05 16:30:05'),
(862, 24, 2, '2023-03-10', '2023-03-05 16:30:05', '2023-03-05 16:30:05'),
(863, 24, 2, '2023-03-11', '2023-03-05 16:30:05', '2023-03-05 16:30:05'),
(864, 19, 2, '2023-03-07', '2023-03-05 16:30:57', '2023-03-05 16:30:57'),
(865, 19, 2, '2023-03-08', '2023-03-05 16:30:57', '2023-03-05 16:30:57'),
(866, 19, 2, '2023-03-09', '2023-03-05 16:30:57', '2023-03-05 16:30:57'),
(867, 19, 2, '2023-03-10', '2023-03-05 16:30:57', '2023-03-05 16:30:57'),
(868, 19, 1, '2023-03-11', '2023-03-05 16:30:57', '2023-03-05 16:30:57'),
(869, 20, 1, '2023-03-06', '2023-03-05 16:31:37', '2023-03-05 16:31:37'),
(870, 20, 2, '2023-03-07', '2023-03-05 16:31:37', '2023-03-05 16:31:37'),
(871, 20, 1, '2023-03-08', '2023-03-05 16:31:37', '2023-03-05 16:31:37'),
(872, 20, 2, '2023-03-10', '2023-03-05 16:31:37', '2023-03-05 16:31:37'),
(873, 20, 2, '2023-03-11', '2023-03-05 16:31:37', '2023-03-05 16:31:37'),
(874, 21, 2, '2023-03-06', '2023-03-05 16:32:10', '2023-03-05 16:32:10'),
(875, 21, 1, '2023-03-07', '2023-03-05 16:32:10', '2023-03-05 16:32:10'),
(876, 21, 2, '2023-03-08', '2023-03-05 16:32:10', '2023-03-05 16:32:10'),
(877, 21, 2, '2023-03-09', '2023-03-05 16:32:10', '2023-03-05 16:32:10'),
(878, 21, 1, '2023-03-10', '2023-03-05 16:32:10', '2023-03-05 16:32:10'),
(879, 22, 2, '2023-03-06', '2023-03-05 16:32:48', '2023-03-05 16:32:48'),
(880, 22, 1, '2023-03-07', '2023-03-05 16:32:48', '2023-03-05 16:32:48'),
(881, 22, 2, '2023-03-09', '2023-03-05 16:32:48', '2023-03-05 16:32:48'),
(882, 22, 2, '2023-03-10', '2023-03-05 16:32:48', '2023-03-05 16:32:48'),
(883, 22, 2, '2023-03-11', '2023-03-05 16:32:48', '2023-03-05 16:32:48'),
(884, 23, 2, '2023-03-06', '2023-03-05 16:33:21', '2023-03-05 16:33:21'),
(885, 23, 2, '2023-03-07', '2023-03-05 16:33:21', '2023-03-05 16:33:21'),
(886, 23, 2, '2023-03-08', '2023-03-05 16:33:21', '2023-03-05 16:33:21'),
(887, 23, 1, '2023-03-09', '2023-03-05 16:33:21', '2023-03-05 16:33:21'),
(888, 23, 2, '2023-03-11', '2023-03-05 16:33:21', '2023-03-05 16:33:21'),
(889, 21, 10, '2023-08-14', '2023-08-13 23:59:36', '2023-08-13 23:59:36'),
(890, 21, 10, '2023-08-15', '2023-08-13 23:59:36', '2023-08-13 23:59:36'),
(891, 21, 10, '2023-08-16', '2023-08-13 23:59:36', '2023-08-13 23:59:36'),
(892, 21, 2, '2023-08-17', '2023-08-13 23:59:36', '2023-08-13 23:59:36'),
(893, 21, 2, '2023-08-18', '2023-08-13 23:59:36', '2023-08-13 23:59:36'),
(894, 21, 2, '2023-08-19', '2023-08-13 23:59:36', '2023-08-13 23:59:36'),
(895, 23, 2, '2023-08-14', '2023-08-14 00:00:55', '2023-08-14 00:00:55'),
(896, 23, 2, '2023-08-15', '2023-08-14 00:00:55', '2023-08-14 00:00:55'),
(897, 23, 2, '2023-08-16', '2023-08-14 00:00:55', '2023-08-14 00:00:55'),
(898, 23, 2, '2023-08-17', '2023-08-14 00:00:55', '2023-08-17 07:51:00'),
(899, 23, 10, '2023-08-18', '2023-08-14 00:00:55', '2023-08-14 00:00:55'),
(900, 23, 2, '2023-08-14', '2023-08-14 00:01:07', '2023-08-14 00:01:07'),
(901, 23, 2, '2023-08-15', '2023-08-14 00:01:07', '2023-08-14 00:01:07'),
(902, 23, 2, '2023-08-16', '2023-08-14 00:01:07', '2023-08-14 00:01:07'),
(903, 23, 2, '2023-08-17', '2023-08-14 00:01:07', '2023-08-17 07:50:53'),
(904, 23, 10, '2023-08-18', '2023-08-14 00:01:07', '2023-08-14 00:01:07'),
(905, 23, 10, '2023-08-19', '2023-08-14 00:01:07', '2023-08-14 00:01:07'),
(906, 26, 2, '2023-08-14', '2023-08-14 00:02:11', '2023-08-14 00:02:11'),
(907, 26, 2, '2023-08-15', '2023-08-14 00:02:11', '2023-08-14 00:02:11'),
(908, 26, 2, '2023-08-16', '2023-08-14 00:02:11', '2023-08-14 00:02:11'),
(909, 26, 2, '2023-08-17', '2023-08-14 00:02:11', '2023-08-14 00:02:11'),
(910, 26, 2, '2023-08-18', '2023-08-14 00:02:11', '2023-08-14 00:02:11'),
(911, 26, 2, '2023-08-19', '2023-08-14 00:02:11', '2023-08-14 00:02:11'),
(912, 24, 2, '2023-08-14', '2023-08-14 00:03:15', '2023-08-14 00:03:15'),
(913, 24, 2, '2023-08-15', '2023-08-14 00:03:15', '2023-08-14 00:03:15'),
(914, 24, 2, '2023-08-16', '2023-08-14 00:03:15', '2023-08-14 00:03:15'),
(915, 24, 2, '2023-08-17', '2023-08-14 00:03:15', '2023-08-14 00:03:15'),
(916, 24, 2, '2023-08-18', '2023-08-14 00:03:15', '2023-08-14 00:03:15'),
(917, 24, 2, '2023-08-19', '2023-08-14 00:03:15', '2023-08-14 00:03:15'),
(918, 21, 10, '2023-08-21', '2023-08-21 00:47:57', '2023-08-21 00:47:57'),
(919, 21, 2, '2023-08-22', '2023-08-21 00:47:57', '2023-08-21 00:47:57'),
(920, 21, 2, '2023-08-23', '2023-08-21 00:47:57', '2023-08-21 00:47:57'),
(921, 21, 2, '2023-08-24', '2023-08-21 00:47:57', '2023-08-21 00:47:57'),
(922, 21, 10, '2023-08-25', '2023-08-21 00:47:57', '2023-08-21 00:47:57'),
(923, 21, 10, '2023-08-26', '2023-08-21 00:47:57', '2023-08-21 00:47:57'),
(924, 24, 2, '2023-08-21', '2023-08-21 00:48:42', '2023-08-21 00:48:42'),
(925, 24, 2, '2023-08-22', '2023-08-21 00:48:42', '2023-08-21 00:48:42'),
(926, 24, 2, '2023-08-23', '2023-08-21 00:48:42', '2023-08-21 00:48:42'),
(927, 24, 2, '2023-08-24', '2023-08-21 00:48:42', '2023-08-21 00:48:42'),
(928, 24, 2, '2023-08-25', '2023-08-21 00:48:43', '2023-08-21 00:48:43'),
(929, 24, 2, '2023-08-26', '2023-08-21 00:48:43', '2023-08-21 00:48:43'),
(930, 23, 2, '2023-08-21', '2023-08-21 00:49:42', '2023-08-21 00:49:42'),
(931, 23, 10, '2023-08-22', '2023-08-21 00:49:42', '2023-08-21 00:49:42'),
(932, 23, 10, '2023-08-23', '2023-08-21 00:49:42', '2023-08-21 00:49:42'),
(933, 23, 10, '2023-08-24', '2023-08-21 00:49:42', '2023-08-21 00:49:42'),
(934, 23, 2, '2023-08-25', '2023-08-21 00:49:42', '2023-08-21 00:49:42'),
(935, 23, 2, '2023-08-26', '2023-08-21 00:49:42', '2023-08-21 00:49:42'),
(936, 26, 2, '2023-08-21', '2023-08-21 00:50:25', '2023-08-21 00:50:25'),
(937, 26, 2, '2023-08-22', '2023-08-21 00:50:25', '2023-08-21 00:50:25'),
(938, 26, 2, '2023-08-23', '2023-08-21 00:50:25', '2023-08-21 00:50:25'),
(939, 26, 2, '2023-08-24', '2023-08-21 00:50:25', '2023-08-21 00:50:25'),
(940, 26, 2, '2023-08-25', '2023-08-21 00:50:25', '2023-08-21 00:50:25'),
(941, 26, 2, '2023-08-26', '2023-08-21 00:50:25', '2023-08-21 00:50:25'),
(942, 26, 2, '2023-08-21', '2023-08-21 00:50:25', '2023-08-21 00:50:25'),
(943, 26, 2, '2023-08-22', '2023-08-21 00:50:25', '2023-08-21 00:50:25'),
(944, 26, 2, '2023-08-23', '2023-08-21 00:50:26', '2023-08-21 00:50:26'),
(945, 26, 2, '2023-08-24', '2023-08-21 00:50:26', '2023-08-21 00:50:26'),
(946, 26, 2, '2023-08-25', '2023-08-21 00:50:26', '2023-08-21 00:50:26'),
(947, 26, 2, '2023-08-26', '2023-08-21 00:50:26', '2023-08-21 00:50:26'),
(948, 21, 10, '2023-08-28', '2023-08-28 01:04:48', '2023-08-28 01:04:48'),
(949, 21, 10, '2023-08-29', '2023-08-28 01:05:55', '2023-08-28 01:05:55'),
(950, 21, 10, '2023-08-30', '2023-08-28 01:05:55', '2023-08-28 01:05:55'),
(951, 21, 2, '2023-08-31', '2023-08-28 01:05:55', '2023-08-28 01:05:55'),
(952, 21, 2, '2023-09-01', '2023-08-28 01:05:55', '2023-08-28 01:05:55'),
(953, 21, 2, '2023-09-02', '2023-08-28 01:05:55', '2023-08-28 01:05:55'),
(954, 23, 2, '2023-08-28', '2023-08-28 01:06:47', '2023-08-28 01:06:47'),
(955, 23, 2, '2023-08-29', '2023-08-28 01:06:47', '2023-08-28 01:06:47'),
(956, 23, 2, '2023-08-30', '2023-08-28 01:06:47', '2023-08-28 01:06:47'),
(957, 23, 10, '2023-08-31', '2023-08-28 01:06:47', '2023-08-28 01:06:47'),
(958, 23, 10, '2023-09-01', '2023-08-28 01:06:47', '2023-08-28 01:06:47'),
(959, 23, 10, '2023-09-02', '2023-08-28 01:06:47', '2023-08-28 01:06:47'),
(960, 26, 2, '2023-08-28', '2023-08-28 01:07:41', '2023-08-28 01:07:41'),
(961, 26, 2, '2023-08-29', '2023-08-28 01:07:41', '2023-08-28 01:07:41'),
(962, 26, 2, '2023-08-30', '2023-08-28 01:07:41', '2023-08-28 01:07:41'),
(963, 26, 2, '2023-08-31', '2023-08-28 01:07:41', '2023-08-28 01:07:41'),
(964, 26, 2, '2023-09-01', '2023-08-28 01:07:41', '2023-08-28 01:07:41'),
(965, 26, 2, '2023-08-28', '2023-08-28 01:07:50', '2023-08-28 01:07:50'),
(966, 26, 2, '2023-08-29', '2023-08-28 01:07:50', '2023-08-28 01:07:50'),
(967, 26, 2, '2023-08-30', '2023-08-28 01:07:50', '2023-08-28 01:07:50'),
(968, 26, 2, '2023-08-31', '2023-08-28 01:07:50', '2023-08-28 01:07:50'),
(969, 26, 2, '2023-09-01', '2023-08-28 01:07:50', '2023-08-28 01:07:50'),
(970, 26, 2, '2023-09-02', '2023-08-28 01:07:50', '2023-08-28 01:07:50'),
(971, 24, 2, '2023-08-28', '2023-08-28 01:08:26', '2023-08-28 01:08:26'),
(972, 24, 2, '2023-08-29', '2023-08-28 01:08:26', '2023-08-28 01:08:26'),
(973, 24, 2, '2023-08-30', '2023-08-28 01:08:26', '2023-08-28 01:08:26'),
(974, 24, 2, '2023-08-31', '2023-08-28 01:08:26', '2023-08-28 01:08:26'),
(975, 24, 2, '2023-09-01', '2023-08-28 01:08:26', '2023-08-28 01:08:26'),
(976, 24, 2, '2023-09-02', '2023-08-28 01:08:26', '2023-08-28 01:08:26');

-- --------------------------------------------------------

--
-- Table structure for table `settings`
--

CREATE TABLE `settings` (
  `id` bigint UNSIGNED NOT NULL,
  `company` varchar(255) COLLATE utf8mb4_unicode_ci NOT NULL,
  `leader` varchar(255) COLLATE utf8mb4_unicode_ci NOT NULL,
  `address` text COLLATE utf8mb4_unicode_ci NOT NULL,
  `logo` varchar(255) COLLATE utf8mb4_unicode_ci NOT NULL,
  `ttd` varchar(255) COLLATE utf8mb4_unicode_ci NOT NULL,
  `created_at` timestamp NULL DEFAULT NULL,
  `updated_at` timestamp NULL DEFAULT NULL,
  `lokasi` varchar(255) COLLATE utf8mb4_unicode_ci DEFAULT NULL,
  `lat` double(8,2) DEFAULT NULL,
  `lng` double(8,2) DEFAULT NULL,
  `radius` int DEFAULT NULL
) ENGINE=InnoDB DEFAULT CHARSET=utf8mb4 COLLATE=utf8mb4_unicode_ci;

--
-- Dumping data for table `settings`
--

INSERT INTO `settings` (`id`, `company`, `leader`, `address`, `logo`, `ttd`, `created_at`, `updated_at`, `lokasi`, `lat`, `lng`, `radius`) VALUES
(1, 'APOTEK SEGAR SEHAT', 'Dr. H. Soeharto Puluhulawa , SE. MM', 'JL. HB JASSIN NO 2 LIMBA U 1', '1666714282.logo.png', '1666714282.ttd.png', NULL, '2023-10-09 16:51:15', 'SDN Kebon Baru 4,5,7, Jalan Veteran, Cirebon, West Java, Java, 45121, Indonesia', -6.71, 108.56, 100);

-- --------------------------------------------------------

--
-- Table structure for table `shifts`
--

CREATE TABLE `shifts` (
  `id` bigint UNSIGNED NOT NULL,
  `created_at` timestamp NULL DEFAULT NULL,
  `updated_at` timestamp NULL DEFAULT NULL,
  `shift_name` varchar(255) COLLATE utf8mb4_unicode_ci NOT NULL,
  `in` time NOT NULL,
  `out` time NOT NULL,
  `late` int NOT NULL
) ENGINE=InnoDB DEFAULT CHARSET=utf8mb4 COLLATE=utf8mb4_unicode_ci;

--
-- Dumping data for table `shifts`
--

INSERT INTO `shifts` (`id`, `created_at`, `updated_at`, `shift_name`, `in`, `out`, `late`) VALUES
(1, '2022-10-06 15:35:10', '2022-10-25 06:19:18', 'pagi', '08:30:00', '16:00:00', 15),
(2, '2022-10-25 06:17:29', '2023-08-13 23:57:46', 'sore baru', '15:00:00', '21:00:00', 15),
(3, '2022-10-25 06:20:41', '2022-10-25 06:20:41', 'minggu', '16:00:00', '20:00:00', 15),
(6, '2022-10-28 14:00:50', '2022-10-28 14:00:50', 'Pian', '16:00:00', '22:00:00', 15),
(7, '2022-10-29 07:43:58', '2022-10-29 14:29:31', 'Pian 29/10', '14:50:00', '21:30:00', 15),
(8, '2022-10-31 04:13:47', '2022-10-31 11:40:35', 'Pian 31/10', '13:00:00', '19:00:00', 15),
(9, '2022-11-06 05:44:56', '2022-11-06 05:44:56', 'pian 02', '13:00:00', '23:00:00', 180),
(10, '2023-08-13 23:53:59', '2023-08-13 23:56:10', 'pagi baru', '08:00:00', '15:00:00', 15);

-- --------------------------------------------------------

--
-- Table structure for table `superrs`
--

CREATE TABLE `superrs` (
  `id` bigint UNSIGNED NOT NULL,
  `created_at` timestamp NULL DEFAULT NULL,
  `updated_at` timestamp NULL DEFAULT NULL,
  `name` varchar(100) COLLATE utf8mb4_unicode_ci DEFAULT NULL,
  `age` int DEFAULT NULL,
  `is_active` tinyint(1) NOT NULL DEFAULT '1',
  `birth_date` date DEFAULT NULL,
  `salary` bigint DEFAULT NULL
) ENGINE=InnoDB DEFAULT CHARSET=utf8mb4 COLLATE=utf8mb4_unicode_ci;

-- --------------------------------------------------------

--
-- Table structure for table `users`
--

CREATE TABLE `users` (
  `id` bigint UNSIGNED NOT NULL,
  `name` varchar(255) COLLATE utf8mb4_unicode_ci NOT NULL,
  `email` varchar(255) COLLATE utf8mb4_unicode_ci NOT NULL,
  `email_verified_at` timestamp NULL DEFAULT NULL,
  `password` varchar(255) COLLATE utf8mb4_unicode_ci NOT NULL,
  `remember_token` varchar(100) COLLATE utf8mb4_unicode_ci DEFAULT NULL,
  `created_at` timestamp NULL DEFAULT NULL,
  `updated_at` timestamp NULL DEFAULT NULL,
  `role` varchar(255) COLLATE utf8mb4_unicode_ci NOT NULL DEFAULT 'user'
) ENGINE=InnoDB DEFAULT CHARSET=utf8mb4 COLLATE=utf8mb4_unicode_ci;

--
-- Dumping data for table `users`
--

INSERT INTO `users` (`id`, `name`, `email`, `email_verified_at`, `password`, `remember_token`, `created_at`, `updated_at`, `role`) VALUES
(1, 'Admin Apotek', 'admin@apotek.com', '2022-10-06 15:11:38', '$2y$10$pIRoAAkPerYW3Pa/oRci3eIM5vAF8Vq2JBm7BLa/6aVbAcOndnkke', 'FPsTx4Dh8orWkEW5FX2TgGUc2G675HGV6jJJ9OaKKFMvZzjYIcDD4ymCLW1c', '2022-10-06 15:11:38', '2022-10-06 15:11:38', 'admin'),
(2, 'Owner Apotek', 'owner@apotek.com', '2022-10-06 15:11:38', '$2y$10$pIRoAAkPerYW3Pa/oRci3eIM5vAF8Vq2JBm7BLa/6aVbAcOndnkke', '4xe3spLeMwPOTZ2mn0qsHwrZNWs6ZoAPdLExqBOn14Fzx6Cw5ewrkY5GtYRY', '2022-10-06 15:11:38', '2022-10-06 15:11:38', 'owner');

--
-- Indexes for dumped tables
--

--
-- Indexes for table `attendances`
--
ALTER TABLE `attendances`
  ADD PRIMARY KEY (`id`),
  ADD KEY `attendances_employees_id_foreign` (`employees_id`),
  ADD KEY `attendances_schedules_id_foreign` (`schedules_id`);

--
-- Indexes for table `employees`
--
ALTER TABLE `employees`
  ADD PRIMARY KEY (`id`),
  ADD UNIQUE KEY `employees_rfid_unique` (`rfid`),
  ADD KEY `employees_jabatans_id_foreign` (`jabatans_id`);

--
-- Indexes for table `failed_jobs`
--
ALTER TABLE `failed_jobs`
  ADD PRIMARY KEY (`id`),
  ADD UNIQUE KEY `failed_jobs_uuid_unique` (`uuid`);

--
-- Indexes for table `jabatans`
--
ALTER TABLE `jabatans`
  ADD PRIMARY KEY (`id`);

--
-- Indexes for table `job_batches`
--
ALTER TABLE `job_batches`
  ADD PRIMARY KEY (`id`);

--
-- Indexes for table `migrations`
--
ALTER TABLE `migrations`
  ADD PRIMARY KEY (`id`);

--
-- Indexes for table `password_resets`
--
ALTER TABLE `password_resets`
  ADD KEY `password_resets_email_index` (`email`);

--
-- Indexes for table `payments`
--
ALTER TABLE `payments`
  ADD PRIMARY KEY (`id`),
  ADD KEY `payments_employees_id_foreign` (`employees_id`);

--
-- Indexes for table `personal_access_tokens`
--
ALTER TABLE `personal_access_tokens`
  ADD PRIMARY KEY (`id`),
  ADD UNIQUE KEY `personal_access_tokens_token_unique` (`token`),
  ADD KEY `personal_access_tokens_tokenable_type_tokenable_id_index` (`tokenable_type`,`tokenable_id`);

--
-- Indexes for table `salaries`
--
ALTER TABLE `salaries`
  ADD PRIMARY KEY (`id`),
  ADD KEY `salaries_jabatan_id_foreign` (`jabatan_id`);

--
-- Indexes for table `schedules`
--
ALTER TABLE `schedules`
  ADD PRIMARY KEY (`id`),
  ADD KEY `schedules_employees_id_foreign` (`employees_id`),
  ADD KEY `schedules_shifts_id_foreign` (`shifts_id`);

--
-- Indexes for table `settings`
--
ALTER TABLE `settings`
  ADD PRIMARY KEY (`id`);

--
-- Indexes for table `shifts`
--
ALTER TABLE `shifts`
  ADD PRIMARY KEY (`id`);

--
-- Indexes for table `superrs`
--
ALTER TABLE `superrs`
  ADD PRIMARY KEY (`id`);

--
-- Indexes for table `users`
--
ALTER TABLE `users`
  ADD PRIMARY KEY (`id`),
  ADD UNIQUE KEY `users_email_unique` (`email`);

--
-- AUTO_INCREMENT for dumped tables
--

--
-- AUTO_INCREMENT for table `attendances`
--
ALTER TABLE `attendances`
  MODIFY `id` bigint UNSIGNED NOT NULL AUTO_INCREMENT, AUTO_INCREMENT=977;

--
-- AUTO_INCREMENT for table `employees`
--
ALTER TABLE `employees`
  MODIFY `id` bigint UNSIGNED NOT NULL AUTO_INCREMENT, AUTO_INCREMENT=27;

--
-- AUTO_INCREMENT for table `failed_jobs`
--
ALTER TABLE `failed_jobs`
  MODIFY `id` bigint UNSIGNED NOT NULL AUTO_INCREMENT;

--
-- AUTO_INCREMENT for table `jabatans`
--
ALTER TABLE `jabatans`
  MODIFY `id` bigint UNSIGNED NOT NULL AUTO_INCREMENT, AUTO_INCREMENT=6;

--
-- AUTO_INCREMENT for table `migrations`
--
ALTER TABLE `migrations`
  MODIFY `id` int UNSIGNED NOT NULL AUTO_INCREMENT, AUTO_INCREMENT=24;

--
-- AUTO_INCREMENT for table `payments`
--
ALTER TABLE `payments`
  MODIFY `id` bigint UNSIGNED NOT NULL AUTO_INCREMENT, AUTO_INCREMENT=28;

--
-- AUTO_INCREMENT for table `personal_access_tokens`
--
ALTER TABLE `personal_access_tokens`
  MODIFY `id` bigint UNSIGNED NOT NULL AUTO_INCREMENT;

--
-- AUTO_INCREMENT for table `salaries`
--
ALTER TABLE `salaries`
  MODIFY `id` bigint UNSIGNED NOT NULL AUTO_INCREMENT, AUTO_INCREMENT=7;

--
-- AUTO_INCREMENT for table `schedules`
--
ALTER TABLE `schedules`
  MODIFY `id` bigint UNSIGNED NOT NULL AUTO_INCREMENT, AUTO_INCREMENT=977;

--
-- AUTO_INCREMENT for table `settings`
--
ALTER TABLE `settings`
  MODIFY `id` bigint UNSIGNED NOT NULL AUTO_INCREMENT, AUTO_INCREMENT=2;

--
-- AUTO_INCREMENT for table `shifts`
--
ALTER TABLE `shifts`
  MODIFY `id` bigint UNSIGNED NOT NULL AUTO_INCREMENT, AUTO_INCREMENT=11;

--
-- AUTO_INCREMENT for table `superrs`
--
ALTER TABLE `superrs`
  MODIFY `id` bigint UNSIGNED NOT NULL AUTO_INCREMENT;

--
-- AUTO_INCREMENT for table `users`
--
ALTER TABLE `users`
  MODIFY `id` bigint UNSIGNED NOT NULL AUTO_INCREMENT, AUTO_INCREMENT=3;

--
-- Constraints for dumped tables
--

--
-- Constraints for table `attendances`
--
ALTER TABLE `attendances`
  ADD CONSTRAINT `attendances_employees_id_foreign` FOREIGN KEY (`employees_id`) REFERENCES `employees` (`id`),
  ADD CONSTRAINT `attendances_schedules_id_foreign` FOREIGN KEY (`schedules_id`) REFERENCES `schedules` (`id`);

--
-- Constraints for table `employees`
--
ALTER TABLE `employees`
  ADD CONSTRAINT `employees_jabatans_id_foreign` FOREIGN KEY (`jabatans_id`) REFERENCES `jabatans` (`id`);

--
-- Constraints for table `payments`
--
ALTER TABLE `payments`
  ADD CONSTRAINT `payments_employees_id_foreign` FOREIGN KEY (`employees_id`) REFERENCES `employees` (`id`);

--
-- Constraints for table `salaries`
--
ALTER TABLE `salaries`
  ADD CONSTRAINT `salaries_jabatan_id_foreign` FOREIGN KEY (`jabatan_id`) REFERENCES `jabatans` (`id`);

--
-- Constraints for table `schedules`
--
ALTER TABLE `schedules`
  ADD CONSTRAINT `schedules_employees_id_foreign` FOREIGN KEY (`employees_id`) REFERENCES `employees` (`id`),
  ADD CONSTRAINT `schedules_shifts_id_foreign` FOREIGN KEY (`shifts_id`) REFERENCES `shifts` (`id`);
COMMIT;

/*!40101 SET CHARACTER_SET_CLIENT=@OLD_CHARACTER_SET_CLIENT */;
/*!40101 SET CHARACTER_SET_RESULTS=@OLD_CHARACTER_SET_RESULTS */;
/*!40101 SET COLLATION_CONNECTION=@OLD_COLLATION_CONNECTION */;
