-- phpMyAdmin SQL Dump
-- version 5.2.0
-- https://www.phpmyadmin.net/
--
-- Host: localhost:3306
-- Generation Time: Oct 23, 2023 at 03:19 AM
-- Server version: 8.0.30
-- PHP Version: 8.1.10

SET SQL_MODE = "NO_AUTO_VALUE_ON_ZERO";
START TRANSACTION;
SET time_zone = "+00:00";


/*!40101 SET @OLD_CHARACTER_SET_CLIENT=@@CHARACTER_SET_CLIENT */;
/*!40101 SET @OLD_CHARACTER_SET_RESULTS=@@CHARACTER_SET_RESULTS */;
/*!40101 SET @OLD_COLLATION_CONNECTION=@@COLLATION_CONNECTION */;
/*!40101 SET NAMES utf8mb4 */;

--
-- Database: `laravel_sega2756_hris`
--

-- --------------------------------------------------------

--
-- Table structure for table `attendances`
--

CREATE TABLE `attendances` (
  `id` bigint UNSIGNED NOT NULL,
  `employees_id` bigint UNSIGNED NOT NULL,
  `schedules_id` bigint UNSIGNED NOT NULL,
  `at_in` time NOT NULL,
  `at_out` time NOT NULL,
  `status` varchar(255) COLLATE utf8mb4_unicode_ci NOT NULL,
  `lembur` int NOT NULL,
  `created_at` timestamp NULL DEFAULT NULL,
  `updated_at` timestamp NULL DEFAULT NULL,
  `catatan` text COLLATE utf8mb4_unicode_ci
) ENGINE=InnoDB DEFAULT CHARSET=utf8mb4 COLLATE=utf8mb4_unicode_ci;

--
-- Dumping data for table `attendances`
--

INSERT INTO `attendances` (`id`, `employees_id`, `schedules_id`, `at_in`, `at_out`, `status`, `lembur`, `created_at`, `updated_at`, `catatan`) VALUES
(13, 19, 13, '08:30:00', '16:00:00', 'Pulang', 0, '2022-10-28 01:59:16', '2022-10-29 09:44:05', NULL),
(14, 19, 14, '16:00:00', '20:00:00', 'Pulang', 0, '2022-10-28 01:59:16', '2022-10-29 09:44:10', NULL),
(15, 19, 15, '08:30:00', '16:00:00', 'Pulang', 0, '2022-10-28 01:59:16', '2022-10-29 09:44:16', NULL),
(16, 19, 16, '16:00:00', '23:00:00', 'Pulang', 0, '2022-10-28 01:59:16', '2022-10-29 09:44:22', NULL),
(17, 19, 17, '16:00:00', '23:00:00', 'Pulang', 0, '2022-10-28 01:59:16', '2022-10-29 09:44:28', NULL),
(18, 19, 18, '16:00:00', '23:00:00', 'Pulang', 0, '2022-10-28 01:59:16', '2022-10-29 09:44:34', NULL),
(19, 19, 19, '08:30:00', '16:00:00', 'Pulang', 0, '2022-10-28 01:59:16', '2022-10-29 09:44:39', NULL),
(22, 20, 22, '08:30:00', '16:00:00', 'Pulang', 0, '2022-10-28 13:51:45', '2022-10-29 09:44:59', NULL),
(23, 20, 23, '16:00:00', '23:00:00', 'Pulang', 0, '2022-10-28 13:51:45', '2022-10-29 09:45:05', NULL),
(24, 20, 24, '16:00:00', '23:00:00', 'Pulang', 0, '2022-10-28 13:51:45', '2022-10-29 09:45:11', NULL),
(25, 20, 25, '08:30:00', '16:00:00', 'Pulang', 0, '2022-10-28 13:51:45', '2022-10-29 09:45:17', NULL),
(26, 20, 26, '16:00:00', '23:00:00', 'Pulang', 0, '2022-10-28 13:51:45', '2022-10-29 09:45:22', NULL),
(27, 20, 27, '16:00:00', '23:00:00', 'Pulang', 0, '2022-10-28 13:51:45', '2022-10-29 09:45:28', NULL),
(28, 20, 28, '16:00:00', '23:00:00', 'Pulang', 0, '2022-10-28 13:51:45', '2022-10-29 09:45:34', NULL),
(29, 20, 29, '08:30:05', '16:00:11', 'Pulang', 0, '2022-10-28 13:51:45', '2022-10-29 09:00:11', NULL),
(30, 19, 30, '15:53:27', '20:00:00', 'Pulang', 0, '2022-10-28 13:52:35', '2022-10-31 01:14:58', NULL),
(31, 21, 31, '16:00:00', '23:00:00', 'Pulang', 0, '2022-10-28 13:54:40', '2022-10-29 09:45:52', NULL),
(32, 21, 32, '16:00:00', '23:00:00', 'Pulang', 0, '2022-10-28 13:54:40', '2022-10-29 09:45:57', NULL),
(33, 21, 33, '16:00:00', '23:00:00', 'Pulang', 0, '2022-10-28 13:54:40', '2022-10-29 09:46:03', NULL),
(34, 21, 34, '08:30:00', '16:00:00', 'Pulang', 0, '2022-10-28 13:54:40', '2022-10-29 09:46:09', NULL),
(35, 21, 35, '08:30:00', '16:00:00', 'Pulang', 0, '2022-10-28 13:54:40', '2022-10-29 09:46:14', NULL),
(36, 21, 36, '16:00:00', '23:00:00', 'Pulang', 0, '2022-10-28 13:54:40', '2022-10-29 09:46:27', NULL),
(37, 21, 37, '16:00:00', '23:00:00', 'Pulang', 0, '2022-10-28 13:54:40', '2022-10-29 09:46:35', NULL),
(38, 21, 38, '15:46:56', '23:00:45', 'Pulang', 0, '2022-10-28 13:54:40', '2022-10-29 16:00:45', NULL),
(39, 22, 39, '16:00:00', '23:00:00', 'Pulang', 0, '2022-10-28 13:56:04', '2022-10-29 09:42:47', NULL),
(40, 22, 40, '16:00:00', '23:00:00', 'Pulang', 0, '2022-10-28 13:56:04', '2022-10-29 09:42:40', NULL),
(41, 22, 41, '16:00:00', '20:00:00', 'Pulang', 0, '2022-10-28 13:56:04', '2022-10-29 09:42:33', NULL),
(42, 22, 42, '08:30:00', '16:00:00', 'Pulang', 0, '2022-10-28 13:56:04', '2022-10-29 09:42:26', NULL),
(43, 22, 43, '16:00:00', '23:00:00', 'Pulang', 0, '2022-10-28 13:56:04', '2022-10-29 09:42:21', NULL),
(44, 22, 44, '08:30:00', '16:00:00', 'Pulang', 0, '2022-10-28 13:56:04', '2022-10-29 09:42:14', NULL),
(45, 22, 45, '16:00:00', '23:00:00', 'Pulang', 0, '2022-10-28 13:56:04', '2022-10-29 09:42:07', NULL),
(46, 22, 46, '15:47:07', '23:00:55', 'Pulang', 0, '2022-10-28 13:56:04', '2022-10-29 16:00:55', NULL),
(47, 22, 47, '16:02:21', '20:01:25', 'Pulang', 0, '2022-10-28 13:56:04', '2022-10-30 13:01:25', NULL),
(48, 23, 48, '16:00:00', '23:00:00', 'Pulang', 0, '2022-10-28 13:57:25', '2022-10-29 09:46:54', NULL),
(49, 23, 49, '08:30:00', '16:00:00', 'Pulang', 0, '2022-10-28 13:57:25', '2022-10-29 09:47:00', NULL),
(50, 23, 50, '16:00:00', '23:00:00', 'Pulang', 0, '2022-10-28 13:57:25', '2022-10-29 09:47:05', NULL),
(51, 23, 51, '16:00:00', '23:00:00', 'Pulang', 0, '2022-10-28 13:57:25', '2022-10-29 09:47:11', NULL),
(52, 23, 52, '16:00:00', '23:00:00', 'Pulang', 0, '2022-10-28 13:57:25', '2022-10-29 09:47:17', NULL),
(53, 23, 53, '08:30:00', '16:00:00', 'Pulang', 0, '2022-10-28 13:57:25', '2022-10-29 09:47:25', NULL),
(54, 23, 54, '08:30:00', '16:00:00', 'Pulang', 0, '2022-10-28 13:57:25', '2022-10-29 09:47:31', NULL),
(55, 23, 55, '15:47:31', '23:01:05', 'Pulang', 0, '2022-10-28 13:57:25', '2022-10-29 16:01:05', NULL),
(56, 24, 56, '16:00:00', '23:00:00', 'Pulang', 0, '2022-10-28 13:58:32', '2022-10-29 09:47:52', NULL),
(57, 24, 57, '16:00:00', '23:00:00', 'Pulang', 0, '2022-10-28 13:58:32', '2022-10-29 09:47:58', NULL),
(58, 24, 58, '16:00:00', '23:00:00', 'Pulang', 0, '2022-10-28 13:58:32', '2022-10-29 09:48:03', NULL),
(59, 24, 59, '16:00:00', '23:00:00', 'Pulang', 0, '2022-10-28 13:58:32', '2022-10-29 09:48:09', NULL),
(60, 24, 60, '16:00:00', '23:00:00', 'Pulang', 0, '2022-10-28 13:58:32', '2022-10-29 09:48:15', NULL),
(61, 24, 61, '16:00:00', '23:00:00', 'Pulang', 0, '2022-10-28 13:58:32', '2022-10-29 09:48:21', NULL),
(62, 24, 62, '16:00:00', '23:00:00', 'Pulang', 0, '2022-10-28 13:58:32', '2022-10-29 09:48:27', NULL),
(63, 24, 63, '15:54:26', '23:00:33', 'Pulang', 0, '2022-10-28 13:58:32', '2022-10-29 16:00:33', NULL),
(64, 16, 64, '16:00:00', '22:00:00', 'Pulang', 0, '2022-10-28 14:02:51', '2022-10-29 09:43:11', NULL),
(65, 16, 65, '16:00:00', '22:00:00', 'Pulang', 0, '2022-10-28 14:02:51', '2022-10-29 09:43:17', NULL),
(66, 16, 66, '16:00:00', '22:00:00', 'Pulang', 0, '2022-10-28 14:02:51', '2022-10-29 09:43:22', NULL),
(67, 16, 67, '16:00:00', '22:00:00', 'Pulang', 0, '2022-10-28 14:02:51', '2022-10-29 09:43:29', NULL),
(68, 16, 68, '16:00:00', '22:00:00', 'Pulang', 0, '2022-10-28 14:02:51', '2022-10-29 09:43:34', NULL),
(69, 16, 69, '16:00:00', '22:00:00', 'Pulang', 0, '2022-10-28 14:02:51', '2022-10-29 09:43:40', NULL),
(70, 16, 70, '16:00:00', '22:00:00', 'Pulang', 0, '2022-10-28 14:02:51', '2022-10-29 09:43:47', NULL),
(71, 16, 71, '14:55:11', '21:56:24', 'Pulang', 0, '2022-10-28 14:02:51', '2022-10-29 16:13:56', NULL),
(72, 16, 72, '12:59:48', '19:13:34', 'Pulang', 0, '2022-10-30 20:04:04', '2022-10-31 12:13:34', NULL),
(73, 16, 73, '16:00:00', '23:00:00', 'Pulang', 0, '2022-10-30 20:04:04', '2022-11-06 05:40:57', NULL),
(74, 16, 74, '16:00:00', '23:00:00', 'Pulang', 0, '2022-10-30 20:04:04', '2022-11-06 05:41:12', NULL),
(75, 16, 75, '16:00:14', '22:02:43', 'Pulang', 0, '2022-10-30 20:04:04', '2022-11-03 15:02:43', NULL),
(76, 16, 76, '16:00:00', '23:00:00', 'Pulang', 0, '2022-10-30 20:04:04', '2022-11-06 05:41:25', NULL),
(77, 16, 77, '16:00:00', '23:00:00', 'Pulang', 0, '2022-10-30 20:04:04', '2022-11-06 05:41:36', NULL),
(78, 24, 78, '15:59:07', '23:01:42', 'Pulang', 0, '2022-10-30 20:06:11', '2022-10-31 16:01:42', NULL),
(79, 24, 79, '15:44:42', '23:01:47', 'Pulang', 0, '2022-10-30 20:06:11', '2022-11-01 16:01:47', NULL),
(80, 24, 80, '15:51:40', '23:09:39', 'Pulang', 0, '2022-10-30 20:06:11', '2022-11-02 16:09:39', NULL),
(81, 24, 81, '15:49:30', '23:01:03', 'Pulang', 0, '2022-10-30 20:06:11', '2022-11-03 16:01:03', NULL),
(82, 24, 82, '16:00:37', '23:00:52', 'Pulang', 0, '2022-10-30 20:06:11', '2022-11-04 16:00:52', NULL),
(83, 24, 83, '15:45:12', '23:02:56', 'Pulang', 0, '2022-10-30 20:06:11', '2022-11-05 16:02:56', NULL),
(84, 19, 84, '08:14:39', '16:01:35', 'Pulang', 0, '2022-10-30 20:07:38', '2022-10-31 09:01:35', NULL),
(85, 19, 85, '15:39:00', '23:01:09', 'Pulang', 0, '2022-10-30 20:07:38', '2022-11-01 16:01:09', NULL),
(86, 19, 86, '15:41:13', '23:01:15', 'Pulang', 0, '2022-10-30 20:07:38', '2022-11-02 16:01:15', NULL),
(87, 19, 87, '15:47:16', '23:00:43', 'Pulang', 0, '2022-10-30 20:07:38', '2022-11-03 16:00:43', NULL),
(88, 19, 88, '00:00:00', '00:00:00', 'Belum Masuk', 0, '2022-10-30 20:07:38', '2022-10-30 20:07:38', NULL),
(89, 19, 89, '00:00:00', '00:00:00', 'Belum Masuk', 0, '2022-10-30 20:07:38', '2022-10-30 20:07:38', NULL),
(90, 20, 90, '15:47:54', '23:00:47', 'Pulang', 0, '2022-10-30 20:09:24', '2022-10-31 16:00:47', NULL),
(91, 20, 91, '15:44:48', '23:01:02', 'Pulang', 0, '2022-10-30 20:09:24', '2022-11-01 16:01:02', NULL),
(92, 20, 92, '15:49:02', '23:00:58', 'Pulang', 0, '2022-10-30 20:09:24', '2022-11-02 16:00:58', NULL),
(93, 20, 93, '08:12:08', '16:01:29', 'Pulang', 0, '2022-10-30 20:09:24', '2022-11-03 09:01:29', NULL),
(94, 20, 94, '08:17:18', '16:00:20', 'Pulang', 0, '2022-10-30 20:09:24', '2022-11-04 09:00:20', NULL),
(95, 20, 95, '16:05:16', '20:00:08', 'Pulang', 0, '2022-10-30 20:09:24', '2022-11-06 13:00:08', NULL),
(96, 21, 96, '15:48:05', '23:01:01', 'Pulang', 0, '2022-10-30 20:11:21', '2022-10-31 16:01:01', NULL),
(97, 21, 97, '08:19:57', '16:01:39', 'Pulang', 0, '2022-10-30 20:11:21', '2022-11-01 09:01:39', NULL),
(98, 21, 98, '08:14:55', '16:03:59', 'Pulang', 0, '2022-10-30 20:11:21', '2022-11-02 09:03:59', NULL),
(99, 21, 99, '15:52:14', '23:01:54', 'Pulang', 0, '2022-10-30 20:11:21', '2022-11-04 16:01:54', NULL),
(100, 21, 100, '15:52:41', '23:03:29', 'Pulang', 0, '2022-10-30 20:11:21', '2022-11-05 16:03:29', NULL),
(101, 21, 101, '16:05:23', '20:00:25', 'Pulang', 0, '2022-10-30 20:11:21', '2022-11-06 13:00:25', NULL),
(102, 22, 102, '08:35:00', '16:15:00', 'Pulang', 0, '2022-10-30 20:12:48', '2022-10-31 13:38:19', NULL),
(103, 22, 103, '15:45:02', '23:01:19', 'Pulang', 0, '2022-10-30 20:12:48', '2022-11-01 16:01:19', NULL),
(104, 22, 104, '08:27:53', '16:04:12', 'Pulang', 0, '2022-10-30 20:12:48', '2022-11-02 09:04:12', NULL),
(105, 22, 105, '15:55:25', '23:01:00', 'Pulang', 0, '2022-10-30 20:12:48', '2022-11-03 16:01:00', NULL),
(106, 22, 106, '15:57:19', '23:00:33', 'Pulang', 0, '2022-10-30 20:12:48', '2022-11-04 16:00:33', NULL),
(107, 22, 107, '15:54:13', '23:03:34', 'Pulang', 0, '2022-10-30 20:12:48', '2022-11-05 16:03:34', NULL),
(108, 23, 108, '15:48:01', '23:01:10', 'Pulang', 0, '2022-10-30 20:14:42', '2022-10-31 16:01:10', NULL),
(109, 23, 109, '00:00:00', '00:00:00', 'Terlambat', 0, '2022-10-30 20:14:42', '2022-11-06 05:43:31', NULL),
(110, 23, 110, '16:10:07', '23:01:09', 'Pulang', 0, '2022-10-30 20:14:42', '2022-11-02 16:01:09', NULL),
(111, 23, 111, '16:09:18', '23:00:52', 'Pulang', 0, '2022-10-30 20:14:42', '2022-11-03 16:00:52', NULL),
(112, 23, 112, '08:16:54', '16:00:26', 'Pulang', 0, '2022-10-30 20:14:42', '2022-11-04 09:00:26', NULL),
(113, 23, 113, '16:11:40', '23:03:10', 'Pulang', 0, '2022-10-30 20:14:42', '2022-11-05 16:03:10', NULL),
(114, 19, 114, '15:57:37', '23:00:40', 'Pulang', 0, '2022-11-04 08:53:19', '2022-11-04 16:00:40', NULL),
(115, 19, 115, '08:30:00', '16:00:00', 'Pulang', 0, '2022-11-06 05:38:38', '2022-11-06 05:39:19', NULL),
(116, 19, 116, '15:48:53', '23:00:13', 'Pulang', 0, '2022-11-06 06:05:12', '2022-11-07 16:00:13', NULL),
(117, 19, 117, '15:44:07', '23:00:57', 'Pulang', 0, '2022-11-06 06:05:12', '2022-11-08 16:00:57', NULL),
(118, 19, 118, '08:30:00', '16:05:36', 'Pulang', 0, '2022-11-06 06:05:12', '2022-11-09 09:05:36', NULL),
(119, 19, 119, '15:49:48', '23:01:22', 'Pulang', 0, '2022-11-06 06:05:12', '2022-11-10 16:01:22', NULL),
(120, 19, 120, '08:32:05', '16:00:10', 'Pulang', 0, '2022-11-06 06:05:12', '2022-11-11 09:00:10', NULL),
(121, 19, 121, '15:37:50', '20:00:17', 'Pulang', 0, '2022-11-06 06:05:12', '2022-11-13 13:00:17', NULL),
(122, 20, 122, '15:42:04', '23:00:03', 'Pulang', 0, '2022-11-06 06:07:15', '2022-11-07 16:00:03', NULL),
(123, 20, 123, '15:43:47', '23:00:53', 'Pulang', 0, '2022-11-06 06:07:15', '2022-11-08 16:00:53', NULL),
(124, 20, 124, '08:12:41', '16:01:25', 'Pulang', 0, '2022-11-06 06:07:15', '2022-11-09 09:01:25', NULL),
(125, 20, 125, '15:31:07', '23:00:03', 'Pulang', 0, '2022-11-06 06:07:15', '2022-11-11 16:00:03', NULL),
(126, 20, 126, '08:10:11', '16:01:25', 'Pulang', 0, '2022-11-06 06:07:15', '2022-11-12 09:01:25', NULL),
(127, 20, 127, '15:44:02', '20:00:13', 'Pulang', 0, '2022-11-06 06:07:15', '2022-11-13 13:00:13', NULL),
(128, 21, 128, '08:14:40', '16:01:41', 'Pulang', 0, '2022-11-06 06:08:42', '2022-11-07 09:01:41', NULL),
(129, 21, 129, '15:56:54', '23:01:11', 'Pulang', 0, '2022-11-06 06:08:42', '2022-11-08 16:01:11', NULL),
(130, 21, 130, '16:04:56', '23:00:42', 'Pulang', 0, '2022-11-06 06:08:42', '2022-11-09 16:00:42', NULL),
(131, 21, 131, '08:12:46', '16:02:42', 'Pulang', 0, '2022-11-06 06:08:42', '2022-11-10 09:02:42', NULL),
(132, 21, 132, '15:49:45', '23:02:26', 'Pulang', 0, '2022-11-06 06:08:42', '2022-11-11 16:02:26', NULL),
(133, 21, 133, '16:06:58', '23:00:00', 'Pulang', 0, '2022-11-06 06:08:42', '2022-11-20 01:11:48', NULL),
(134, 22, 134, '08:22:00', '16:01:31', 'Pulang', 0, '2022-11-06 06:10:31', '2022-11-07 09:01:31', NULL),
(135, 22, 135, '08:38:44', '16:08:33', 'Pulang', 0, '2022-11-06 06:10:31', '2022-11-08 09:08:33', NULL),
(136, 22, 136, '15:56:03', '23:00:37', 'Pulang', 0, '2022-11-06 06:10:31', '2022-11-09 16:00:37', NULL),
(137, 22, 137, '16:08:26', '23:01:04', 'Pulang', 0, '2022-11-06 06:10:31', '2022-11-10 16:01:04', NULL),
(138, 22, 138, '16:06:48', '23:02:17', 'Pulang', 0, '2022-11-06 06:10:31', '2022-11-11 16:02:17', NULL),
(139, 22, 139, '16:09:28', '23:00:00', 'Pulang', 0, '2022-11-06 06:10:31', '2022-11-20 01:09:35', NULL),
(140, 23, 140, '15:38:02', '23:00:09', 'Pulang', 0, '2022-11-06 06:13:37', '2022-11-07 16:00:09', NULL),
(141, 23, 141, '08:38:30', '16:08:38', 'Pulang', 0, '2022-11-06 06:13:37', '2022-11-08 09:08:38', NULL),
(142, 23, 142, '16:13:01', '23:00:48', 'Pulang', 0, '2022-11-06 06:13:37', '2022-11-09 16:00:48', NULL),
(143, 23, 143, '15:42:50', '23:01:31', 'Pulang', 0, '2022-11-06 06:13:37', '2022-11-10 16:01:31', NULL),
(144, 23, 144, '08:30:00', '16:00:00', 'Pulang', 0, '2022-11-06 06:13:37', '2022-11-20 01:23:06', NULL),
(145, 23, 145, '16:09:38', '23:00:00', 'Pulang', 0, '2022-11-06 06:13:37', '2022-11-20 01:11:04', NULL),
(146, 16, 146, '00:00:00', '00:00:00', 'Belum Masuk', 0, '2022-11-06 06:15:31', '2022-11-06 06:15:31', NULL),
(147, 16, 147, '14:33:42', '23:00:00', 'Pulang', 0, '2022-11-06 06:15:31', '2022-11-18 09:45:27', NULL),
(148, 16, 148, '14:46:38', '23:00:00', 'Pulang', 0, '2022-11-06 06:15:31', '2022-11-18 09:46:20', NULL),
(149, 16, 149, '13:00:00', '23:00:00', 'Pulang', 0, '2022-11-06 06:15:31', '2022-11-18 09:50:37', NULL),
(150, 16, 150, '00:00:00', '00:00:00', 'Belum Masuk', 0, '2022-11-06 06:15:31', '2022-11-06 06:15:31', NULL),
(151, 16, 151, '13:08:12', '23:00:00', 'Pulang', 0, '2022-11-06 06:15:31', '2022-11-18 09:50:52', NULL),
(152, 24, 152, '15:43:18', '23:00:18', 'Pulang', 0, '2022-11-06 06:16:37', '2022-11-07 16:00:18', NULL),
(153, 24, 153, '15:44:00', '23:01:01', 'Pulang', 0, '2022-11-06 06:16:37', '2022-11-08 16:01:01', NULL),
(154, 24, 154, '15:49:04', '23:01:00', 'Pulang', 0, '2022-11-06 06:16:37', '2022-11-09 16:01:00', NULL),
(155, 24, 155, '15:51:32', '23:03:36', 'Pulang', 0, '2022-11-06 06:16:37', '2022-11-10 16:03:36', NULL),
(156, 24, 156, '15:51:41', '23:00:50', 'Pulang', 0, '2022-11-06 06:16:37', '2022-11-11 16:00:50', NULL),
(157, 24, 157, '15:52:30', '23:00:00', 'Pulang', 0, '2022-11-06 06:16:37', '2022-11-20 01:10:24', NULL),
(158, 19, 158, '15:45:55', '23:02:28', 'Pulang', 0, '2022-11-13 16:06:33', '2022-11-14 16:02:28', NULL),
(159, 19, 159, '15:44:16', '23:00:24', 'Pulang', 0, '2022-11-13 16:06:33', '2022-11-15 16:00:24', NULL),
(160, 19, 160, '08:32:10', '16:00:29', 'Pulang', 0, '2022-11-13 16:06:33', '2022-11-16 09:00:29', NULL),
(161, 19, 161, '15:44:15', '23:00:14', 'Pulang', 0, '2022-11-13 16:06:33', '2022-11-17 16:00:14', NULL),
(162, 19, 162, '08:30:57', '16:00:11', 'Pulang', 0, '2022-11-13 16:06:33', '2022-11-18 09:00:11', NULL),
(163, 19, 163, '16:00:00', '20:00:00', 'Pulang', 0, '2022-11-13 16:06:33', '2022-11-20 01:07:55', NULL),
(164, 20, 164, '08:13:49', '16:01:50', 'Pulang', 0, '2022-11-13 16:07:38', '2022-11-14 09:01:50', NULL),
(165, 20, 165, '15:38:55', '23:00:13', 'Pulang', 0, '2022-11-13 16:07:38', '2022-11-15 16:00:13', NULL),
(166, 20, 166, '15:55:30', '23:02:04', 'Pulang', 0, '2022-11-13 16:07:38', '2022-11-16 16:02:04', NULL),
(167, 20, 167, '08:23:52', '16:03:02', 'Pulang', 0, '2022-11-13 16:07:38', '2022-11-17 09:03:02', NULL),
(168, 20, 168, '15:33:54', '23:01:41', 'Pulang', 0, '2022-11-13 16:07:38', '2022-11-18 16:01:41', NULL),
(169, 20, 169, '15:59:27', '23:06:01', 'Pulang', 0, '2022-11-13 16:07:38', '2022-11-19 16:06:01', NULL),
(170, 21, 170, '08:13:39', '16:02:42', 'Pulang', 0, '2022-11-13 16:09:00', '2022-11-14 09:02:42', NULL),
(171, 21, 171, '08:33:09', '16:01:35', 'Pulang', 0, '2022-11-13 16:09:00', '2022-11-15 09:01:35', NULL),
(172, 21, 172, '15:55:22', '23:02:24', 'Pulang', 0, '2022-11-13 16:09:00', '2022-11-16 16:02:24', NULL),
(173, 21, 173, '16:12:09', '23:00:39', 'Pulang', 0, '2022-11-13 16:09:00', '2022-11-17 16:00:39', NULL),
(174, 21, 174, '15:53:05', '23:01:56', 'Pulang', 0, '2022-11-13 16:09:00', '2022-11-18 16:01:56', NULL),
(175, 21, 175, '15:58:44', '23:06:21', 'Pulang', 0, '2022-11-13 16:09:00', '2022-11-19 16:06:21', NULL),
(176, 22, 176, '16:10:21', '23:02:13', 'Pulang', 0, '2022-11-13 16:10:08', '2022-11-14 16:02:13', NULL),
(177, 22, 177, '16:11:16', '23:00:19', 'Pulang', 0, '2022-11-13 16:10:08', '2022-11-15 16:00:19', NULL),
(178, 22, 178, '16:06:45', '23:02:18', 'Pulang', 0, '2022-11-13 16:10:08', '2022-11-16 16:02:18', NULL),
(179, 22, 179, '16:14:08', '23:00:30', 'Pulang', 0, '2022-11-13 16:10:08', '2022-11-17 16:00:30', NULL),
(180, 22, 180, '08:41:46', '16:06:15', 'Pulang', 0, '2022-11-13 16:10:08', '2022-11-18 09:06:15', NULL),
(181, 22, 181, '08:42:56', '16:00:05', 'Pulang', 0, '2022-11-13 16:10:08', '2022-11-19 09:00:05', NULL),
(182, 23, 182, '15:42:14', '23:02:56', 'Pulang', 0, '2022-11-13 16:11:14', '2022-11-14 16:02:56', NULL),
(183, 23, 183, '08:33:50', '16:01:28', 'Pulang', 0, '2022-11-13 16:11:14', '2022-11-15 09:01:28', NULL),
(184, 23, 184, '08:40:53', '16:01:20', 'Pulang', 0, '2022-11-13 16:11:14', '2022-11-16 09:01:20', NULL),
(185, 23, 185, '15:33:44', '23:02:00', 'Pulang', 0, '2022-11-13 16:11:14', '2022-11-18 16:02:00', NULL),
(186, 23, 186, '16:14:21', '23:06:10', 'Pulang', 0, '2022-11-13 16:11:14', '2022-11-19 16:06:10', NULL),
(187, 23, 187, '16:00:00', '20:00:00', 'Pulang', 0, '2022-11-13 16:11:14', '2022-11-20 01:09:57', NULL),
(188, 16, 188, '13:00:00', '23:00:00', 'Pulang', 0, '2022-11-13 16:12:02', '2022-11-18 09:51:07', NULL),
(189, 16, 189, '13:03:00', '23:00:00', 'Pulang', 0, '2022-11-13 16:12:02', '2022-11-18 09:51:21', NULL),
(190, 16, 190, '15:55:35', '23:00:00', 'Pulang', 0, '2022-11-13 16:12:02', '2022-11-18 09:51:29', NULL),
(191, 16, 191, '14:34:28', '23:00:00', 'Pulang', 0, '2022-11-13 16:12:02', '2022-11-18 09:51:37', NULL),
(192, 16, 192, '15:26:57', '23:00:00', 'Pulang', 0, '2022-11-13 16:12:02', '2022-11-18 09:51:48', NULL),
(193, 16, 193, '13:00:00', '23:00:00', 'Pulang', 0, '2022-11-13 16:12:02', '2022-11-20 01:07:07', NULL),
(194, 24, 194, '15:47:42', '23:03:19', 'Pulang', 0, '2022-11-13 16:12:55', '2022-11-14 16:03:19', NULL),
(195, 24, 195, '15:31:18', '23:00:28', 'Pulang', 0, '2022-11-13 16:12:55', '2022-11-15 16:00:28', NULL),
(196, 24, 196, '15:58:20', '23:01:57', 'Pulang', 0, '2022-11-13 16:12:55', '2022-11-16 16:01:57', NULL),
(197, 24, 197, '15:57:31', '23:00:22', 'Pulang', 0, '2022-11-13 16:12:55', '2022-11-17 16:00:22', NULL),
(198, 24, 198, '15:41:41', '23:01:37', 'Pulang', 0, '2022-11-13 16:12:55', '2022-11-18 16:01:37', NULL),
(199, 24, 199, '00:00:00', '00:00:00', 'Belum Masuk', 0, '2022-11-13 16:12:55', '2022-11-13 16:12:55', NULL),
(200, 19, 200, '15:41:44', '23:00:36', 'Pulang', 0, '2022-11-21 04:22:58', '2022-11-21 16:00:36', NULL),
(201, 19, 201, '15:45:21', '23:00:34', 'Pulang', 0, '2022-11-21 04:22:58', '2022-11-22 16:00:34', NULL),
(202, 19, 202, '15:49:55', '23:01:26', 'Pulang', 0, '2022-11-21 04:22:58', '2022-11-23 16:01:26', NULL),
(203, 19, 203, '15:45:44', '23:00:33', 'Pulang', 0, '2022-11-21 04:22:58', '2022-11-24 16:00:33', NULL),
(204, 19, 204, '08:33:35', '16:00:11', 'Pulang', 0, '2022-11-21 04:22:58', '2022-11-25 09:00:11', NULL),
(205, 19, 205, '08:24:15', '16:00:57', 'Pulang', 0, '2022-11-21 04:22:58', '2022-11-26 09:00:57', NULL),
(206, 20, 206, '13:00:00', '23:00:00', 'Pulang', 0, '2022-11-21 04:24:15', '2022-12-20 09:16:45', NULL),
(207, 20, 207, '15:31:17', '23:00:20', 'Pulang', 0, '2022-11-21 04:24:15', '2022-11-22 16:00:20', NULL),
(208, 20, 208, '08:12:38', '16:01:55', 'Pulang', 0, '2022-11-21 04:24:15', '2022-11-23 09:01:55', NULL),
(209, 20, 209, '15:45:40', '23:00:56', 'Pulang', 0, '2022-11-21 04:24:15', '2022-11-24 16:00:56', NULL),
(210, 20, 210, '15:35:28', '23:00:51', 'Pulang', 0, '2022-11-21 04:24:15', '2022-11-25 16:00:51', NULL),
(211, 20, 211, '15:46:53', '23:02:00', 'Pulang', 0, '2022-11-21 04:24:15', '2022-11-26 16:02:00', NULL),
(212, 21, 212, '15:54:25', '23:00:44', 'Pulang', 0, '2022-11-21 04:25:52', '2022-11-21 16:00:44', NULL),
(213, 21, 213, '08:07:01', '16:05:37', 'Pulang', 0, '2022-11-21 04:25:52', '2022-11-22 09:05:37', NULL),
(214, 21, 214, '15:49:47', '23:01:29', 'Pulang', 0, '2022-11-21 04:25:52', '2022-11-23 16:01:29', NULL),
(215, 21, 215, '08:06:18', '16:03:50', 'Pulang', 0, '2022-11-21 04:25:52', '2022-11-24 09:03:50', NULL),
(216, 21, 216, '15:59:22', '23:04:30', 'Pulang', 0, '2022-11-21 04:25:52', '2022-11-25 16:04:30', NULL),
(217, 21, 217, '16:09:35', '23:02:08', 'Pulang', 0, '2022-11-21 04:25:52', '2022-11-26 16:02:08', NULL),
(218, 22, 218, '08:30:00', '16:00:00', 'Pulang', 0, '2022-11-21 04:27:07', '2022-12-20 10:10:31', NULL),
(219, 22, 219, '16:12:45', '23:00:29', 'Pulang', 0, '2022-11-21 04:27:07', '2022-11-22 16:00:29', NULL),
(220, 22, 220, '08:24:25', '16:11:52', 'Pulang', 0, '2022-11-21 04:27:07', '2022-11-23 09:11:52', NULL),
(221, 22, 221, '16:00:00', '23:00:00', 'Pulang', 0, '2022-11-21 04:27:07', '2022-12-20 10:10:45', NULL),
(222, 22, 222, '16:12:59', '23:05:22', 'Pulang', 0, '2022-11-21 04:27:07', '2022-11-25 16:05:22', NULL),
(223, 22, 223, '16:00:00', '20:00:00', 'Pulang', 0, '2022-11-21 04:27:07', '2022-12-20 10:11:12', NULL),
(224, 23, 224, '16:02:23', '23:01:14', 'Pulang', 0, '2022-11-21 04:28:38', '2022-11-21 16:01:14', NULL),
(225, 23, 225, '08:08:05', '16:06:09', 'Pulang', 0, '2022-11-21 04:28:38', '2022-11-22 09:06:09', NULL),
(226, 23, 226, '16:00:00', '23:00:00', 'Pulang', 0, '2022-11-21 04:28:38', '2022-12-20 10:15:19', NULL),
(227, 23, 227, '08:30:00', '16:00:00', 'Pulang', 0, '2022-11-21 04:28:38', '2022-12-20 10:15:03', NULL),
(228, 23, 228, '16:00:00', '23:00:00', 'Pulang', 0, '2022-11-21 04:28:38', '2022-12-20 10:14:50', NULL),
(229, 23, 229, '16:00:00', '20:00:00', 'Pulang', 0, '2022-11-21 04:28:38', '2022-12-20 10:14:40', NULL),
(230, 16, 230, '14:58:36', '00:00:00', 'Pulang', 0, '2022-11-21 04:29:27', '2022-12-20 09:09:51', NULL),
(231, 16, 231, '14:32:17', '23:00:00', 'Pulang', 0, '2022-11-21 04:29:27', '2022-12-20 09:10:03', NULL),
(232, 16, 232, '13:23:51', '23:00:00', 'Pulang', 0, '2022-11-21 04:29:27', '2022-12-20 09:10:17', NULL),
(233, 16, 233, '12:36:57', '00:00:00', 'Pulang', 0, '2022-11-21 04:29:27', '2022-12-20 09:10:23', NULL),
(234, 16, 234, '13:38:49', '23:03:00', 'Pulang', 0, '2022-11-21 04:29:27', '2022-12-20 09:10:32', NULL),
(235, 16, 235, '13:00:00', '23:00:00', 'Belum Masuk', 0, '2022-11-21 04:29:27', '2022-12-20 16:06:54', NULL),
(236, 24, 236, '15:44:50', '23:05:20', 'Pulang', 0, '2022-11-21 04:30:26', '2022-11-21 16:05:20', NULL),
(237, 24, 237, '15:58:23', '23:00:39', 'Pulang', 0, '2022-11-21 04:30:26', '2022-11-22 16:00:39', NULL),
(238, 24, 238, '16:00:00', '23:00:00', 'Pulang', 0, '2022-11-21 04:30:26', '2022-12-20 10:17:56', NULL),
(239, 24, 239, '16:00:00', '23:00:00', 'Pulang', 0, '2022-11-21 04:30:26', '2022-12-20 10:18:05', NULL),
(240, 24, 240, '15:59:49', '23:06:37', 'Pulang', 0, '2022-11-21 04:30:26', '2022-11-25 16:06:37', NULL),
(241, 24, 241, '15:51:26', '23:02:30', 'Pulang', 0, '2022-11-21 04:30:26', '2022-11-26 16:02:30', NULL),
(242, 16, 242, '15:10:33', '23:00:00', 'Pulang', 0, '2022-11-27 14:46:59', '2022-12-20 09:10:52', NULL),
(243, 16, 243, '13:00:00', '23:00:00', 'Pulang', 0, '2022-11-27 14:46:59', '2022-12-20 09:10:59', NULL),
(244, 16, 244, '13:49:09', '00:00:00', 'Pulang', 0, '2022-11-27 14:46:59', '2022-12-20 09:11:05', NULL),
(245, 16, 245, '13:00:00', '23:00:00', 'Pulang', 0, '2022-11-27 14:46:59', '2022-12-20 09:11:10', NULL),
(246, 16, 246, '12:33:38', '23:00:00', 'Pulang', 0, '2022-11-27 14:46:59', '2022-12-20 09:11:20', NULL),
(247, 16, 247, '13:49:30', '23:00:00', 'Pulang', 0, '2022-11-27 14:46:59', '2022-12-20 09:11:35', NULL),
(248, 24, 248, '15:37:21', '23:01:43', 'Pulang', 0, '2022-11-27 14:47:46', '2022-11-28 16:01:43', NULL),
(249, 24, 249, '15:51:55', '23:00:24', 'Pulang', 0, '2022-11-27 14:47:46', '2022-11-29 16:00:24', NULL),
(250, 24, 250, '15:55:11', '23:02:34', 'Pulang', 0, '2022-11-27 14:47:46', '2022-11-30 16:02:34', NULL),
(251, 24, 251, '15:56:33', '23:03:48', 'Pulang', 0, '2022-11-27 14:47:46', '2022-12-01 16:03:48', NULL),
(252, 24, 252, '15:53:44', '23:02:17', 'Pulang', 0, '2022-11-27 14:47:46', '2022-12-02 16:02:17', NULL),
(253, 24, 253, '16:00:00', '23:00:00', 'Pulang', 0, '2022-11-27 14:47:46', '2022-12-20 10:17:25', NULL),
(254, 19, 254, '08:15:11', '16:02:14', 'Pulang', 0, '2022-11-27 14:48:49', '2022-11-28 09:02:14', NULL),
(257, 19, 257, '15:48:45', '23:01:48', 'Pulang', 0, '2022-11-27 14:48:49', '2022-12-02 16:01:48', NULL),
(258, 19, 258, '15:46:52', '23:03:52', 'Pulang', 0, '2022-11-27 14:48:49', '2022-12-03 16:03:52', NULL),
(259, 19, 259, '15:41:18', '20:02:06', 'Pulang', 0, '2022-11-27 14:48:49', '2022-12-04 13:02:06', NULL),
(260, 20, 260, '15:42:39', '23:01:25', 'Pulang', 0, '2022-11-27 14:49:53', '2022-11-28 16:01:25', NULL),
(263, 20, 263, '15:56:22', '23:01:00', 'Pulang', 0, '2022-11-27 14:49:53', '2022-12-01 16:01:00', NULL),
(264, 20, 264, '15:44:52', '23:01:53', 'Pulang', 0, '2022-11-27 14:49:53', '2022-12-02 16:01:53', NULL),
(265, 20, 265, '08:21:28', '16:03:09', 'Pulang', 0, '2022-11-27 14:49:53', '2022-12-03 09:03:09', NULL),
(266, 21, 266, '15:42:44', '23:01:31', 'Pulang', 0, '2022-11-27 14:51:11', '2022-11-28 16:01:31', NULL),
(267, 21, 267, '08:30:00', '16:00:00', 'Pulang', 0, '2022-11-27 14:51:11', '2022-11-29 13:37:48', NULL),
(269, 21, 269, '15:48:29', '23:01:41', 'Pulang', 0, '2022-11-27 14:51:11', '2022-12-02 16:01:41', NULL),
(270, 21, 270, '08:21:44', '16:03:18', 'Pulang', 0, '2022-11-27 14:51:11', '2022-12-03 09:03:18', NULL),
(271, 21, 271, '15:50:48', '20:02:24', 'Pulang', 0, '2022-11-27 14:51:11', '2022-12-04 13:02:24', NULL),
(272, 22, 272, '15:50:40', '23:01:39', 'Pulang', 0, '2022-11-27 14:52:11', '2022-11-28 16:01:39', NULL),
(273, 22, 273, '16:11:12', '23:00:30', 'Pulang', 0, '2022-11-27 14:52:11', '2022-11-29 16:00:30', NULL),
(274, 22, 274, '16:11:01', '23:02:06', 'Pulang', 0, '2022-11-27 14:52:11', '2022-11-30 16:02:06', NULL),
(275, 22, 275, '08:30:46', '16:03:36', 'Pulang', 0, '2022-11-27 14:52:11', '2022-12-01 09:03:36', NULL),
(276, 22, 276, '08:30:00', '16:00:00', 'Pulang', 0, '2022-11-27 14:52:11', '2022-12-20 10:10:16', NULL),
(277, 22, 277, '16:07:03', '23:03:47', 'Pulang', 0, '2022-11-27 14:52:11', '2022-12-03 16:03:47', NULL),
(278, 23, 278, '08:23:24', '16:02:30', 'Pulang', 0, '2022-11-27 14:53:26', '2022-11-28 09:02:30', NULL),
(279, 23, 279, '16:11:07', '23:00:18', 'Pulang', 0, '2022-11-27 14:53:26', '2022-11-29 16:00:18', NULL),
(280, 23, 280, '16:12:55', '23:01:50', 'Pulang', 0, '2022-11-27 14:53:26', '2022-11-30 16:01:50', NULL),
(281, 23, 281, '16:12:54', '23:01:09', 'Pulang', 0, '2022-11-27 14:53:26', '2022-12-01 16:01:09', NULL),
(282, 23, 282, '08:30:00', '16:00:00', 'Pulang', 0, '2022-11-27 14:53:26', '2022-12-20 10:14:03', NULL),
(283, 23, 283, '16:00:00', '23:00:00', 'Pulang', 0, '2022-11-27 14:53:26', '2022-12-20 10:14:14', NULL),
(284, 19, 284, '16:00:00', '23:00:37', 'Pulang', 0, '2022-11-29 11:21:30', '2022-11-29 16:00:37', NULL),
(285, 19, 285, '08:19:40', '16:01:11', 'Pulang', 0, '2022-11-29 11:21:30', '2022-11-30 09:01:11', NULL),
(286, 20, 286, '08:30:00', '16:00:00', 'Pulang', 0, '2022-11-29 11:21:49', '2022-11-29 11:35:40', NULL),
(287, 20, 287, '16:10:47', '23:02:26', 'Pulang', 0, '2022-11-29 11:21:49', '2022-11-30 16:02:26', NULL),
(288, 21, 288, '16:04:35', '23:01:22', 'Pulang', 0, '2022-11-29 11:22:21', '2022-12-01 16:01:22', NULL),
(289, 16, 289, '13:00:00', '23:00:00', 'Pulang', 0, '2022-12-05 01:53:08', '2022-12-20 09:11:40', NULL),
(290, 16, 290, '15:31:14', '23:00:00', 'Pulang', 0, '2022-12-05 01:53:08', '2022-12-20 09:11:49', NULL),
(291, 16, 291, '13:16:45', '23:00:00', 'Pulang', 0, '2022-12-05 01:53:08', '2022-12-20 09:11:58', NULL),
(292, 16, 292, '14:57:29', '23:00:00', 'Pulang', 0, '2022-12-05 01:53:08', '2022-12-20 09:12:06', NULL),
(293, 16, 293, '13:37:59', '23:00:00', 'Pulang', 0, '2022-12-05 01:53:08', '2022-12-20 09:12:17', NULL),
(294, 16, 294, '15:07:51', '23:00:00', 'Pulang', 0, '2022-12-05 01:53:08', '2022-12-20 09:12:25', NULL),
(295, 24, 295, '16:00:00', '23:00:00', 'Pulang', 0, '2022-12-05 01:53:53', '2022-12-20 10:17:42', NULL),
(296, 24, 296, '15:58:27', '23:01:34', 'Pulang', 0, '2022-12-05 01:53:53', '2022-12-06 16:01:34', NULL),
(297, 24, 297, '16:01:49', '23:00:23', 'Pulang', 0, '2022-12-05 01:53:53', '2022-12-07 16:00:23', NULL),
(298, 24, 298, '15:52:51', '23:01:03', 'Pulang', 0, '2022-12-05 01:53:53', '2022-12-08 16:01:03', NULL),
(299, 24, 299, '15:53:38', '23:01:13', 'Pulang', 0, '2022-12-05 01:53:53', '2022-12-09 16:01:13', NULL),
(300, 24, 300, '16:07:37', '23:00:36', 'Pulang', 0, '2022-12-05 01:53:53', '2022-12-10 16:00:36', NULL),
(301, 19, 301, '15:52:13', '23:12:39', 'Pulang', 0, '2022-12-05 01:54:49', '2022-12-05 16:12:39', NULL),
(302, 19, 302, '08:18:04', '16:00:11', 'Pulang', 0, '2022-12-05 01:54:49', '2022-12-06 09:00:11', NULL),
(303, 19, 303, '15:49:33', '23:00:07', 'Pulang', 0, '2022-12-05 01:54:49', '2022-12-07 16:00:07', NULL),
(304, 19, 304, '15:54:27', '23:00:14', 'Pulang', 0, '2022-12-05 01:54:49', '2022-12-08 16:00:14', NULL),
(305, 19, 305, '08:28:40', '16:01:58', 'Pulang', 0, '2022-12-05 01:54:49', '2022-12-09 09:01:58', NULL),
(306, 19, 306, '15:48:26', '23:00:31', 'Pulang', 0, '2022-12-05 01:54:49', '2022-12-10 16:00:31', NULL),
(307, 20, 307, '16:04:46', '23:12:28', 'Pulang', 0, '2022-12-05 01:55:42', '2022-12-05 16:12:28', NULL),
(308, 20, 308, '08:14:11', '16:00:15', 'Pulang', 0, '2022-12-05 01:55:42', '2022-12-06 09:00:15', NULL),
(309, 20, 309, '15:48:16', '23:00:02', 'Pulang', 0, '2022-12-05 01:55:42', '2022-12-07 16:00:02', NULL),
(310, 20, 310, '08:25:45', '16:00:08', 'Pulang', 0, '2022-12-05 01:55:42', '2022-12-08 09:00:08', NULL),
(311, 20, 311, '15:41:49', '23:00:45', 'Pulang', 0, '2022-12-05 01:55:42', '2022-12-09 16:00:45', NULL),
(312, 20, 312, '15:43:31', '23:00:23', 'Pulang', 0, '2022-12-05 01:55:42', '2022-12-10 16:00:23', NULL),
(313, 21, 313, '08:30:00', '16:07:22', 'Pulang', 0, '2022-12-05 01:57:01', '2022-12-05 09:07:22', NULL),
(314, 21, 314, '16:00:40', '23:01:16', 'Pulang', 0, '2022-12-05 01:57:01', '2022-12-06 16:01:16', NULL),
(315, 21, 315, '08:16:25', '16:01:38', 'Pulang', 0, '2022-12-05 01:57:01', '2022-12-07 09:01:38', NULL),
(316, 21, 316, '16:12:39', '23:01:20', 'Pulang', 0, '2022-12-05 01:57:01', '2022-12-09 16:01:20', NULL),
(317, 21, 317, '15:53:40', '23:00:27', 'Pulang', 0, '2022-12-05 01:57:01', '2022-12-10 16:00:27', NULL),
(318, 21, 318, '13:00:00', '23:00:00', 'Pulang', 0, '2022-12-05 01:57:01', '2022-12-20 09:18:10', NULL),
(319, 22, 319, '16:07:32', '23:12:18', 'Pulang', 0, '2022-12-05 01:57:58', '2022-12-05 16:12:18', NULL),
(320, 22, 320, '16:13:15', '23:01:28', 'Pulang', 0, '2022-12-05 01:57:58', '2022-12-06 16:01:28', NULL),
(321, 22, 321, '08:41:28', '16:01:43', 'Pulang', 0, '2022-12-05 01:57:58', '2022-12-07 09:01:43', NULL),
(322, 22, 322, '16:11:03', '23:00:20', 'Pulang', 0, '2022-12-05 01:57:58', '2022-12-08 16:00:20', NULL),
(323, 22, 323, '16:00:00', '23:00:00', 'Pulang', 0, '2022-12-05 01:57:58', '2022-12-20 10:11:30', NULL),
(324, 22, 324, '08:30:00', '16:00:00', 'Pulang', 0, '2022-12-05 01:57:58', '2022-12-20 10:11:51', NULL),
(325, 23, 325, '08:30:00', '16:07:17', 'Pulang', 0, '2022-12-05 01:59:09', '2022-12-05 09:07:17', NULL),
(326, 23, 326, '16:14:13', '23:01:08', 'Pulang', 0, '2022-12-05 01:59:09', '2022-12-06 16:01:08', NULL),
(327, 23, 327, '16:13:18', '23:00:12', 'Pulang', 0, '2022-12-05 01:59:09', '2022-12-07 16:00:12', NULL),
(328, 23, 328, '16:08:16', '23:00:33', 'Pulang', 0, '2022-12-05 01:59:09', '2022-12-08 16:00:33', NULL),
(329, 23, 329, '08:44:25', '16:02:45', 'Pulang', 0, '2022-12-05 01:59:09', '2022-12-09 09:02:45', NULL),
(330, 23, 330, '16:00:00', '20:00:00', 'Pulang', 0, '2022-12-05 01:59:09', '2022-12-20 10:13:45', NULL),
(331, 16, 331, '13:00:00', '23:00:00', 'Pulang', 0, '2022-12-11 17:47:24', '2022-12-20 09:12:38', NULL),
(332, 16, 332, '13:00:00', '23:00:00', 'Pulang', 0, '2022-12-11 17:47:24', '2022-12-20 09:12:44', NULL),
(333, 16, 333, '13:00:00', '23:00:00', 'Pulang', 0, '2022-12-11 17:47:24', '2022-12-20 09:12:50', NULL),
(334, 16, 334, '14:55:10', '23:00:00', 'Pulang', 0, '2022-12-11 17:47:24', '2022-12-20 09:12:59', NULL),
(335, 16, 335, '14:49:17', '23:00:00', 'Pulang', 0, '2022-12-11 17:47:24', '2022-12-20 09:13:08', NULL),
(336, 16, 336, '13:00:00', '23:00:00', 'Belum Masuk', 0, '2022-12-11 17:47:24', '2022-12-20 16:07:09', NULL),
(337, 24, 337, '15:56:01', '23:23:24', 'Lembur', 0, '2022-12-11 17:48:11', '2022-12-12 16:23:24', NULL),
(338, 24, 338, '15:59:10', '23:02:03', 'Pulang', 0, '2022-12-11 17:48:11', '2022-12-13 16:02:03', NULL),
(339, 24, 339, '15:55:47', '23:00:55', 'Pulang', 0, '2022-12-11 17:48:11', '2022-12-14 16:00:55', NULL),
(340, 24, 340, '16:01:03', '23:01:30', 'Pulang', 0, '2022-12-11 17:48:11', '2022-12-15 16:01:30', NULL),
(341, 24, 341, '15:54:36', '23:00:47', 'Pulang', 0, '2022-12-11 17:48:11', '2022-12-16 16:00:47', NULL),
(342, 24, 342, '16:12:04', '23:00:49', 'Pulang', 0, '2022-12-11 17:48:11', '2022-12-17 16:00:49', NULL),
(343, 19, 343, '15:52:55', '23:01:48', 'Pulang', 0, '2022-12-11 17:49:05', '2022-12-12 16:01:48', NULL),
(344, 19, 344, '15:45:20', '23:02:00', 'Pulang', 0, '2022-12-11 17:49:05', '2022-12-13 16:02:00', NULL),
(345, 19, 345, '15:53:35', '23:00:16', 'Pulang', 0, '2022-12-11 17:49:05', '2022-12-14 16:00:16', NULL),
(346, 19, 346, '08:21:49', '16:03:27', 'Pulang', 0, '2022-12-11 17:49:05', '2022-12-15 09:03:27', NULL),
(347, 19, 347, '15:39:18', '23:00:44', 'Pulang', 0, '2022-12-11 17:49:05', '2022-12-16 16:00:44', NULL),
(348, 19, 348, '08:16:14', '16:03:14', 'Pulang', 0, '2022-12-11 17:49:05', '2022-12-17 09:03:14', NULL),
(349, 20, 349, '15:40:48', '23:01:52', 'Pulang', 0, '2022-12-11 17:50:01', '2022-12-12 16:01:52', NULL),
(350, 20, 350, '15:42:26', '23:01:50', 'Pulang', 0, '2022-12-11 17:50:01', '2022-12-13 16:01:50', NULL),
(351, 20, 351, '15:53:31', '23:00:40', 'Pulang', 0, '2022-12-11 17:50:01', '2022-12-14 16:00:40', NULL),
(352, 20, 352, '15:43:05', '23:00:39', 'Pulang', 0, '2022-12-11 17:50:01', '2022-12-15 16:00:39', NULL),
(353, 20, 353, '08:12:36', '16:00:05', 'Pulang', 0, '2022-12-11 17:50:01', '2022-12-16 09:00:05', NULL),
(354, 20, 354, '08:09:58', '16:03:08', 'Pulang', 0, '2022-12-11 17:50:01', '2022-12-17 09:03:08', NULL),
(355, 21, 355, '08:18:15', '16:01:57', 'Pulang', 0, '2022-12-11 17:50:49', '2022-12-12 09:01:57', NULL),
(356, 21, 356, '08:37:53', '16:01:57', 'Pulang', 0, '2022-12-11 17:50:49', '2022-12-13 09:01:57', NULL),
(357, 21, 357, '15:54:14', '23:00:17', 'Pulang', 0, '2022-12-11 17:50:49', '2022-12-15 16:00:17', NULL),
(358, 21, 358, '16:00:50', '23:00:29', 'Pulang', 0, '2022-12-11 17:50:49', '2022-12-16 16:00:29', NULL),
(359, 21, 359, '16:01:15', '23:01:09', 'Pulang', 0, '2022-12-11 17:50:49', '2022-12-17 16:01:09', NULL),
(360, 21, 360, '16:00:00', '23:00:00', 'Pulang', 0, '2022-12-11 17:50:49', '2022-12-20 09:19:00', NULL),
(361, 22, 361, '16:00:00', '23:00:00', 'Pulang', 0, '2022-12-11 17:52:07', '2022-12-20 10:12:05', NULL),
(362, 22, 362, '08:43:07', '16:01:41', 'Pulang', 0, '2022-12-11 17:52:07', '2022-12-13 09:01:41', NULL),
(363, 22, 363, '08:30:00', '16:00:00', 'Pulang', 0, '2022-12-11 17:52:07', '2022-12-20 10:12:23', NULL),
(364, 22, 364, '16:12:58', '23:00:16', 'Pulang', 0, '2022-12-11 17:52:07', '2022-12-16 16:00:16', NULL),
(365, 22, 365, '15:50:27', '23:01:19', 'Pulang', 0, '2022-12-11 17:52:07', '2022-12-17 16:01:19', NULL),
(366, 22, 366, '16:00:00', '23:00:00', 'Pulang', 0, '2022-12-11 17:52:07', '2022-12-20 10:12:45', NULL),
(367, 23, 367, '08:34:24', '16:02:08', 'Pulang', 0, '2022-12-11 17:53:02', '2022-12-12 09:02:08', NULL),
(368, 23, 368, '16:13:30', '23:01:53', 'Pulang', 0, '2022-12-11 17:53:02', '2022-12-13 16:01:53', NULL),
(369, 23, 369, '16:11:35', '23:00:44', 'Pulang', 0, '2022-12-11 17:53:02', '2022-12-14 16:00:44', NULL),
(370, 23, 370, '16:13:12', '23:00:52', 'Pulang', 0, '2022-12-11 17:53:02', '2022-12-15 16:00:52', NULL),
(371, 23, 371, '08:12:51', '16:06:18', 'Pulang', 0, '2022-12-11 17:53:02', '2022-12-16 09:06:18', NULL),
(372, 23, 372, '16:13:22', '23:00:32', 'Pulang', 0, '2022-12-11 17:53:02', '2022-12-17 16:00:32', NULL),
(373, 16, 373, '15:59:37', '23:00:00', 'Pulang', 0, '2022-12-18 01:23:58', '2022-12-20 09:13:32', NULL),
(374, 16, 374, '14:57:38', '23:00:00', 'Pulang', 0, '2022-12-18 01:23:58', '2022-12-20 09:13:40', NULL),
(375, 16, 375, '14:51:03', '23:00:00', 'Pulang', 0, '2022-12-18 01:23:58', '2023-01-20 07:24:00', NULL),
(376, 16, 376, '14:01:10', '23:00:00', 'Pulang', 0, '2022-12-18 01:23:58', '2023-01-20 07:24:11', NULL),
(377, 16, 377, '13:24:20', '23:00:00', 'Pulang', 0, '2022-12-18 01:23:58', '2023-01-20 07:24:33', NULL),
(378, 16, 378, '13:28:59', '23:00:00', 'Pulang', 0, '2022-12-18 01:23:58', '2023-01-20 07:24:47', NULL),
(379, 24, 379, '16:04:27', '23:00:46', 'Pulang', 0, '2022-12-18 01:24:43', '2022-12-19 16:00:46', NULL),
(380, 24, 380, '15:58:54', '23:00:00', 'Pulang', 0, '2022-12-18 01:24:43', '2022-12-20 10:16:42', NULL),
(381, 24, 381, '15:45:20', '23:03:06', 'Pulang', 0, '2022-12-18 01:24:43', '2022-12-21 16:03:06', NULL),
(382, 24, 382, '16:09:57', '23:00:24', 'Pulang', 0, '2022-12-18 01:24:43', '2022-12-22 16:00:24', NULL),
(383, 24, 383, '16:08:31', '23:00:08', 'Pulang', 0, '2022-12-18 01:24:43', '2022-12-23 16:00:08', NULL),
(384, 24, 384, '15:53:02', '23:05:31', 'Pulang', 0, '2022-12-18 01:24:43', '2022-12-24 16:05:31', NULL),
(385, 19, 385, '15:42:59', '23:00:36', 'Pulang', 0, '2022-12-18 01:25:50', '2022-12-19 16:00:36', NULL),
(386, 19, 386, '15:31:23', '23:01:17', 'Pulang', 0, '2022-12-18 01:25:50', '2022-12-20 16:01:17', NULL),
(387, 19, 387, '15:59:03', '23:02:57', 'Pulang', 0, '2022-12-18 01:25:50', '2022-12-21 16:02:57', NULL),
(388, 19, 388, '15:44:07', '23:00:25', 'Pulang', 0, '2022-12-18 01:25:50', '2022-12-23 16:00:25', NULL),
(389, 19, 389, '08:15:06', '16:00:17', 'Pulang', 0, '2022-12-18 01:25:50', '2022-12-24 09:00:17', NULL),
(390, 20, 390, '08:21:46', '16:00:12', 'Pulang', 0, '2022-12-18 01:26:39', '2022-12-19 09:00:12', NULL),
(391, 20, 391, '15:37:51', '23:00:00', 'Pulang', 0, '2022-12-18 01:26:39', '2022-12-20 09:16:27', NULL),
(392, 20, 392, '15:58:58', '23:02:49', 'Pulang', 0, '2022-12-18 01:26:39', '2022-12-21 16:02:49', NULL),
(393, 20, 393, '08:39:21', '16:03:13', 'Pulang', 0, '2022-12-18 01:26:39', '2022-12-22 09:03:13', NULL),
(394, 20, 394, '16:00:34', '23:00:42', 'Pulang', 0, '2022-12-18 01:26:39', '2022-12-23 16:00:42', NULL),
(395, 21, 395, '16:00:39', '23:00:00', 'Pulang', 0, '2022-12-18 01:27:48', '2022-12-20 09:18:31', NULL),
(396, 21, 396, '08:30:25', '16:07:37', 'Pulang', 0, '2022-12-18 01:27:48', '2022-12-21 09:07:37', NULL),
(397, 21, 397, '16:02:58', '23:00:12', 'Pulang', 0, '2022-12-18 01:27:48', '2022-12-22 16:00:12', NULL),
(398, 21, 398, '08:25:36', '16:07:16', 'Pulang', 0, '2022-12-18 01:27:48', '2022-12-23 09:07:16', NULL),
(399, 21, 399, '16:01:00', '23:24:16', 'Lembur', 0, '2022-12-18 01:27:48', '2022-12-24 16:24:16', NULL),
(400, 23, 400, '16:10:01', '23:00:25', 'Pulang', 0, '2022-12-18 01:28:50', '2022-12-19 16:00:25', NULL),
(401, 23, 401, '08:44:21', '16:00:49', 'Pulang', 0, '2022-12-18 01:28:50', '2022-12-20 09:00:49', NULL),
(402, 23, 402, '16:12:49', '23:00:01', 'Pulang', 0, '2022-12-18 01:28:50', '2022-12-22 16:00:01', NULL),
(403, 23, 403, '16:07:49', '23:00:19', 'Pulang', 0, '2022-12-18 01:28:50', '2022-12-23 16:00:19', NULL),
(404, 23, 404, '00:00:00', '00:00:00', 'Belum Masuk', 0, '2022-12-18 01:28:50', '2022-12-18 01:28:50', NULL),
(405, 22, 405, '16:09:28', '23:00:12', 'Pulang', 0, '2022-12-18 01:29:38', '2022-12-19 16:00:12', NULL),
(406, 22, 406, '08:41:57', '16:06:35', 'Pulang', 0, '2022-12-18 01:29:38', '2022-12-20 09:06:35', NULL),
(407, 22, 407, '15:58:27', '23:01:13', 'Pulang', 0, '2022-12-18 01:29:38', '2022-12-21 16:01:13', NULL),
(408, 22, 408, '00:00:00', '00:00:00', 'Belum Masuk', 0, '2022-12-18 01:29:38', '2022-12-18 01:29:38', NULL),
(409, 22, 409, '16:07:32', '23:29:38', 'Lembur', 0, '2022-12-18 01:29:38', '2022-12-24 16:29:38', NULL),
(410, 16, 410, '14:31:13', '23:00:00', 'Pulang', 0, '2022-12-25 09:59:16', '2023-01-20 07:25:22', NULL),
(411, 16, 411, '15:37:33', '23:00:00', 'Pulang', 0, '2022-12-25 09:59:16', '2023-01-20 07:25:32', NULL),
(412, 16, 412, '13:17:51', '23:00:00', 'Pulang', 0, '2022-12-25 09:59:16', '2023-01-20 07:25:43', NULL),
(413, 16, 413, '13:00:00', '23:00:00', 'Pulang', 0, '2022-12-25 09:59:16', '2023-01-20 07:26:20', NULL),
(414, 16, 414, '13:53:49', '23:00:00', 'Pulang', 0, '2022-12-25 09:59:16', '2023-01-20 07:26:32', NULL),
(415, 16, 415, '13:00:30', '23:00:00', 'Pulang', 0, '2022-12-25 09:59:16', '2023-01-20 07:26:49', NULL),
(416, 24, 416, '15:58:15', '23:01:26', 'Pulang', 0, '2022-12-25 10:00:04', '2022-12-26 16:01:26', NULL),
(417, 24, 417, '16:04:03', '23:00:25', 'Pulang', 0, '2022-12-25 10:00:04', '2022-12-27 16:00:25', NULL),
(418, 24, 418, '16:07:55', '23:02:16', 'Pulang', 0, '2022-12-25 10:00:04', '2022-12-28 16:02:16', NULL),
(419, 24, 419, '16:07:35', '23:00:37', 'Pulang', 0, '2022-12-25 10:00:04', '2022-12-29 16:00:37', NULL),
(420, 24, 420, '16:05:50', '23:02:14', 'Pulang', 0, '2022-12-25 10:00:04', '2022-12-30 16:02:14', NULL),
(421, 24, 421, '00:00:00', '00:00:00', 'Belum Masuk', 0, '2022-12-25 10:00:04', '2022-12-25 10:00:04', NULL),
(422, 19, 422, '08:22:06', '16:00:16', 'Pulang', 0, '2022-12-25 10:01:05', '2022-12-26 09:00:16', NULL),
(423, 19, 423, '15:52:48', '23:00:36', 'Pulang', 0, '2022-12-25 10:01:05', '2022-12-27 16:00:36', NULL),
(424, 19, 424, '16:03:07', '23:02:09', 'Pulang', 0, '2022-12-25 10:01:05', '2022-12-28 16:02:09', NULL),
(425, 19, 425, '15:45:45', '23:02:05', 'Pulang', 0, '2022-12-25 10:01:05', '2022-12-30 16:02:05', NULL),
(426, 19, 426, '15:37:16', '00:00:00', 'Masuk', 0, '2022-12-25 10:01:05', '2022-12-31 08:37:16', NULL),
(427, 20, 427, '15:41:29', '23:01:21', 'Pulang', 0, '2022-12-25 10:01:47', '2022-12-26 16:01:21', NULL),
(428, 20, 428, '08:40:31', '16:00:15', 'Pulang', 0, '2022-12-25 10:01:47', '2022-12-27 09:00:15', NULL),
(429, 20, 429, '16:00:57', '23:00:50', 'Pulang', 0, '2022-12-25 10:01:47', '2022-12-29 16:00:50', NULL),
(430, 20, 430, '15:40:53', '23:02:11', 'Pulang', 0, '2022-12-25 10:01:47', '2022-12-30 16:02:11', NULL),
(431, 20, 431, '16:00:27', '00:00:00', 'Masuk', 0, '2022-12-25 10:01:47', '2022-12-31 09:00:27', NULL),
(432, 21, 432, '16:04:13', '23:01:43', 'Pulang', 0, '2022-12-25 10:02:36', '2022-12-26 16:01:43', NULL),
(433, 21, 433, '08:40:22', '16:00:23', 'Pulang', 0, '2022-12-25 10:02:36', '2022-12-27 09:00:23', NULL),
(434, 21, 434, '16:01:33', '23:01:46', 'Pulang', 0, '2022-12-25 10:02:36', '2022-12-28 16:01:46', NULL),
(435, 21, 435, '16:01:09', '23:01:05', 'Pulang', 0, '2022-12-25 10:02:36', '2022-12-29 16:01:05', NULL),
(436, 21, 436, '08:33:54', '16:02:44', 'Pulang', 0, '2022-12-25 10:02:36', '2022-12-30 09:02:44', NULL),
(437, 22, 437, '16:11:44', '23:01:51', 'Pulang', 0, '2022-12-25 10:03:30', '2022-12-26 16:01:51', NULL),
(438, 22, 438, '16:06:14', '23:00:19', 'Pulang', 0, '2022-12-25 10:03:30', '2022-12-27 16:00:19', NULL),
(439, 22, 439, '16:04:09', '23:02:27', 'Pulang', 0, '2022-12-25 10:03:30', '2022-12-28 16:02:27', NULL),
(440, 22, 440, '08:25:54', '16:12:06', 'Pulang', 0, '2022-12-25 10:03:30', '2022-12-29 09:12:06', NULL),
(441, 22, 441, '15:37:54', '00:00:00', 'Masuk', 0, '2022-12-25 10:03:30', '2022-12-31 08:37:54', NULL),
(442, 23, 442, '16:06:24', '23:00:04', 'Pulang', 0, '2022-12-25 10:04:18', '2022-12-27 16:00:04', NULL),
(443, 23, 443, '08:07:13', '16:01:39', 'Pulang', 0, '2022-12-25 10:04:18', '2022-12-28 09:01:39', NULL),
(444, 23, 444, '16:01:23', '23:01:01', 'Pulang', 0, '2022-12-25 10:04:18', '2022-12-29 16:01:01', NULL),
(445, 23, 445, '00:00:00', '00:00:00', 'Belum Masuk', 0, '2022-12-25 10:04:18', '2022-12-25 10:04:18', NULL),
(446, 23, 446, '07:59:26', '16:00:24', 'Pulang', 0, '2022-12-25 10:04:18', '2022-12-31 09:00:24', NULL),
(447, 16, 447, '13:45:55', '23:00:00', 'Pulang', 0, '2023-01-02 02:26:33', '2023-01-20 07:27:05', NULL),
(448, 16, 448, '13:42:47', '23:00:00', 'Pulang', 0, '2023-01-02 02:26:33', '2023-01-20 07:27:16', NULL),
(449, 16, 449, '13:37:54', '23:00:00', 'Pulang', 0, '2023-01-02 02:26:33', '2023-01-20 07:27:32', NULL),
(450, 16, 450, '15:10:51', '23:00:00', 'Pulang', 0, '2023-01-02 02:26:33', '2023-01-20 07:27:42', NULL),
(451, 16, 451, '14:17:23', '23:00:00', 'Pulang', 0, '2023-01-02 02:26:33', '2023-01-20 07:27:53', NULL),
(452, 16, 452, '14:00:00', '23:00:00', 'Pulang', 0, '2023-01-02 02:26:33', '2023-01-20 07:22:13', NULL),
(453, 24, 453, '15:59:04', '23:00:16', 'Pulang', 0, '2023-01-02 02:27:17', '2023-01-02 16:00:16', NULL),
(454, 24, 454, '16:01:28', '23:02:29', 'Pulang', 0, '2023-01-02 02:27:17', '2023-01-03 16:02:29', NULL),
(455, 24, 455, '15:56:07', '23:02:51', 'Pulang', 0, '2023-01-02 02:27:17', '2023-01-04 16:02:51', NULL),
(456, 24, 456, '15:56:08', '23:06:59', 'Pulang', 0, '2023-01-02 02:27:17', '2023-01-05 16:06:59', NULL),
(457, 24, 457, '15:57:48', '23:01:31', 'Pulang', 0, '2023-01-02 02:27:17', '2023-01-06 16:01:31', NULL),
(458, 24, 458, '16:05:40', '23:02:25', 'Pulang', 0, '2023-01-02 02:27:17', '2023-01-07 16:02:25', NULL),
(459, 19, 459, '15:54:49', '23:00:23', 'Pulang', 0, '2023-01-02 02:28:14', '2023-01-02 16:00:23', NULL),
(460, 19, 460, '15:46:10', '23:02:22', 'Pulang', 0, '2023-01-02 02:28:14', '2023-01-03 16:02:22', NULL),
(461, 19, 461, '08:10:16', '16:02:50', 'Pulang', 0, '2023-01-02 02:28:14', '2023-01-04 09:02:50', NULL),
(462, 19, 462, '15:47:08', '23:06:33', 'Pulang', 0, '2023-01-02 02:28:14', '2023-01-05 16:06:33', NULL),
(463, 19, 463, '08:08:57', '16:06:28', 'Pulang', 0, '2023-01-02 02:28:14', '2023-01-06 09:06:28', NULL),
(464, 19, 464, '15:42:30', '20:03:13', 'Pulang', 0, '2023-01-02 02:28:14', '2023-01-08 13:03:13', NULL),
(465, 20, 465, '15:51:21', '23:00:07', 'Pulang', 0, '2023-01-02 02:29:17', '2023-01-02 16:00:07', NULL),
(466, 20, 466, '08:33:08', '16:00:05', 'Pulang', 0, '2023-01-02 02:29:17', '2023-01-03 09:00:05', NULL),
(467, 20, 467, '15:55:26', '23:03:07', 'Pulang', 0, '2023-01-02 02:29:17', '2023-01-04 16:03:07', NULL),
(468, 20, 468, '15:44:41', '23:06:15', 'Pulang', 0, '2023-01-02 02:29:18', '2023-01-05 16:06:15', NULL),
(469, 20, 469, '15:35:55', '23:00:46', 'Pulang', 0, '2023-01-02 02:29:18', '2023-01-06 16:00:46', NULL),
(470, 20, 470, '08:32:26', '16:00:07', 'Pulang', 0, '2023-01-02 02:29:18', '2023-01-07 09:00:07', NULL),
(471, 21, 471, '08:30:00', '16:00:48', 'Pulang', 0, '2023-01-02 02:30:25', '2023-01-02 09:00:48', NULL),
(472, 21, 472, '16:00:32', '23:02:54', 'Pulang', 0, '2023-01-02 02:30:25', '2023-01-03 16:02:54', NULL),
(473, 21, 473, '00:00:00', '00:00:00', 'Belum Masuk', 0, '2023-01-02 02:30:25', '2023-01-02 02:30:25', NULL),
(474, 21, 474, '15:58:38', '23:06:41', 'Pulang', 0, '2023-01-02 02:30:25', '2023-01-05 16:06:41', NULL),
(475, 21, 475, '16:07:25', '23:01:06', 'Pulang', 0, '2023-01-02 02:30:25', '2023-01-06 16:01:06', NULL),
(476, 21, 476, '15:56:14', '23:02:59', 'Pulang', 0, '2023-01-02 02:30:25', '2023-01-07 16:02:59', NULL),
(477, 22, 477, '08:30:00', '16:00:43', 'Pulang', 0, '2023-01-02 02:31:23', '2023-01-02 09:00:43', NULL),
(478, 22, 478, '16:00:22', '23:02:58', 'Pulang', 0, '2023-01-02 02:31:23', '2023-01-03 16:02:58', NULL),
(479, 22, 479, '16:09:52', '23:02:58', 'Pulang', 0, '2023-01-02 02:31:23', '2023-01-04 16:02:58', NULL),
(480, 22, 480, '08:38:44', '16:16:39', 'Lembur', 0, '2023-01-02 02:31:23', '2023-01-05 09:16:39', NULL),
(481, 22, 481, '16:07:43', '23:01:16', 'Pulang', 0, '2023-01-02 02:31:23', '2023-01-06 16:01:16', NULL),
(482, 22, 482, '16:04:59', '23:02:33', 'Pulang', 0, '2023-01-02 02:31:23', '2023-01-07 16:02:33', NULL),
(483, 23, 483, '16:03:16', '23:00:11', 'Pulang', 0, '2023-01-02 02:32:22', '2023-01-02 16:00:11', NULL),
(484, 23, 484, '08:33:19', '16:00:41', 'Pulang', 0, '2023-01-02 02:32:22', '2023-01-03 09:00:41', NULL),
(485, 23, 485, '15:31:29', '23:02:35', 'Pulang', 0, '2023-01-02 02:32:22', '2023-01-04 16:02:35', NULL),
(486, 23, 486, '00:00:00', '00:00:00', 'Belum Masuk', 0, '2023-01-02 02:32:22', '2023-01-02 02:32:22', NULL),
(487, 23, 487, '16:07:09', '23:02:30', 'Pulang', 0, '2023-01-02 02:32:22', '2023-01-07 16:02:30', NULL),
(488, 23, 488, '15:58:51', '20:03:39', 'Pulang', 0, '2023-01-02 02:32:22', '2023-01-08 13:03:39', NULL),
(489, 16, 489, '13:30:28', '23:00:00', 'Pulang', 0, '2023-01-09 01:40:13', '2023-01-20 07:28:05', NULL),
(490, 16, 490, '00:00:00', '00:00:00', 'Belum Masuk', 0, '2023-01-09 01:40:13', '2023-01-09 01:40:13', NULL),
(491, 16, 491, '14:43:29', '23:00:00', 'Pulang', 0, '2023-01-09 01:40:13', '2023-01-20 07:28:17', NULL),
(492, 16, 492, '15:06:03', '23:00:00', 'Pulang', 0, '2023-01-09 01:40:13', '2023-01-20 07:28:25', NULL),
(493, 16, 493, '13:28:27', '23:00:00', 'Pulang', 0, '2023-01-09 01:40:13', '2023-01-20 07:28:36', NULL),
(494, 16, 494, '00:00:00', '23:00:00', 'Pulang', 0, '2023-01-09 01:40:13', '2023-01-20 07:28:51', NULL),
(495, 19, 495, '08:30:00', '16:03:28', 'Pulang', 0, '2023-01-09 01:41:11', '2023-01-09 09:03:28', NULL),
(496, 19, 496, '15:51:21', '23:01:40', 'Pulang', 0, '2023-01-09 01:41:11', '2023-01-10 16:01:40', NULL),
(497, 19, 497, '08:21:11', '16:02:13', 'Pulang', 0, '2023-01-09 01:41:11', '2023-01-11 09:02:13', NULL),
(498, 19, 498, '15:49:21', '23:00:12', 'Pulang', 0, '2023-01-09 01:41:11', '2023-01-12 16:00:12', NULL),
(499, 19, 499, '15:54:25', '23:00:15', 'Pulang', 0, '2023-01-09 01:41:11', '2023-01-13 16:00:15', NULL),
(500, 19, 500, '15:52:20', '23:03:33', 'Pulang', 0, '2023-01-09 01:41:11', '2023-01-14 16:03:33', NULL),
(501, 20, 501, '15:57:24', '23:00:08', 'Pulang', 0, '2023-01-09 01:42:00', '2023-01-09 16:00:08', NULL),
(502, 20, 502, '08:30:31', '16:01:10', 'Pulang', 0, '2023-01-09 01:42:00', '2023-01-10 09:01:10', NULL),
(503, 20, 503, '16:02:10', '23:00:38', 'Pulang', 0, '2023-01-09 01:42:00', '2023-01-11 16:00:38', NULL);
INSERT INTO `attendances` (`id`, `employees_id`, `schedules_id`, `at_in`, `at_out`, `status`, `lembur`, `created_at`, `updated_at`, `catatan`) VALUES
(504, 20, 504, '08:38:30', '16:01:02', 'Pulang', 0, '2023-01-09 01:42:00', '2023-01-12 09:01:02', NULL),
(505, 20, 505, '15:48:01', '23:00:12', 'Pulang', 0, '2023-01-09 01:42:00', '2023-01-13 16:00:12', NULL),
(506, 20, 506, '16:03:34', '23:02:42', 'Pulang', 0, '2023-01-09 01:42:00', '2023-01-14 16:02:42', NULL),
(507, 21, 507, '15:44:35', '23:00:39', 'Pulang', 0, '2023-01-09 01:42:51', '2023-01-09 16:00:39', NULL),
(508, 21, 508, '08:30:00', '16:00:00', 'Pulang', 0, '2023-01-09 01:42:51', '2023-01-10 11:28:23', NULL),
(509, 21, 509, '15:56:18', '23:00:01', 'Pulang', 0, '2023-01-09 01:42:51', '2023-01-12 16:00:01', NULL),
(510, 21, 510, '08:30:01', '16:05:41', 'Pulang', 0, '2023-01-09 01:42:51', '2023-01-13 09:05:41', NULL),
(511, 21, 511, '08:42:25', '16:03:01', 'Pulang', 0, '2023-01-09 01:42:51', '2023-01-14 09:03:01', NULL),
(512, 21, 512, '15:43:43', '20:01:14', 'Pulang', 0, '2023-01-09 01:42:51', '2023-01-15 13:01:14', NULL),
(513, 22, 513, '15:44:49', '23:00:03', 'Pulang', 0, '2023-01-09 01:43:43', '2023-01-09 16:00:03', NULL),
(514, 22, 514, '16:05:45', '23:01:27', 'Pulang', 0, '2023-01-09 01:43:43', '2023-01-10 16:01:27', NULL),
(515, 22, 515, '16:12:20', '23:00:45', 'Pulang', 0, '2023-01-09 01:43:43', '2023-01-11 16:00:45', NULL),
(516, 22, 516, '16:07:11', '23:00:06', 'Pulang', 0, '2023-01-09 01:43:43', '2023-01-12 16:00:06', NULL),
(517, 22, 517, '08:30:40', '16:05:27', 'Pulang', 0, '2023-01-09 01:43:43', '2023-01-13 09:05:27', NULL),
(518, 22, 518, '08:42:44', '16:03:50', 'Pulang', 0, '2023-01-09 01:43:43', '2023-01-14 09:03:50', NULL),
(519, 23, 519, '08:30:00', '16:03:51', 'Pulang', 0, '2023-01-09 01:44:35', '2023-01-09 09:03:51', NULL),
(520, 23, 520, '16:07:04', '23:01:22', 'Pulang', 0, '2023-01-09 01:44:35', '2023-01-10 16:01:22', NULL),
(521, 23, 521, '15:51:12', '23:00:57', 'Pulang', 0, '2023-01-09 01:44:35', '2023-01-11 16:00:57', NULL),
(522, 23, 522, '00:00:00', '00:00:00', 'Belum Masuk', 0, '2023-01-09 01:44:35', '2023-01-09 01:44:35', NULL),
(523, 23, 523, '08:42:54', '16:03:18', 'Pulang', 0, '2023-01-09 01:44:35', '2023-01-14 09:03:18', NULL),
(524, 23, 524, '15:43:31', '20:01:23', 'Pulang', 0, '2023-01-09 01:44:35', '2023-01-15 13:01:23', NULL),
(525, 24, 525, '15:37:07', '23:00:55', 'Pulang', 0, '2023-01-09 01:45:22', '2023-01-09 16:00:55', NULL),
(526, 24, 526, '15:56:58', '23:01:56', 'Pulang', 0, '2023-01-09 01:45:22', '2023-01-10 16:01:56', NULL),
(527, 24, 527, '15:45:59', '23:02:19', 'Pulang', 0, '2023-01-09 01:45:22', '2023-01-11 16:02:19', NULL),
(528, 24, 528, '15:30:48', '23:00:08', 'Pulang', 0, '2023-01-09 01:45:22', '2023-01-12 16:00:08', NULL),
(529, 24, 529, '16:07:42', '23:00:22', 'Pulang', 0, '2023-01-09 01:45:22', '2023-01-13 16:00:22', NULL),
(530, 24, 530, '15:52:08', '23:03:09', 'Pulang', 0, '2023-01-09 01:45:22', '2023-01-14 16:03:09', NULL),
(535, 16, 536, '14:11:17', '23:00:00', 'Pulang', 0, '2023-01-16 04:50:48', '2023-01-21 07:22:34', NULL),
(536, 16, 535, '13:00:00', '23:00:00', 'Pulang', 0, '2023-01-16 04:50:48', '2023-01-20 07:29:18', NULL),
(537, 16, 537, '14:12:59', '00:00:00', 'Pulang', 0, '2023-01-16 04:50:48', '2023-02-21 06:35:54', NULL),
(538, 16, 538, '14:00:00', '23:00:00', 'Pulang', 0, '2023-01-16 04:50:48', '2023-01-20 07:30:06', NULL),
(539, 16, 539, '14:00:00', '23:00:00', 'Pulang', 0, '2023-01-16 04:50:48', '2023-01-20 07:30:25', NULL),
(540, 16, 540, '14:00:00', '23:00:00', 'Pulang', 0, '2023-01-16 04:50:48', '2023-01-20 07:31:57', NULL),
(542, 16, 542, '00:00:00', '00:00:00', 'Pulang', 0, '2023-01-16 04:50:48', '2023-02-21 06:35:47', NULL),
(543, 19, 543, '15:49:20', '23:00:20', 'Pulang', 0, '2023-01-16 04:52:09', '2023-01-16 16:00:20', NULL),
(544, 19, 544, '08:19:27', '16:00:09', 'Pulang', 0, '2023-01-16 04:52:09', '2023-01-17 09:00:09', NULL),
(545, 19, 545, '08:20:25', '16:04:38', 'Pulang', 0, '2023-01-16 04:52:09', '2023-01-18 09:04:38', NULL),
(546, 19, 546, '15:57:26', '23:00:19', 'Pulang', 0, '2023-01-16 04:52:09', '2023-01-19 16:00:19', NULL),
(547, 19, 547, '15:51:44', '23:00:13', 'Pulang', 0, '2023-01-16 04:52:09', '2023-01-20 16:00:13', NULL),
(548, 20, 548, '15:49:10', '23:00:11', 'Pulang', 0, '2023-01-16 04:53:08', '2023-01-16 16:00:11', NULL),
(549, 20, 549, '15:56:21', '23:00:16', 'Pulang', 0, '2023-01-16 04:53:08', '2023-01-17 16:00:16', NULL),
(550, 20, 550, '15:45:36', '23:00:03', 'Pulang', 0, '2023-01-16 04:53:08', '2023-01-19 16:00:03', NULL),
(551, 20, 551, '15:38:32', '23:00:33', 'Pulang', 0, '2023-01-16 04:53:08', '2023-01-20 16:00:33', NULL),
(552, 20, 552, '08:40:34', '16:00:07', 'Pulang', 0, '2023-01-16 04:53:08', '2023-01-21 09:00:07', NULL),
(553, 21, 553, '08:29:00', '16:00:44', 'Pulang', 0, '2023-01-16 04:53:56', '2023-01-16 09:00:44', NULL),
(554, 21, 554, '08:31:34', '16:00:15', 'Pulang', 0, '2023-01-16 04:53:56', '2023-01-17 09:00:15', NULL),
(555, 21, 555, '15:51:17', '23:00:10', 'Pulang', 0, '2023-01-16 04:53:56', '2023-01-18 16:00:10', NULL),
(556, 21, 556, '15:42:03', '23:00:09', 'Pulang', 0, '2023-01-16 04:53:56', '2023-01-20 16:00:09', NULL),
(557, 21, 557, '15:50:13', '23:09:10', 'Pulang', 0, '2023-01-16 04:53:56', '2023-01-21 16:09:10', NULL),
(558, 22, 558, '16:05:27', '23:00:29', 'Pulang', 0, '2023-01-16 04:55:15', '2023-01-16 16:00:29', NULL),
(559, 22, 559, '16:06:17', '23:00:21', 'Pulang', 0, '2023-01-16 04:55:15', '2023-01-17 16:00:21', NULL),
(560, 22, 560, '16:06:17', '23:00:17', 'Pulang', 0, '2023-01-16 04:55:15', '2023-01-18 16:00:17', NULL),
(561, 22, 561, '08:05:44', '16:00:12', 'Pulang', 0, '2023-01-16 04:55:15', '2023-01-19 09:00:12', NULL),
(562, 22, 562, '15:50:25', '23:08:42', 'Pulang', 0, '2023-01-16 04:55:15', '2023-01-21 16:08:42', NULL),
(563, 23, 563, '16:06:26', '23:00:13', 'Pulang', 0, '2023-01-16 04:56:54', '2023-01-17 16:00:13', NULL),
(564, 23, 564, '16:06:05', '23:00:24', 'Pulang', 0, '2023-01-16 04:56:54', '2023-01-18 16:00:24', NULL),
(565, 23, 565, '15:46:01', '23:00:10', 'Pulang', 0, '2023-01-16 04:56:54', '2023-01-19 16:00:10', NULL),
(566, 23, 566, '00:00:00', '00:00:00', 'Belum Masuk', 0, '2023-01-16 04:56:54', '2023-01-16 04:56:54', NULL),
(567, 23, 567, '15:45:29', '23:08:55', 'Pulang', 0, '2023-01-16 04:56:54', '2023-01-21 16:08:55', NULL),
(568, 24, 568, '15:52:59', '23:00:08', 'Pulang', 0, '2023-01-16 04:57:38', '2023-01-16 16:00:08', NULL),
(569, 24, 569, '15:58:08', '23:00:08', 'Pulang', 0, '2023-01-16 04:57:38', '2023-01-17 16:00:08', NULL),
(570, 24, 570, '16:05:25', '23:00:14', 'Pulang', 0, '2023-01-16 04:57:38', '2023-01-18 16:00:14', NULL),
(571, 24, 571, '16:03:24', '23:00:07', 'Pulang', 0, '2023-01-16 04:57:38', '2023-01-19 16:00:07', NULL),
(572, 24, 572, '15:52:57', '23:01:06', 'Pulang', 0, '2023-01-16 04:57:38', '2023-01-20 16:01:06', NULL),
(573, 24, 573, '00:00:00', '00:00:00', 'Pulang', 0, '2023-01-16 04:57:38', '2023-02-21 06:50:21', NULL),
(574, 16, 574, '14:13:06', '00:00:00', 'Pulang', 0, '2023-01-23 05:24:30', '2023-02-21 06:36:43', NULL),
(575, 16, 575, '13:19:28', '00:00:00', 'Pulang', 0, '2023-01-23 05:24:30', '2023-02-21 06:36:48', NULL),
(576, 16, 576, '13:36:52', '00:00:00', 'Pulang', 0, '2023-01-23 05:24:30', '2023-02-21 06:36:53', NULL),
(577, 16, 577, '14:50:59', '00:00:00', 'Pulang', 0, '2023-01-23 05:24:30', '2023-02-21 06:37:35', NULL),
(578, 16, 578, '12:52:18', '00:00:00', 'Pulang', 0, '2023-01-23 05:24:30', '2023-02-21 06:37:40', NULL),
(579, 16, 579, '00:00:00', '00:00:00', 'Pulang', 0, '2023-01-23 05:24:30', '2023-02-21 06:40:53', NULL),
(580, 19, 580, '08:29:00', '16:01:04', 'Pulang', 0, '2023-01-23 05:25:50', '2023-01-23 09:01:04', NULL),
(581, 19, 581, '15:44:13', '23:00:13', 'Pulang', 0, '2023-01-23 05:25:50', '2023-01-24 16:00:13', NULL),
(582, 19, 582, '08:17:53', '16:00:02', 'Pulang', 0, '2023-01-23 05:25:50', '2023-01-25 09:00:02', NULL),
(583, 19, 583, '15:47:15', '23:00:37', 'Pulang', 0, '2023-01-23 05:25:50', '2023-01-27 16:00:37', NULL),
(584, 19, 584, '15:45:09', '23:00:08', 'Pulang', 0, '2023-01-23 05:25:50', '2023-01-28 16:00:08', NULL),
(585, 20, 585, '15:43:22', '23:00:42', 'Pulang', 0, '2023-01-23 05:26:47', '2023-01-23 16:00:42', NULL),
(586, 20, 586, '08:29:28', '16:02:22', 'Pulang', 0, '2023-01-23 05:26:47', '2023-01-24 09:02:22', NULL),
(587, 20, 587, '15:50:22', '23:00:10', 'Pulang', 0, '2023-01-23 05:26:47', '2023-01-26 16:00:10', NULL),
(588, 20, 588, '08:19:29', '16:00:55', 'Pulang', 0, '2023-01-23 05:26:47', '2023-01-27 09:00:55', NULL),
(589, 20, 589, '15:44:40', '23:00:14', 'Pulang', 0, '2023-01-23 05:26:47', '2023-01-28 16:00:14', NULL),
(590, 21, 590, '16:01:50', '23:01:07', 'Pulang', 0, '2023-01-23 05:28:02', '2023-01-23 16:01:07', NULL),
(591, 21, 591, '08:29:46', '16:02:38', 'Pulang', 0, '2023-01-23 05:28:02', '2023-01-24 09:02:38', NULL),
(592, 21, 592, '15:59:23', '23:01:02', 'Pulang', 0, '2023-01-23 05:28:02', '2023-01-25 16:01:02', NULL),
(593, 21, 593, '08:38:24', '16:02:42', 'Pulang', 0, '2023-01-23 05:28:02', '2023-01-26 09:02:42', NULL),
(594, 21, 594, '15:59:20', '23:00:58', 'Pulang', 0, '2023-01-23 05:28:02', '2023-01-27 16:00:58', NULL),
(595, 21, 595, '00:00:00', '00:00:00', 'Pulang', 0, '2023-01-23 05:28:02', '2023-02-21 06:48:59', NULL),
(596, 21, 596, '16:05:59', '20:01:03', 'Pulang', 0, '2023-01-23 05:28:02', '2023-01-29 13:01:03', NULL),
(597, 22, 597, '08:29:00', '16:01:26', 'Pulang', 0, '2023-01-23 05:29:12', '2023-01-23 09:01:26', NULL),
(598, 22, 598, '16:03:30', '23:00:04', 'Pulang', 0, '2023-01-23 05:29:12', '2023-01-24 16:00:04', NULL),
(599, 22, 599, '00:00:00', '00:00:00', 'Pulang', 0, '2023-01-23 05:29:12', '2023-02-21 06:51:05', NULL),
(600, 22, 600, '15:51:07', '23:00:36', 'Pulang', 0, '2023-01-23 05:29:12', '2023-01-26 16:00:36', NULL),
(601, 22, 601, '16:01:35', '23:00:24', 'Pulang', 0, '2023-01-23 05:29:12', '2023-01-27 16:00:24', NULL),
(602, 23, 602, '16:01:39', '23:00:56', 'Pulang', 0, '2023-01-23 05:30:33', '2023-01-23 16:00:56', NULL),
(603, 23, 603, '16:03:40', '23:00:17', 'Pulang', 0, '2023-01-23 05:30:33', '2023-01-24 16:00:17', NULL),
(604, 23, 604, '00:00:00', '00:00:00', 'Belum Masuk', 0, '2023-01-23 05:30:33', '2023-01-23 05:30:33', NULL),
(605, 23, 605, '15:51:17', '23:00:22', 'Pulang', 0, '2023-01-23 05:30:33', '2023-01-26 16:00:22', NULL),
(606, 23, 606, '08:21:36', '16:00:39', 'Pulang', 0, '2023-01-23 05:30:33', '2023-01-27 09:00:39', NULL),
(607, 23, 607, '15:45:18', '23:01:57', 'Pulang', 0, '2023-01-23 05:30:33', '2023-01-28 16:01:57', NULL),
(608, 23, 608, '16:06:10', '20:01:11', 'Pulang', 0, '2023-01-23 05:30:33', '2023-01-29 13:01:11', NULL),
(609, 24, 609, '15:54:53', '23:00:46', 'Pulang', 0, '2023-01-23 05:32:44', '2023-01-23 16:00:46', NULL),
(610, 24, 610, '15:59:38', '23:00:09', 'Pulang', 0, '2023-01-23 05:32:44', '2023-01-24 16:00:09', NULL),
(611, 24, 611, '15:56:51', '23:02:28', 'Pulang', 0, '2023-01-23 05:32:44', '2023-01-25 16:02:28', NULL),
(612, 24, 612, '16:05:05', '23:00:17', 'Pulang', 0, '2023-01-23 05:32:44', '2023-01-26 16:00:17', NULL),
(613, 24, 613, '15:59:26', '23:01:03', 'Pulang', 0, '2023-01-23 05:32:44', '2023-01-27 16:01:03', NULL),
(614, 24, 614, '16:03:03', '23:00:03', 'Pulang', 0, '2023-01-23 05:32:44', '2023-01-28 16:00:03', NULL),
(615, 16, 615, '13:42:36', '00:00:00', 'Pulang', 0, '2023-01-29 16:09:39', '2023-02-21 06:37:50', NULL),
(616, 16, 616, '13:24:57', '23:03:08', 'Pulang', 0, '2023-01-29 16:09:39', '2023-02-21 06:37:55', NULL),
(617, 16, 617, '13:24:35', '00:00:00', 'Pulang', 0, '2023-01-29 16:09:39', '2023-02-21 06:38:01', NULL),
(618, 16, 618, '13:05:43', '00:00:00', 'Pulang', 0, '2023-01-29 16:09:39', '2023-02-21 06:38:07', NULL),
(619, 16, 619, '13:33:04', '00:00:00', 'Pulang', 0, '2023-01-29 16:09:39', '2023-02-21 06:38:12', NULL),
(620, 16, 620, '00:00:00', '00:00:00', 'Belum Masuk', 0, '2023-01-29 16:09:39', '2023-01-29 16:09:39', NULL),
(621, 19, 621, '15:50:56', '23:00:20', 'Pulang', 0, '2023-01-29 16:10:34', '2023-01-30 16:00:20', NULL),
(622, 19, 622, '08:13:56', '16:00:25', 'Pulang', 0, '2023-01-29 16:10:34', '2023-01-31 09:00:25', NULL),
(623, 19, 623, '08:20:58', '16:02:40', 'Pulang', 0, '2023-01-29 16:10:34', '2023-02-01 09:02:40', NULL),
(624, 19, 624, '15:40:07', '23:00:49', 'Pulang', 0, '2023-01-29 16:10:34', '2023-02-03 16:00:49', NULL),
(625, 19, 625, '15:47:29', '23:00:29', 'Pulang', 0, '2023-01-29 16:10:34', '2023-02-04 16:00:29', NULL),
(626, 19, 626, '00:00:00', '00:00:00', 'Pulang', 0, '2023-01-29 16:10:34', '2023-02-21 06:44:21', NULL),
(627, 20, 627, '15:57:15', '23:00:32', 'Pulang', 0, '2023-01-29 16:11:23', '2023-01-30 16:00:32', NULL),
(628, 20, 628, '15:55:08', '23:03:05', 'Pulang', 0, '2023-01-29 16:11:23', '2023-01-31 16:03:05', NULL),
(629, 20, 629, '15:56:38', '23:06:24', 'Pulang', 0, '2023-01-29 16:11:23', '2023-02-01 16:06:24', NULL),
(630, 20, 630, '15:40:31', '23:00:33', 'Pulang', 0, '2023-01-29 16:11:23', '2023-02-02 16:00:33', NULL),
(631, 20, 631, '08:27:31', '16:15:16', 'Pulang', 0, '2023-01-29 16:11:23', '2023-02-21 09:53:10', NULL),
(632, 20, 632, '08:40:05', '16:01:58', 'Pulang', 0, '2023-01-29 16:11:23', '2023-02-04 09:01:58', NULL),
(633, 21, 633, '08:35:20', '16:00:26', 'Pulang', 0, '2023-01-29 16:12:54', '2023-01-30 09:00:26', NULL),
(634, 21, 634, '16:01:16', '23:03:14', 'Pulang', 0, '2023-01-29 16:12:54', '2023-01-31 16:03:14', NULL),
(635, 21, 635, '16:12:38', '23:06:15', 'Pulang', 0, '2023-01-29 16:12:54', '2023-02-01 16:06:15', NULL),
(636, 21, 636, '08:38:20', '16:00:27', 'Pulang', 0, '2023-01-29 16:12:54', '2023-02-02 09:00:27', NULL),
(637, 21, 637, '16:00:06', '23:01:19', 'Pulang', 0, '2023-01-29 16:12:54', '2023-02-03 16:01:19', NULL),
(638, 21, 638, '15:57:01', '23:00:44', 'Pulang', 0, '2023-01-29 16:12:54', '2023-02-04 16:00:44', NULL),
(639, 22, 639, '16:01:16', '23:00:37', 'Pulang', 0, '2023-01-29 16:14:04', '2023-01-30 16:00:37', NULL),
(640, 22, 640, '08:40:03', '16:00:31', 'Pulang', 0, '2023-01-29 16:14:04', '2023-01-31 09:00:31', NULL),
(641, 22, 641, '16:12:47', '23:06:00', 'Pulang', 0, '2023-01-29 16:14:04', '2023-02-01 16:06:00', NULL),
(642, 22, 642, '15:55:15', '23:00:39', 'Pulang', 0, '2023-01-29 16:14:04', '2023-02-02 16:00:39', NULL),
(643, 22, 643, '08:42:09', '16:15:37', 'Lembur', 0, '2023-01-29 16:14:04', '2023-02-03 09:15:37', NULL),
(644, 22, 644, '00:00:00', '00:00:00', 'Pulang', 0, '2023-01-29 16:14:04', '2023-02-21 06:51:13', NULL),
(645, 23, 645, '08:36:22', '16:00:09', 'Pulang', 0, '2023-01-29 16:14:52', '2023-01-30 09:00:09', NULL),
(646, 23, 646, '16:01:30', '23:03:24', 'Pulang', 0, '2023-01-29 16:14:52', '2023-01-31 16:03:24', NULL),
(647, 23, 647, '00:00:00', '00:00:00', 'Belum Masuk', 0, '2023-01-29 16:14:52', '2023-01-29 16:14:52', NULL),
(648, 23, 648, '15:55:07', '23:00:27', 'Pulang', 0, '2023-01-29 16:14:52', '2023-02-02 16:00:27', NULL),
(649, 23, 649, '16:00:17', '23:01:15', 'Pulang', 0, '2023-01-29 16:14:52', '2023-02-03 16:01:15', NULL),
(650, 23, 650, '16:12:21', '23:00:26', 'Pulang', 0, '2023-01-29 16:14:52', '2023-02-04 16:00:26', NULL),
(651, 24, 651, '16:08:02', '23:00:27', 'Pulang', 0, '2023-01-29 16:15:39', '2023-01-30 16:00:27', NULL),
(652, 24, 652, '00:00:00', '00:00:00', 'Pulang', 0, '2023-01-29 16:15:39', '2023-02-21 06:50:25', NULL),
(653, 24, 653, '16:02:31', '23:06:06', 'Pulang', 0, '2023-01-29 16:15:39', '2023-02-01 16:06:06', NULL),
(654, 24, 654, '16:14:08', '23:00:37', 'Pulang', 0, '2023-01-29 16:15:39', '2023-02-02 16:00:37', NULL),
(655, 24, 655, '15:59:24', '23:00:39', 'Pulang', 0, '2023-01-29 16:15:39', '2023-02-03 16:00:39', NULL),
(656, 24, 656, '16:05:13', '23:00:35', 'Pulang', 0, '2023-01-29 16:15:39', '2023-02-04 16:00:35', NULL),
(657, 16, 657, '14:22:01', '00:00:00', 'Pulang', 0, '2023-02-06 04:36:13', '2023-02-21 06:38:20', NULL),
(658, 16, 658, '13:08:13', '00:00:00', 'Pulang', 0, '2023-02-06 04:36:13', '2023-02-21 06:38:26', NULL),
(659, 16, 659, '13:29:47', '00:00:00', 'Pulang', 0, '2023-02-06 04:36:13', '2023-02-21 06:38:32', NULL),
(660, 16, 660, '14:13:02', '00:00:00', 'Pulang', 0, '2023-02-06 04:36:13', '2023-02-21 06:38:41', NULL),
(661, 16, 661, '13:34:37', '00:00:00', 'Pulang', 0, '2023-02-06 04:36:13', '2023-02-21 06:38:46', NULL),
(662, 16, 662, '00:00:00', '00:00:00', 'Pulang', 0, '2023-02-06 04:36:13', '2023-02-21 06:40:43', NULL),
(663, 19, 663, '08:30:00', '16:00:09', 'Pulang', 0, '2023-02-06 04:37:26', '2023-02-06 09:00:09', NULL),
(664, 19, 664, '15:45:52', '23:02:42', 'Pulang', 0, '2023-02-06 04:37:26', '2023-02-07 16:02:42', NULL),
(665, 19, 665, '08:17:08', '16:00:08', 'Pulang', 0, '2023-02-06 04:37:26', '2023-02-08 09:00:08', NULL),
(666, 19, 666, '15:45:46', '23:03:00', 'Pulang', 0, '2023-02-06 04:37:26', '2023-02-10 16:03:00', NULL),
(667, 19, 667, '15:45:19', '23:02:04', 'Pulang', 0, '2023-02-06 04:37:26', '2023-02-11 16:02:04', NULL),
(668, 20, 668, '15:40:15', '23:00:27', 'Pulang', 0, '2023-02-06 04:38:21', '2023-02-06 16:00:27', NULL),
(669, 20, 669, '08:32:39', '16:04:05', 'Pulang', 0, '2023-02-06 04:38:21', '2023-02-07 09:04:05', NULL),
(670, 20, 670, '15:52:21', '23:00:45', 'Pulang', 0, '2023-02-06 04:38:21', '2023-02-08 16:00:45', NULL),
(671, 20, 671, '15:45:50', '23:00:28', 'Pulang', 0, '2023-02-06 04:38:21', '2023-02-09 16:00:28', NULL),
(672, 20, 672, '08:33:32', '16:03:11', 'Pulang', 0, '2023-02-06 04:38:21', '2023-02-10 09:03:11', NULL),
(673, 21, 673, '15:58:33', '23:01:52', 'Pulang', 0, '2023-02-06 04:39:38', '2023-02-06 16:01:52', NULL),
(674, 21, 674, '16:03:52', '23:03:00', 'Pulang', 0, '2023-02-06 04:39:38', '2023-02-07 16:03:00', NULL),
(675, 21, 675, '16:00:41', '23:01:04', 'Pulang', 0, '2023-02-06 04:39:38', '2023-02-08 16:01:04', NULL),
(676, 21, 676, '15:39:21', '23:00:16', 'Pulang', 0, '2023-02-06 04:39:38', '2023-02-09 16:00:16', NULL),
(677, 21, 677, '08:33:21', '16:03:25', 'Pulang', 0, '2023-02-06 04:39:38', '2023-02-10 09:03:25', NULL),
(678, 21, 678, '08:36:52', '16:02:36', 'Pulang', 0, '2023-02-06 04:39:38', '2023-02-11 09:02:36', NULL),
(679, 22, 679, '08:30:00', '16:00:05', 'Pulang', 0, '2023-02-06 04:40:26', '2023-02-06 09:00:05', NULL),
(680, 22, 680, '16:05:38', '23:03:05', 'Pulang', 0, '2023-02-06 04:40:26', '2023-02-07 16:03:05', NULL),
(681, 22, 681, '16:10:08', '23:00:48', 'Pulang', 0, '2023-02-06 04:40:26', '2023-02-08 16:00:48', NULL),
(682, 22, 682, '08:32:29', '16:05:34', 'Pulang', 0, '2023-02-06 04:40:26', '2023-02-09 09:05:34', NULL),
(683, 22, 683, '16:03:57', '23:02:29', 'Pulang', 0, '2023-02-06 04:40:26', '2023-02-10 16:02:29', NULL),
(684, 22, 684, '15:51:16', '23:02:11', 'Pulang', 0, '2023-02-06 04:40:26', '2023-02-11 16:02:11', NULL),
(685, 23, 685, '15:58:47', '23:00:31', 'Pulang', 0, '2023-02-06 04:41:14', '2023-02-06 16:00:31', NULL),
(686, 23, 686, '08:32:31', '16:01:35', 'Pulang', 0, '2023-02-06 04:41:14', '2023-02-07 09:01:35', NULL),
(687, 23, 687, '08:17:25', '16:00:48', 'Pulang', 0, '2023-02-06 04:41:14', '2023-02-08 09:00:48', NULL),
(688, 23, 688, '15:58:16', '23:00:22', 'Pulang', 0, '2023-02-06 04:41:14', '2023-02-09 16:00:22', NULL),
(689, 23, 689, '16:04:04', '23:02:55', 'Pulang', 0, '2023-02-06 04:41:14', '2023-02-10 16:02:55', NULL),
(690, 23, 690, '15:49:14', '23:02:26', 'Pulang', 0, '2023-02-06 04:41:14', '2023-02-11 16:02:26', NULL),
(691, 24, 691, '16:00:15', '23:00:15', 'Pulang', 0, '2023-02-06 04:41:56', '2023-02-06 16:00:15', NULL),
(692, 24, 692, '16:04:09', '23:03:10', 'Pulang', 0, '2023-02-06 04:41:56', '2023-02-07 16:03:10', NULL),
(693, 24, 693, '16:08:48', '23:00:53', 'Pulang', 0, '2023-02-06 04:41:56', '2023-02-08 16:00:53', NULL),
(694, 24, 694, '16:08:02', '23:00:10', 'Pulang', 0, '2023-02-06 04:41:56', '2023-02-09 16:00:10', NULL),
(695, 24, 695, '16:12:34', '23:03:05', 'Pulang', 0, '2023-02-06 04:41:56', '2023-02-10 16:03:05', NULL),
(696, 24, 696, '16:05:49', '23:02:07', 'Pulang', 0, '2023-02-06 04:41:56', '2023-02-11 16:02:07', NULL),
(697, 19, 697, '15:47:09', '20:00:01', 'Pulang', 0, '2023-02-12 04:24:05', '2023-02-12 13:00:01', NULL),
(698, 19, 698, '15:48:29', '23:02:59', 'Pulang', 0, '2023-02-12 04:24:05', '2023-02-13 16:02:59', NULL),
(699, 19, 699, '08:20:21', '16:00:48', 'Pulang', 0, '2023-02-12 04:24:05', '2023-02-14 09:00:48', NULL),
(700, 19, 700, '08:25:50', '16:00:17', 'Pulang', 0, '2023-02-12 04:24:05', '2023-02-15 09:00:17', NULL),
(701, 19, 701, '15:53:55', '23:00:14', 'Pulang', 0, '2023-02-12 04:24:05', '2023-02-16 16:00:14', NULL),
(702, 19, 702, '15:54:12', '23:00:20', 'Pulang', 0, '2023-02-12 04:24:05', '2023-02-17 16:00:20', NULL),
(703, 20, 703, '15:47:25', '20:00:08', 'Pulang', 0, '2023-02-12 04:24:57', '2023-02-12 13:00:08', NULL),
(704, 20, 704, '08:33:00', '16:00:00', 'Pulang', 0, '2023-02-12 04:24:57', '2023-02-21 09:52:07', NULL),
(705, 20, 705, '08:31:18', '16:00:44', 'Pulang', 0, '2023-02-12 04:24:57', '2023-02-14 09:00:44', NULL),
(706, 20, 706, '15:49:00', '23:00:26', 'Pulang', 0, '2023-02-12 04:24:57', '2023-02-15 16:00:26', NULL),
(707, 20, 707, '15:47:09', '23:00:09', 'Pulang', 0, '2023-02-12 04:24:57', '2023-02-16 16:00:09', NULL),
(708, 20, 708, '15:46:42', '23:00:14', 'Pulang', 0, '2023-02-12 04:24:57', '2023-02-17 16:00:14', NULL),
(709, 21, 709, '15:54:40', '23:03:04', 'Pulang', 0, '2023-02-12 04:26:01', '2023-02-13 16:03:04', NULL),
(710, 21, 710, '16:00:21', '23:02:20', 'Pulang', 0, '2023-02-12 04:26:01', '2023-02-14 16:02:20', NULL),
(711, 21, 711, '08:41:06', '16:00:31', 'Pulang', 0, '2023-02-12 04:26:01', '2023-02-15 09:00:31', NULL),
(712, 21, 712, '15:52:26', '23:00:28', 'Pulang', 0, '2023-02-12 04:26:01', '2023-02-16 16:00:28', NULL),
(713, 21, 713, '15:54:20', '23:00:34', 'Pulang', 0, '2023-02-12 04:26:01', '2023-02-17 16:00:34', NULL),
(714, 22, 714, '16:11:06', '23:03:08', 'Pulang', 0, '2023-02-12 04:26:49', '2023-02-13 16:03:08', NULL),
(715, 22, 715, '16:04:40', '23:01:54', 'Pulang', 0, '2023-02-12 04:26:49', '2023-02-14 16:01:54', NULL),
(716, 22, 716, '16:06:01', '23:00:04', 'Pulang', 0, '2023-02-12 04:26:49', '2023-02-15 16:00:04', NULL),
(717, 22, 717, '08:44:05', '16:00:52', 'Pulang', 0, '2023-02-12 04:26:49', '2023-02-16 09:00:52', NULL),
(718, 22, 718, '00:00:00', '00:00:00', 'Belum Masuk', 0, '2023-02-12 04:26:49', '2023-02-21 06:54:54', NULL),
(719, 23, 719, '16:11:52', '23:02:11', 'Pulang', 0, '2023-02-12 04:27:28', '2023-02-14 16:02:11', NULL),
(720, 23, 720, '16:04:17', '23:00:10', 'Pulang', 0, '2023-02-12 04:27:28', '2023-02-15 16:00:10', NULL),
(721, 23, 721, '08:33:35', '16:00:46', 'Pulang', 0, '2023-02-12 04:27:28', '2023-02-16 09:00:46', NULL),
(722, 23, 722, '08:36:34', '16:08:12', 'Pulang', 0, '2023-02-12 04:27:28', '2023-02-17 09:08:12', NULL),
(723, 23, 723, '00:00:00', '00:00:00', 'Belum Masuk', 0, '2023-02-12 04:27:28', '2023-02-12 04:27:28', NULL),
(724, 23, 724, '00:00:00', '00:00:00', 'Belum Masuk', 0, '2023-02-12 04:27:28', '2023-02-12 04:27:28', NULL),
(725, 23, 725, '00:00:00', '00:00:00', 'Belum Masuk', 0, '2023-02-12 04:27:28', '2023-02-12 04:27:28', NULL),
(726, 23, 726, '00:00:00', '00:00:00', 'Belum Masuk', 0, '2023-02-12 04:27:28', '2023-02-12 04:27:28', NULL),
(727, 23, 727, '00:00:00', '00:00:00', 'Belum Masuk', 0, '2023-02-12 04:27:28', '2023-02-12 04:27:28', NULL),
(728, 23, 728, '00:00:00', '00:00:00', 'Belum Masuk', 0, '2023-02-12 04:27:28', '2023-02-12 04:27:28', NULL),
(729, 16, 729, '13:43:23', '00:00:00', 'Pulang', 0, '2023-02-12 04:28:20', '2023-02-21 06:38:51', NULL),
(730, 16, 730, '13:09:59', '00:00:00', 'Pulang', 0, '2023-02-12 04:28:20', '2023-02-21 06:38:57', NULL),
(731, 16, 731, '13:07:24', '00:00:00', 'Pulang', 0, '2023-02-12 04:28:20', '2023-02-21 06:40:18', NULL),
(732, 16, 732, '13:54:28', '00:00:00', 'Pulang', 0, '2023-02-12 04:28:20', '2023-02-21 06:40:24', NULL),
(733, 16, 733, '15:27:38', '00:00:00', 'Pulang', 0, '2023-02-12 04:28:20', '2023-02-21 06:40:29', NULL),
(734, 24, 734, '16:00:03', '23:02:54', 'Pulang', 0, '2023-02-12 04:29:01', '2023-02-13 16:02:54', NULL),
(735, 24, 735, '15:56:23', '23:01:51', 'Pulang', 0, '2023-02-12 04:29:01', '2023-02-14 16:01:51', NULL),
(736, 24, 736, '00:00:00', '00:00:00', 'Pulang', 0, '2023-02-12 04:29:01', '2023-02-21 06:50:12', NULL),
(737, 24, 737, '15:43:14', '23:02:18', 'Pulang', 0, '2023-02-12 04:29:01', '2023-02-15 16:02:18', NULL),
(738, 24, 738, '00:00:00', '00:00:00', 'Belum Masuk', 0, '2023-02-12 04:29:01', '2023-02-12 04:29:01', NULL),
(739, 24, 739, '16:08:50', '23:00:20', 'Pulang', 0, '2023-02-12 04:29:01', '2023-02-16 16:00:20', NULL),
(740, 24, 740, '00:00:00', '00:00:00', 'Belum Masuk', 0, '2023-02-12 04:29:01', '2023-02-12 04:29:01', NULL),
(741, 24, 741, '00:00:00', '00:00:00', 'Belum Masuk', 0, '2023-02-12 04:29:01', '2023-02-12 04:29:01', NULL),
(742, 24, 742, '15:55:56', '23:00:40', 'Pulang', 0, '2023-02-12 04:29:01', '2023-02-17 16:00:40', NULL),
(743, 24, 743, '00:00:00', '00:00:00', 'Belum Masuk', 0, '2023-02-12 04:29:01', '2023-02-12 04:29:01', NULL),
(744, 16, 744, '00:00:00', '00:00:00', 'Pulang', 0, '2023-02-20 08:53:07', '2023-02-21 06:40:38', NULL),
(745, 16, 745, '13:00:15', '23:00:00', 'Pulang', 0, '2023-02-20 08:53:07', '2023-03-06 01:16:07', NULL),
(748, 16, 748, '15:21:34', '23:01:00', 'Pulang', 0, '2023-02-20 08:53:07', '2023-03-06 01:17:07', NULL),
(749, 16, 749, '12:49:20', '23:10:00', 'Pulang', 0, '2023-02-20 08:53:07', '2023-03-06 01:17:01', NULL),
(750, 16, 750, '00:00:00', '00:00:00', 'Belum Masuk', 0, '2023-02-20 08:53:07', '2023-02-20 08:53:07', NULL),
(752, 16, 752, '14:22:54', '23:03:00', 'Pulang', 0, '2023-02-20 08:53:07', '2023-03-06 01:16:32', NULL),
(753, 16, 753, '13:48:30', '23:04:00', 'Pulang', 0, '2023-02-20 08:53:07', '2023-03-06 01:16:38', NULL),
(756, 19, 756, '15:54:47', '23:00:11', 'Pulang', 0, '2023-02-20 08:53:49', '2023-02-20 16:00:11', NULL),
(762, 20, 762, '16:00:00', '23:01:00', 'Pulang', 0, '2023-02-20 08:54:29', '2023-02-21 09:52:29', NULL),
(763, 20, 763, '15:34:26', '23:00:26', 'Pulang', 0, '2023-02-20 08:54:29', '2023-02-21 16:00:26', NULL),
(768, 21, 768, '16:12:42', '23:00:14', 'Pulang', 0, '2023-02-20 08:55:21', '2023-02-20 16:00:14', NULL),
(769, 21, 769, '08:37:18', '16:06:46', 'Pulang', 0, '2023-02-20 08:55:21', '2023-02-21 09:06:46', NULL),
(774, 21, 774, '00:00:00', '00:00:00', 'Belum Masuk', 0, '2023-02-20 08:55:21', '2023-02-20 08:55:21', NULL),
(780, 22, 780, '08:29:00', '16:12:47', 'Pulang', 0, '2023-02-20 08:56:04', '2023-02-20 09:12:47', NULL),
(786, 23, 786, '08:28:00', '16:13:58', 'Pulang', 0, '2023-02-20 08:56:44', '2023-02-20 09:13:58', NULL),
(787, 23, 787, '16:06:36', '23:00:09', 'Pulang', 0, '2023-02-20 08:56:44', '2023-02-21 16:00:09', NULL),
(792, 24, 792, '16:01:48', '23:00:07', 'Pulang', 0, '2023-02-20 08:57:30', '2023-02-20 16:00:07', NULL),
(793, 24, 793, '16:14:48', '23:00:31', 'Pulang', 0, '2023-02-20 08:57:30', '2023-02-21 16:00:31', NULL),
(794, 24, 794, '15:57:04', '23:05:13', 'Pulang', 0, '2023-02-20 08:57:30', '2023-02-22 16:05:13', NULL),
(795, 24, 795, '16:11:41', '23:00:46', 'Pulang', 0, '2023-02-20 08:57:30', '2023-02-23 16:00:46', NULL),
(796, 24, 796, '15:58:16', '23:00:20', 'Pulang', 0, '2023-02-20 08:57:30', '2023-02-24 16:00:20', NULL),
(797, 24, 797, '00:00:00', '00:00:00', 'Belum Masuk', 0, '2023-02-20 08:57:30', '2023-02-20 08:57:30', NULL),
(798, 19, 798, '16:00:00', '23:00:13', 'Pulang', 0, '2023-02-21 12:37:28', '2023-02-21 16:00:13', NULL),
(799, 19, 799, '08:22:33', '16:05:39', 'Pulang', 0, '2023-02-21 12:37:28', '2023-02-22 09:05:39', NULL),
(800, 19, 800, '15:58:02', '23:00:11', 'Pulang', 0, '2023-02-21 12:37:28', '2023-02-24 16:00:11', NULL),
(801, 19, 801, '15:48:34', '23:00:09', 'Pulang', 0, '2023-02-21 12:37:28', '2023-02-25 16:00:09', NULL),
(802, 20, 802, '15:45:27', '23:04:57', 'Pulang', 0, '2023-02-21 12:38:07', '2023-02-22 16:04:57', NULL),
(803, 20, 803, '08:39:16', '00:00:00', 'Masuk', 0, '2023-02-21 12:38:07', '2023-02-23 01:39:16', NULL),
(804, 20, 804, '15:46:05', '23:00:39', 'Pulang', 0, '2023-02-21 12:38:07', '2023-02-24 16:00:39', NULL),
(805, 21, 805, '15:51:24', '23:00:31', 'Pulang', 0, '2023-02-21 12:38:50', '2023-02-23 16:00:31', NULL),
(806, 21, 806, '15:57:48', '23:00:16', 'Pulang', 0, '2023-02-21 12:38:50', '2023-02-24 16:00:16', NULL),
(807, 21, 807, '08:36:17', '16:02:25', 'Pulang', 0, '2023-02-21 12:38:50', '2023-02-25 09:02:25', NULL),
(808, 22, 808, '16:06:45', '23:04:59', 'Pulang', 0, '2023-02-21 12:39:38', '2023-02-22 16:04:59', NULL),
(809, 22, 809, '16:04:36', '23:00:34', 'Pulang', 0, '2023-02-21 12:39:38', '2023-02-23 16:00:34', NULL),
(810, 22, 810, '08:41:24', '16:21:03', 'Lembur', 0, '2023-02-21 12:39:38', '2023-02-24 09:21:03', NULL),
(811, 22, 811, '16:00:14', '23:00:15', 'Pulang', 0, '2023-02-21 12:39:38', '2023-02-25 16:00:15', NULL),
(812, 23, 812, '15:54:22', '23:05:35', 'Pulang', 0, '2023-02-21 12:40:16', '2023-02-22 16:05:35', NULL),
(813, 23, 813, '16:01:44', '23:00:24', 'Pulang', 0, '2023-02-21 12:40:16', '2023-02-23 16:00:24', NULL),
(814, 23, 814, '16:00:25', '23:00:04', 'Pulang', 0, '2023-02-21 12:40:16', '2023-02-25 16:00:04', NULL),
(815, 16, 815, '12:29:37', '23:03:00', 'Pulang', 0, '2023-02-26 16:12:08', '2023-03-06 01:17:18', NULL),
(816, 16, 816, '14:37:04', '23:05:00', 'Pulang', 0, '2023-02-26 16:12:08', '2023-03-06 01:17:33', NULL),
(817, 16, 817, '12:39:33', '23:08:00', 'Pulang', 0, '2023-02-26 16:12:08', '2023-03-06 01:18:08', NULL),
(818, 16, 818, '00:00:00', '00:00:00', 'Belum Masuk', 0, '2023-02-26 16:12:08', '2023-02-26 16:12:08', NULL),
(819, 16, 819, '00:00:00', '00:00:00', 'Belum Masuk', 0, '2023-02-26 16:12:08', '2023-02-26 16:12:08', NULL),
(820, 16, 820, '00:00:00', '00:00:00', 'Belum Masuk', 0, '2023-02-26 16:12:08', '2023-02-26 16:12:08', NULL),
(821, 24, 821, '16:11:38', '23:00:05', 'Pulang', 0, '2023-02-26 16:13:02', '2023-02-27 16:00:05', NULL),
(822, 24, 822, '16:07:12', '23:01:23', 'Pulang', 0, '2023-02-26 16:13:02', '2023-02-28 16:01:23', NULL),
(823, 24, 823, '16:02:29', '23:00:53', 'Pulang', 0, '2023-02-26 16:13:02', '2023-03-01 16:00:53', NULL),
(824, 24, 824, '16:03:31', '23:02:07', 'Pulang', 0, '2023-02-26 16:13:02', '2023-03-02 16:02:07', NULL),
(825, 24, 825, '16:08:20', '23:02:19', 'Pulang', 0, '2023-02-26 16:13:02', '2023-03-03 16:02:19', NULL),
(826, 24, 826, '15:55:11', '23:06:04', 'Pulang', 0, '2023-02-26 16:13:02', '2023-03-04 16:06:04', NULL),
(827, 19, 827, '15:53:52', '23:00:10', 'Pulang', 0, '2023-02-26 16:13:42', '2023-02-27 16:00:10', NULL),
(828, 19, 828, '15:53:50', '23:01:32', 'Pulang', 0, '2023-02-26 16:13:42', '2023-02-28 16:01:32', NULL),
(829, 19, 829, '15:42:27', '23:00:49', 'Pulang', 0, '2023-02-26 16:13:42', '2023-03-01 16:00:49', NULL),
(830, 19, 830, '08:15:13', '16:05:36', 'Pulang', 0, '2023-02-26 16:13:42', '2023-03-02 09:05:36', NULL),
(831, 19, 831, '08:20:30', '16:00:04', 'Pulang', 0, '2023-02-26 16:13:42', '2023-03-03 09:00:04', NULL),
(832, 20, 832, '08:42:29', '00:00:00', 'Masuk', 0, '2023-02-26 16:14:15', '2023-02-27 01:42:29', NULL),
(833, 20, 833, '15:42:37', '23:00:45', 'Pulang', 0, '2023-02-26 16:14:15', '2023-03-01 16:00:45', NULL),
(834, 20, 834, '15:58:52', '23:02:22', 'Pulang', 0, '2023-02-26 16:14:15', '2023-03-02 16:02:22', NULL),
(835, 20, 835, '15:43:34', '23:02:15', 'Pulang', 0, '2023-02-26 16:14:15', '2023-03-03 16:02:15', NULL),
(836, 20, 836, '08:43:11', '16:01:32', 'Pulang', 0, '2023-02-26 16:14:15', '2023-03-04 09:01:32', NULL),
(837, 21, 837, '15:58:31', '23:00:42', 'Pulang', 0, '2023-02-26 16:14:49', '2023-02-27 16:00:42', NULL),
(838, 21, 838, '15:54:03', '23:00:08', 'Pulang', 0, '2023-02-26 16:14:49', '2023-02-28 16:00:08', NULL),
(839, 21, 839, '08:38:00', '16:00:12', 'Pulang', 0, '2023-02-26 16:14:49', '2023-03-01 09:00:12', NULL),
(840, 21, 840, '15:50:12', '23:02:54', 'Pulang', 0, '2023-02-26 16:14:49', '2023-03-03 16:02:54', NULL),
(841, 21, 841, '15:55:14', '23:05:31', 'Pulang', 0, '2023-02-26 16:14:49', '2023-03-04 16:05:31', NULL),
(842, 22, 842, '15:54:19', '23:00:24', 'Pulang', 0, '2023-02-26 16:15:23', '2023-02-27 16:00:24', NULL),
(843, 22, 843, '08:34:34', '16:44:09', 'Lembur', 0, '2023-02-26 16:15:23', '2023-02-28 09:44:09', NULL),
(844, 22, 844, '00:00:00', '00:00:00', 'Belum Masuk', 0, '2023-02-26 16:15:23', '2023-02-26 16:15:23', NULL),
(845, 22, 845, '16:14:36', '23:02:32', 'Pulang', 0, '2023-02-26 16:15:23', '2023-03-03 16:02:32', NULL),
(846, 22, 846, '16:13:18', '23:05:52', 'Pulang', 0, '2023-02-26 16:15:23', '2023-03-04 16:05:52', NULL),
(847, 23, 847, '15:54:14', '23:00:26', 'Pulang', 0, '2023-02-26 16:15:54', '2023-02-28 16:00:26', NULL),
(848, 23, 848, '15:59:37', '23:01:16', 'Pulang', 0, '2023-02-26 16:15:54', '2023-03-01 16:01:16', NULL),
(849, 23, 849, '00:00:00', '00:00:00', 'Belum Masuk', 0, '2023-02-26 16:15:54', '2023-02-26 16:15:54', NULL),
(850, 23, 850, '00:00:00', '00:00:00', 'Belum Masuk', 0, '2023-02-26 16:15:54', '2023-02-26 16:15:54', NULL),
(851, 23, 851, '16:13:08', '23:05:43', 'Pulang', 0, '2023-02-26 16:15:54', '2023-03-04 16:05:43', NULL),
(852, 16, 852, '15:58:58', '00:00:00', 'Masuk', 0, '2023-03-05 16:29:25', '2023-03-06 08:58:58', NULL),
(853, 16, 853, '13:20:26', '00:00:00', 'Masuk', 0, '2023-03-05 16:29:25', '2023-03-07 06:20:26', NULL),
(854, 16, 854, '13:38:09', '00:00:00', 'Masuk', 0, '2023-03-05 16:29:25', '2023-03-08 06:38:09', NULL),
(855, 16, 855, '13:58:23', '00:00:00', 'Masuk', 0, '2023-03-05 16:29:25', '2023-03-09 06:58:23', NULL),
(856, 16, 856, '13:46:11', '00:00:00', 'Masuk', 0, '2023-03-05 16:29:25', '2023-03-10 06:46:11', NULL),
(857, 16, 857, '15:57:34', '00:00:00', 'Masuk', 0, '2023-03-05 16:29:25', '2023-03-11 08:57:34', NULL),
(858, 24, 858, '16:01:01', '23:01:46', 'Pulang', 0, '2023-03-05 16:30:05', '2023-03-06 16:01:46', NULL),
(859, 24, 859, '16:04:12', '23:00:37', 'Pulang', 0, '2023-03-05 16:30:05', '2023-03-07 16:00:37', NULL),
(860, 24, 860, '15:46:33', '23:08:23', 'Pulang', 0, '2023-03-05 16:30:05', '2023-03-08 16:08:23', NULL),
(861, 24, 861, '16:02:42', '23:00:11', 'Pulang', 0, '2023-03-05 16:30:05', '2023-03-09 16:00:11', NULL),
(862, 24, 862, '16:05:17', '23:04:49', 'Pulang', 0, '2023-03-05 16:30:05', '2023-03-10 16:04:49', NULL),
(863, 24, 863, '16:11:57', '23:03:49', 'Pulang', 0, '2023-03-05 16:30:05', '2023-03-11 16:03:49', NULL),
(864, 19, 864, '15:53:38', '23:00:30', 'Pulang', 0, '2023-03-05 16:30:57', '2023-03-07 16:00:30', NULL),
(865, 19, 865, '15:56:44', '23:08:15', 'Pulang', 0, '2023-03-05 16:30:57', '2023-03-08 16:08:15', NULL),
(866, 19, 866, '16:00:54', '23:00:06', 'Pulang', 0, '2023-03-05 16:30:57', '2023-03-09 16:00:06', NULL),
(867, 19, 867, '15:54:20', '23:04:33', 'Pulang', 0, '2023-03-05 16:30:57', '2023-03-10 16:04:33', NULL),
(868, 19, 868, '08:10:33', '16:07:14', 'Pulang', 0, '2023-03-05 16:30:57', '2023-03-11 09:07:14', NULL),
(869, 20, 869, '00:00:00', '00:00:00', 'Belum Masuk', 0, '2023-03-05 16:31:37', '2023-03-05 16:31:37', NULL),
(870, 20, 870, '15:43:23', '23:00:19', 'Pulang', 0, '2023-03-05 16:31:37', '2023-03-07 16:00:19', NULL),
(871, 20, 871, '08:30:30', '16:07:32', 'Pulang', 0, '2023-03-05 16:31:37', '2023-03-08 09:07:32', NULL),
(872, 20, 872, '15:48:00', '23:04:40', 'Pulang', 0, '2023-03-05 16:31:37', '2023-03-10 16:04:40', NULL),
(873, 20, 873, '15:52:51', '23:04:36', 'Pulang', 0, '2023-03-05 16:31:37', '2023-03-11 16:04:36', NULL),
(874, 21, 874, '16:10:12', '23:02:20', 'Pulang', 0, '2023-03-05 16:32:10', '2023-03-06 16:02:20', NULL),
(875, 21, 875, '08:38:58', '16:13:23', 'Pulang', 0, '2023-03-05 16:32:10', '2023-03-07 09:13:23', NULL),
(876, 21, 876, '16:04:55', '23:07:53', 'Pulang', 0, '2023-03-05 16:32:10', '2023-03-08 16:07:53', NULL),
(877, 21, 877, '16:01:33', '23:00:22', 'Pulang', 0, '2023-03-05 16:32:10', '2023-03-09 16:00:22', NULL),
(878, 21, 878, '08:13:56', '16:01:59', 'Pulang', 0, '2023-03-05 16:32:10', '2023-03-10 09:01:59', NULL),
(879, 22, 879, '16:13:55', '23:02:05', 'Pulang', 0, '2023-03-05 16:32:48', '2023-03-06 16:02:05', NULL),
(880, 22, 880, '08:39:08', '16:13:17', 'Pulang', 0, '2023-03-05 16:32:48', '2023-03-07 09:13:17', NULL),
(881, 22, 881, '16:01:47', '23:00:01', 'Pulang', 0, '2023-03-05 16:32:48', '2023-03-09 16:00:01', NULL),
(882, 22, 882, '16:01:55', '23:04:53', 'Pulang', 0, '2023-03-05 16:32:48', '2023-03-10 16:04:53', NULL),
(883, 22, 883, '16:12:29', '23:04:02', 'Pulang', 0, '2023-03-05 16:32:48', '2023-03-11 16:04:02', NULL),
(884, 23, 884, '16:14:06', '23:01:33', 'Pulang', 0, '2023-03-05 16:33:21', '2023-03-06 16:01:33', NULL),
(885, 23, 885, '16:14:36', '23:00:33', 'Pulang', 0, '2023-03-05 16:33:21', '2023-03-07 16:00:33', NULL),
(886, 23, 886, '15:59:05', '23:08:04', 'Pulang', 0, '2023-03-05 16:33:21', '2023-03-08 16:08:04', NULL),
(887, 23, 887, '08:15:24', '16:01:11', 'Pulang', 0, '2023-03-05 16:33:21', '2023-03-09 09:01:11', NULL),
(888, 23, 888, '16:02:26', '23:03:43', 'Pulang', 0, '2023-03-05 16:33:21', '2023-03-11 16:03:43', NULL),
(889, 21, 889, '08:05:00', '15:00:00', 'Pulang', 0, '2023-08-13 23:59:36', '2023-08-15 07:21:19', NULL),
(890, 21, 890, '08:02:09', '15:10:47', 'Pulang', 0, '2023-08-13 23:59:36', '2023-08-15 08:10:47', NULL),
(891, 21, 891, '08:04:16', '15:07:06', 'Pulang', 0, '2023-08-13 23:59:36', '2023-08-16 08:07:06', NULL),
(892, 21, 892, '15:08:06', '21:00:22', 'Pulang', 0, '2023-08-13 23:59:36', '2023-08-17 14:00:22', NULL),
(893, 21, 893, '15:04:57', '21:06:02', 'Pulang', 0, '2023-08-13 23:59:36', '2023-08-18 14:06:02', NULL),
(894, 21, 894, '15:07:38', '21:00:23', 'Pulang', 0, '2023-08-13 23:59:36', '2023-08-19 14:00:23', NULL),
(895, 23, 895, '14:46:19', '21:00:23', 'Pulang', 0, '2023-08-14 00:00:55', '2023-08-14 14:00:23', NULL),
(896, 23, 896, '15:01:04', '21:03:03', 'Pulang', 0, '2023-08-14 00:00:55', '2023-08-15 14:03:03', NULL),
(897, 23, 897, '14:58:00', '21:07:17', 'Pulang', 0, '2023-08-14 00:00:55', '2023-08-16 14:07:17', NULL),
(898, 23, 898, '15:08:19', '21:01:08', 'Pulang', 0, '2023-08-14 00:00:55', '2023-08-17 14:01:08', NULL),
(899, 23, 899, '07:59:09', '15:06:19', 'Pulang', 0, '2023-08-14 00:00:55', '2023-08-18 08:06:19', NULL),
(900, 23, 900, '00:00:00', '00:00:00', 'Belum Masuk', 0, '2023-08-14 00:01:07', '2023-08-14 00:01:07', NULL),
(901, 23, 901, '00:00:00', '00:00:00', 'Belum Masuk', 0, '2023-08-14 00:01:07', '2023-08-14 00:01:07', NULL),
(902, 23, 902, '00:00:00', '00:00:00', 'Belum Masuk', 0, '2023-08-14 00:01:07', '2023-08-14 00:01:07', NULL),
(903, 23, 903, '00:00:00', '00:00:00', 'Belum Masuk', 0, '2023-08-14 00:01:07', '2023-08-14 00:01:07', NULL),
(904, 23, 904, '00:00:00', '00:00:00', 'Belum Masuk', 0, '2023-08-14 00:01:07', '2023-08-14 00:01:07', NULL),
(905, 23, 905, '07:57:07', '15:00:59', 'Pulang', 0, '2023-08-14 00:01:07', '2023-08-19 08:00:59', NULL),
(906, 26, 906, '15:00:35', '21:00:42', 'Pulang', 0, '2023-08-14 00:02:11', '2023-08-14 14:00:42', NULL),
(907, 26, 907, '14:49:30', '21:03:12', 'Pulang', 0, '2023-08-14 00:02:11', '2023-08-15 14:03:12', NULL),
(908, 26, 908, '14:57:38', '21:07:34', 'Pulang', 0, '2023-08-14 00:02:11', '2023-08-16 14:07:34', NULL),
(909, 26, 909, '15:09:01', '21:01:51', 'Pulang', 0, '2023-08-14 00:02:11', '2023-08-17 14:01:51', NULL),
(910, 26, 910, '14:54:37', '21:04:11', 'Pulang', 0, '2023-08-14 00:02:11', '2023-08-18 14:04:11', NULL),
(911, 26, 911, '14:46:14', '21:00:09', 'Pulang', 0, '2023-08-14 00:02:11', '2023-08-19 14:00:09', NULL),
(912, 24, 912, '00:00:00', '00:00:00', 'Belum Masuk', 0, '2023-08-14 00:03:15', '2023-08-14 00:03:15', NULL),
(913, 24, 913, '14:40:39', '21:02:54', 'Pulang', 0, '2023-08-14 00:03:15', '2023-08-15 14:02:54', NULL),
(914, 24, 914, '14:53:14', '21:08:17', 'Pulang', 0, '2023-08-14 00:03:15', '2023-08-16 14:08:17', NULL),
(915, 24, 915, '15:09:36', '21:01:33', 'Pulang', 0, '2023-08-14 00:03:15', '2023-08-17 14:01:33', NULL),
(916, 24, 916, '14:54:08', '21:04:21', 'Pulang', 0, '2023-08-14 00:03:15', '2023-08-18 14:04:21', NULL),
(917, 24, 917, '15:10:47', '21:00:18', 'Pulang', 0, '2023-08-14 00:03:15', '2023-08-19 14:00:18', NULL),
(918, 21, 918, '08:08:04', '15:02:06', 'Pulang', 0, '2023-08-21 00:47:57', '2023-08-21 08:02:06', NULL),
(919, 21, 919, '15:05:50', '22:07:24', 'Lembur', 1, '2023-08-21 00:47:57', '2023-08-22 15:07:24', NULL),
(920, 21, 920, '15:05:43', '21:11:06', 'Pulang', 0, '2023-08-21 00:47:57', '2023-08-23 14:11:06', NULL),
(921, 21, 921, '15:09:57', '21:04:20', 'Pulang', 0, '2023-08-21 00:47:57', '2023-08-24 14:04:20', NULL),
(922, 21, 922, '07:56:11', '15:01:57', 'Pulang', 0, '2023-08-21 00:47:57', '2023-08-25 08:01:57', NULL),
(923, 21, 923, '08:09:05', '15:06:25', 'Pulang', 0, '2023-08-21 00:47:57', '2023-08-26 08:06:25', NULL),
(924, 24, 924, '14:58:02', '22:30:03', 'Lembur', 1, '2023-08-21 00:48:42', '2023-08-21 15:30:03', NULL),
(925, 24, 925, '15:09:23', '22:07:14', 'Lembur', 1, '2023-08-21 00:48:42', '2023-08-22 15:07:14', NULL),
(926, 24, 926, '15:06:30', '21:11:46', 'Pulang', 0, '2023-08-21 00:48:42', '2023-08-23 14:11:46', NULL),
(927, 24, 927, '14:57:25', '21:04:26', 'Pulang', 0, '2023-08-21 00:48:43', '2023-08-24 14:04:26', NULL),
(928, 24, 928, '15:07:21', '21:28:11', 'Lembur', 0, '2023-08-21 00:48:43', '2023-08-25 14:28:11', NULL),
(929, 24, 929, '15:07:09', '21:00:42', 'Pulang', 0, '2023-08-21 00:48:43', '2023-08-26 14:00:42', NULL),
(930, 23, 930, '15:01:49', '22:29:52', 'Lembur', 1, '2023-08-21 00:49:42', '2023-08-21 15:29:52', NULL),
(931, 23, 931, '07:46:20', '15:03:21', 'Pulang', 0, '2023-08-21 00:49:42', '2023-08-22 08:03:21', NULL),
(932, 23, 932, '07:56:10', '15:19:40', 'Lembur', 0, '2023-08-21 00:49:42', '2023-08-23 08:19:40', NULL),
(933, 23, 933, '07:49:32', '15:01:16', 'Pulang', 0, '2023-08-21 00:49:42', '2023-08-24 08:01:16', NULL),
(934, 23, 934, '15:11:20', '21:28:31', 'Lembur', 0, '2023-08-21 00:49:42', '2023-08-25 14:28:31', NULL),
(935, 23, 935, '15:04:02', '21:01:56', 'Pulang', 0, '2023-08-21 00:49:42', '2023-08-26 14:01:56', NULL),
(936, 26, 936, '14:53:02', '22:28:55', 'Lembur', 1, '2023-08-21 00:50:25', '2023-08-21 15:28:55', NULL),
(937, 26, 937, '14:57:38', '22:07:34', 'Lembur', 1, '2023-08-21 00:50:25', '2023-08-22 15:07:34', NULL),
(938, 26, 938, '14:51:33', '21:11:24', 'Pulang', 0, '2023-08-21 00:50:25', '2023-08-23 14:11:24', NULL),
(939, 26, 939, '15:04:48', '21:04:14', 'Pulang', 0, '2023-08-21 00:50:25', '2023-08-24 14:04:14', NULL),
(940, 26, 940, '15:05:04', '21:28:48', 'Lembur', 0, '2023-08-21 00:50:25', '2023-08-25 14:28:48', NULL),
(941, 26, 941, '15:05:43', '21:00:30', 'Pulang', 0, '2023-08-21 00:50:25', '2023-08-26 14:00:30', NULL),
(942, 26, 942, '00:00:00', '00:00:00', 'Belum Masuk', 0, '2023-08-21 00:50:25', '2023-08-21 00:50:25', NULL),
(943, 26, 943, '00:00:00', '00:00:00', 'Belum Masuk', 0, '2023-08-21 00:50:25', '2023-08-21 00:50:25', NULL),
(944, 26, 944, '00:00:00', '00:00:00', 'Belum Masuk', 0, '2023-08-21 00:50:26', '2023-08-21 00:50:26', NULL),
(945, 26, 945, '00:00:00', '00:00:00', 'Belum Masuk', 0, '2023-08-21 00:50:26', '2023-08-21 00:50:26', NULL),
(946, 26, 946, '00:00:00', '00:00:00', 'Belum Masuk', 0, '2023-08-21 00:50:26', '2023-08-21 00:50:26', NULL),
(947, 26, 947, '00:00:00', '00:00:00', 'Belum Masuk', 0, '2023-08-21 00:50:26', '2023-08-21 00:50:26', NULL),
(948, 21, 948, '08:08:10', '15:04:11', 'Pulang', 0, '2023-08-28 01:04:48', '2023-08-28 08:04:11', NULL),
(949, 21, 949, '08:04:25', '15:08:02', 'Pulang', 0, '2023-08-28 01:05:55', '2023-08-29 08:08:02', NULL),
(950, 21, 950, '08:05:40', '15:07:15', 'Pulang', 0, '2023-08-28 01:05:55', '2023-08-30 08:07:15', NULL),
(951, 21, 951, '14:53:54', '21:02:47', 'Pulang', 0, '2023-08-28 01:05:55', '2023-08-31 14:02:47', NULL),
(952, 21, 952, '15:11:27', '21:05:34', 'Pulang', 0, '2023-08-28 01:05:55', '2023-09-01 14:05:34', NULL),
(953, 21, 953, '15:07:16', '21:02:58', 'Pulang', 0, '2023-08-28 01:05:55', '2023-09-02 14:02:58', NULL),
(954, 23, 954, '15:13:30', '21:06:19', 'Pulang', 0, '2023-08-28 01:06:47', '2023-08-28 14:06:19', NULL),
(955, 23, 955, '15:13:08', '21:00:39', 'Pulang', 0, '2023-08-28 01:06:47', '2023-08-29 14:00:39', NULL),
(956, 23, 956, '14:51:36', '21:02:06', 'Pulang', 0, '2023-08-28 01:06:47', '2023-08-30 14:02:06', NULL),
(957, 23, 957, '07:37:25', '15:05:01', 'Pulang', 0, '2023-08-28 01:06:47', '2023-08-31 08:05:01', NULL),
(958, 23, 958, '08:07:14', '15:06:34', 'Pulang', 0, '2023-08-28 01:06:47', '2023-09-01 08:06:34', NULL),
(959, 23, 959, '07:51:22', '15:07:06', 'Pulang', 0, '2023-08-28 01:06:47', '2023-09-02 08:07:06', NULL),
(960, 26, 960, '15:05:53', '21:06:42', 'Pulang', 0, '2023-08-28 01:07:41', '2023-08-28 14:06:42', NULL),
(961, 26, 961, '15:08:47', '21:00:54', 'Pulang', 0, '2023-08-28 01:07:41', '2023-08-29 14:00:54', NULL),
(962, 26, 962, '15:07:26', '21:02:15', 'Pulang', 0, '2023-08-28 01:07:41', '2023-08-30 14:02:15', NULL),
(963, 26, 963, '14:54:13', '21:02:25', 'Pulang', 0, '2023-08-28 01:07:41', '2023-08-31 14:02:25', NULL),
(964, 26, 964, '15:05:25', '21:05:44', 'Pulang', 0, '2023-08-28 01:07:41', '2023-09-01 14:05:44', NULL),
(965, 26, 965, '00:00:00', '00:00:00', 'Belum Masuk', 0, '2023-08-28 01:07:50', '2023-08-28 01:07:50', NULL),
(966, 26, 966, '00:00:00', '00:00:00', 'Belum Masuk', 0, '2023-08-28 01:07:50', '2023-08-28 01:07:50', NULL),
(967, 26, 967, '00:00:00', '00:00:00', 'Belum Masuk', 0, '2023-08-28 01:07:50', '2023-08-28 01:07:50', NULL),
(968, 26, 968, '00:00:00', '00:00:00', 'Belum Masuk', 0, '2023-08-28 01:07:50', '2023-08-28 01:07:50', NULL),
(969, 26, 969, '00:00:00', '00:00:00', 'Belum Masuk', 0, '2023-08-28 01:07:50', '2023-08-28 01:07:50', NULL),
(970, 26, 970, '15:07:37', '21:03:05', 'Pulang', 0, '2023-08-28 01:07:50', '2023-09-02 14:03:05', NULL),
(971, 24, 971, '15:00:20', '21:06:30', 'Pulang', 0, '2023-08-28 01:08:26', '2023-08-28 14:06:30', NULL),
(972, 24, 972, '15:08:58', '21:01:03', 'Pulang', 0, '2023-08-28 01:08:26', '2023-08-29 14:01:03', NULL),
(973, 24, 973, '14:51:50', '21:02:22', 'Pulang', 0, '2023-08-28 01:08:26', '2023-08-30 14:02:22', NULL),
(974, 24, 974, '15:05:50', '21:02:33', 'Pulang', 0, '2023-08-28 01:08:26', '2023-08-31 14:02:33', NULL),
(975, 24, 975, '15:05:34', '21:06:00', 'Pulang', 0, '2023-08-28 01:08:26', '2023-09-01 14:06:00', NULL),
(976, 24, 976, '15:07:27', '21:03:18', 'Pulang', 0, '2023-08-28 01:08:26', '2023-09-02 14:03:18', NULL);

-- --------------------------------------------------------

--
-- Table structure for table `employees`
--

CREATE TABLE `employees` (
  `id` bigint UNSIGNED NOT NULL,
  `jabatans_id` bigint UNSIGNED NOT NULL,
  `created_at` timestamp NULL DEFAULT NULL,
  `updated_at` timestamp NULL DEFAULT NULL,
  `name` varchar(255) COLLATE utf8mb4_unicode_ci NOT NULL,
  `rfid` varchar(255) COLLATE utf8mb4_unicode_ci NOT NULL,
  `ttl` varchar(255) COLLATE utf8mb4_unicode_ci NOT NULL,
  `jk` varchar(255) COLLATE utf8mb4_unicode_ci NOT NULL,
  `faceid` varchar(255) COLLATE utf8mb4_unicode_ci DEFAULT NULL,
  `facereq` varchar(255) COLLATE utf8mb4_unicode_ci DEFAULT NULL,
  `status_karyawan` varchar(255) CHARACTER SET utf8mb4 COLLATE utf8mb4_unicode_ci NOT NULL DEFAULT 'Aktif'
) ENGINE=InnoDB DEFAULT CHARSET=utf8mb4 COLLATE=utf8mb4_unicode_ci;

--
-- Dumping data for table `employees`
--

INSERT INTO `employees` (`id`, `jabatans_id`, `created_at`, `updated_at`, `name`, `rfid`, `ttl`, `jk`, `faceid`, `facereq`, `status_karyawan`) VALUES
(16, 1, '2022-10-28 01:40:49', '2022-10-28 01:43:32', 'SOPYAN TAHIR', '2357953107', 'MARISA, 6 JANUARI 1996', 'Laki-laki', NULL, NULL, 'Aktif'),
(19, 3, '2022-10-28 01:43:12', '2023-10-19 05:02:53', 'ABDUL MUHAIMINUL AZIZ NURDIANSYAH HASANIA', '2343466755', 'GORONTALO, 17 FEBRUARI 1998', 'Laki-laki', NULL, NULL, 'Nonaktif'),
(20, 3, '2022-10-28 01:45:05', '2023-10-09 16:40:37', 'YUDISTIRA MUHADI', '2341130883', 'GORONTALO, NOVEMBER 1998', 'Laki-laki', '0c59a2b6d4874080887d725c314dc561fioaa978', 'sudah', 'Aktif'),
(21, 3, '2022-10-28 01:45:52', '2023-10-19 03:10:56', 'SRIRIN PRATIWI', '2339913363', 'KANTANAN, 17 NOVEMBER 1997', 'Perempuan', 'SRIRIN PRATIWI', 'sudah', 'Aktif'),
(22, 3, '2022-10-28 01:46:36', '2022-10-28 09:53:33', 'FIRA FRAHMATIA DJUNUBI', '2343732659', 'GORONTALO, 4 JULI 1998', 'Perempuan', NULL, NULL, 'Aktif'),
(23, 5, '2022-10-28 01:48:14', '2022-10-28 09:53:59', 'MIYA PERMATASARI SUNARDI', '2345045891', 'GORONTALO, 15 APRIL 2001', 'Perempuan', NULL, NULL, 'Aktif'),
(24, 4, '2022-10-28 01:48:37', '2022-10-28 09:54:20', 'NANDAR ABDULLAH', '2344587379', 'GORONTALO, 20 OKTOBER 1995', 'Laki-laki', NULL, NULL, 'Aktif'),
(26, 5, '2023-08-11 08:23:34', '2023-08-11 08:23:34', 'ridwan djauhari', '3471479283', '111', 'Laki-laki', NULL, NULL, 'Aktif'),
(27, 6, '2023-10-18 06:24:08', '2023-10-18 06:24:08', 'Master Akun', '123456789', 'Gorontalo, 18-10-2023', 'Laki-laki', NULL, NULL, 'Aktif');

-- --------------------------------------------------------

--
-- Table structure for table `failed_jobs`
--

CREATE TABLE `failed_jobs` (
  `id` bigint UNSIGNED NOT NULL,
  `uuid` varchar(255) COLLATE utf8mb4_unicode_ci NOT NULL,
  `connection` text COLLATE utf8mb4_unicode_ci NOT NULL,
  `queue` text COLLATE utf8mb4_unicode_ci NOT NULL,
  `payload` longtext COLLATE utf8mb4_unicode_ci NOT NULL,
  `exception` longtext COLLATE utf8mb4_unicode_ci NOT NULL,
  `failed_at` timestamp NOT NULL DEFAULT CURRENT_TIMESTAMP
) ENGINE=InnoDB DEFAULT CHARSET=utf8mb4 COLLATE=utf8mb4_unicode_ci;

-- --------------------------------------------------------

--
-- Table structure for table `jabatans`
--

CREATE TABLE `jabatans` (
  `id` bigint UNSIGNED NOT NULL,
  `created_at` timestamp NULL DEFAULT NULL,
  `updated_at` timestamp NULL DEFAULT NULL,
  `jabatan` varchar(255) COLLATE utf8mb4_unicode_ci NOT NULL
) ENGINE=InnoDB DEFAULT CHARSET=utf8mb4 COLLATE=utf8mb4_unicode_ci;

--
-- Dumping data for table `jabatans`
--

INSERT INTO `jabatans` (`id`, `created_at`, `updated_at`, `jabatan`) VALUES
(1, '2022-10-06 15:35:26', '2022-10-06 15:35:26', 'Apoteker'),
(3, '2022-10-25 04:49:30', '2022-10-25 04:49:30', 'Tenaga Teknis Kefarmasian'),
(4, '2022-10-28 01:47:27', '2022-10-28 01:47:27', 'SECURITY'),
(5, '2022-10-28 01:47:39', '2022-10-28 01:47:39', 'JURU RACIK'),
(6, '2023-10-18 06:23:05', '2023-10-18 06:23:05', 'Master');

-- --------------------------------------------------------

--
-- Table structure for table `job_batches`
--

CREATE TABLE `job_batches` (
  `id` varchar(255) COLLATE utf8mb4_unicode_ci NOT NULL,
  `name` varchar(255) COLLATE utf8mb4_unicode_ci NOT NULL,
  `total_jobs` int NOT NULL,
  `pending_jobs` int NOT NULL,
  `failed_jobs` int NOT NULL,
  `failed_job_ids` text COLLATE utf8mb4_unicode_ci NOT NULL,
  `options` mediumtext COLLATE utf8mb4_unicode_ci,
  `cancelled_at` int DEFAULT NULL,
  `created_at` int NOT NULL,
  `finished_at` int DEFAULT NULL
) ENGINE=InnoDB DEFAULT CHARSET=utf8mb4 COLLATE=utf8mb4_unicode_ci;

-- --------------------------------------------------------

--
-- Table structure for table `migrations`
--

CREATE TABLE `migrations` (
  `id` int UNSIGNED NOT NULL,
  `migration` varchar(255) COLLATE utf8mb4_unicode_ci NOT NULL,
  `batch` int NOT NULL
) ENGINE=InnoDB DEFAULT CHARSET=utf8mb4 COLLATE=utf8mb4_unicode_ci;

--
-- Dumping data for table `migrations`
--

INSERT INTO `migrations` (`id`, `migration`, `batch`) VALUES
(1, '2014_10_12_000000_create_users_table', 1),
(2, '2014_10_12_100000_create_password_resets_table', 2),
(3, '2019_08_19_000000_create_failed_jobs_table', 3),
(4, '2019_12_14_000001_create_personal_access_tokens_table', 4),
(5, '2022_09_25_053343_create_jabatans_table', 5),
(6, '2022_09_25_084443_create_salaries_table', 6),
(7, '2022_09_24_061949_create_employees_table', 7),
(8, '2022_09_25_060248_create_shifts_table', 8),
(9, '2022_09_25_110147_create_schedules_table', 9),
(10, '2022_09_25_115848_create_attendances_table', 10),
(11, '2022_09_26_162628_create_job_batches_table', 11),
(12, '2022_09_27_225603_create_settings_table', 12),
(13, '2022_10_04_080711_create_payments_table', 13),
(20, '2023_09_25_203750_create_superrs_table', 14),
(21, '2023_10_02_202541_tambah_kolom_role_ke_users', 15),
(22, '2023_10_09_203506_tambah_kolom_ke_settings', 16),
(23, '2023_10_09_204720_tambah_kolom_ke_employees', 16),
(24, '2023_10_18_205604_add_izin_to_schedules', 17),
(25, '2023_10_18_210117_add_catatan_to_attendances', 17),
(26, '2023_10_19_114251_add_status_to_employees', 18);

-- --------------------------------------------------------

--
-- Table structure for table `password_resets`
--

CREATE TABLE `password_resets` (
  `email` varchar(255) COLLATE utf8mb4_unicode_ci NOT NULL,
  `token` varchar(255) COLLATE utf8mb4_unicode_ci NOT NULL,
  `created_at` timestamp NULL DEFAULT NULL
) ENGINE=InnoDB DEFAULT CHARSET=utf8mb4 COLLATE=utf8mb4_unicode_ci;

-- --------------------------------------------------------

--
-- Table structure for table `payments`
--

CREATE TABLE `payments` (
  `id` bigint UNSIGNED NOT NULL,
  `employees_id` bigint UNSIGNED NOT NULL,
  `month` int NOT NULL,
  `year` int NOT NULL,
  `lembur` int NOT NULL,
  `telat` int NOT NULL,
  `tidak_masuk` int NOT NULL,
  `makan` int NOT NULL,
  `transport` int NOT NULL,
  `potongan` int NOT NULL,
  `payment` int NOT NULL,
  `created_at` timestamp NULL DEFAULT NULL,
  `updated_at` timestamp NULL DEFAULT NULL
) ENGINE=InnoDB DEFAULT CHARSET=utf8mb4 COLLATE=utf8mb4_unicode_ci;

--
-- Dumping data for table `payments`
--

INSERT INTO `payments` (`id`, `employees_id`, `month`, `year`, `lembur`, `telat`, `tidak_masuk`, `makan`, `transport`, `potongan`, `payment`, `created_at`, `updated_at`) VALUES
(3, 16, 10, 2022, 0, 0, 0, 0, 0, 28055, 2771945, '2022-10-28 09:57:27', '2022-10-28 09:57:27'),
(4, 16, 11, 2022, 0, 0, 2, 360000, 240000, 28055, 3371945, '2022-11-20 01:12:53', '2022-11-21 14:21:16'),
(5, 19, 11, 2022, 0, 0, 2, 390000, 260000, 28055, 1471945, '2022-11-20 01:17:57', '2022-11-20 01:17:57'),
(6, 20, 11, 2022, 0, 0, 0, 390000, 260000, 28055, 1471945, '2022-11-20 01:19:10', '2022-11-20 01:19:10'),
(7, 21, 11, 2022, 0, 0, 0, 390000, 260000, 28055, 1471945, '2022-11-20 01:20:21', '2022-11-20 01:20:21'),
(8, 22, 11, 2022, 0, 0, 0, 405000, 270000, 28055, 1471945, '2022-11-20 01:21:07', '2022-11-20 01:21:07'),
(9, 23, 11, 2022, 0, 1, 0, 375000, 250000, 28055, 971945, '2022-11-20 01:23:12', '2022-11-20 01:23:12'),
(10, 24, 11, 2022, 0, 0, 1, 375000, 250000, 0, 1500000, '2022-11-20 01:24:10', '2022-11-20 01:24:10'),
(11, 16, 12, 2022, 0, 0, 6, 360000, 240000, 28055, 3371945, '2022-12-20 09:13:48', '2022-12-20 16:07:11'),
(12, 19, 12, 2022, 0, 0, 3, 390000, 260000, 28055, 2121945, '2022-12-20 09:15:32', '2022-12-20 09:15:32'),
(13, 20, 12, 2022, 0, 0, 3, 390000, 260000, 28055, 2121945, '2022-12-20 09:17:17', '2022-12-20 09:17:17'),
(14, 21, 12, 2022, 0, 0, 4, 375000, 250000, 28055, 2096945, '2022-12-20 09:19:26', '2022-12-20 09:19:26'),
(15, 22, 12, 2022, 0, 0, 3, 390000, 260000, 28055, 2121945, '2022-12-20 10:12:49', '2022-12-20 10:12:49'),
(16, 23, 12, 2022, 0, 0, 3, 390000, 260000, 28055, 1621945, '2022-12-20 10:15:22', '2022-12-20 10:15:22'),
(17, 24, 12, 2022, 0, 0, 4, 390000, 260000, 0, 2150000, '2022-12-20 10:18:15', '2022-12-20 10:18:15'),
(18, 16, 1, 2023, 0, 0, 2, 345000, 230000, 28055, 3346945, '2023-01-21 03:10:48', '2023-01-21 07:21:29'),
(19, 19, 1, 2023, 0, 0, 0, 330000, 220000, 28055, 2021945, '2023-01-21 07:23:52', '2023-01-21 07:23:52'),
(20, 20, 1, 2023, 0, 0, 0, 330000, 220000, 28055, 2021945, '2023-01-21 07:24:12', '2023-01-21 07:24:12'),
(21, 16, 2, 2023, 0, 0, 1, 330000, 220000, 28055, 3321945, '2023-02-21 06:41:01', '2023-02-21 06:41:01'),
(22, 20, 2, 2023, 0, 0, 0, 330000, 220000, 28055, 2021945, '2023-02-21 06:43:43', '2023-02-21 06:43:43'),
(23, 19, 2, 2023, 0, 0, 0, 330000, 220000, 28055, 2021945, '2023-02-21 06:44:28', '2023-02-21 06:44:28'),
(24, 21, 2, 2023, 0, 0, 0, 360000, 240000, 28055, 2071945, '2023-02-21 06:49:04', '2023-02-21 06:49:04'),
(25, 24, 2, 2023, 0, 0, 4, 360000, 240000, 0, 2100000, '2023-02-21 06:50:32', '2023-02-21 06:50:32'),
(26, 22, 2, 2023, 0, 0, 1, 315000, 210000, 28055, 1996945, '2023-02-21 06:51:23', '2023-02-21 06:55:32'),
(27, 23, 2, 2023, 0, 0, 8, 315000, 210000, 28055, 1496945, '2023-02-21 06:54:33', '2023-02-21 06:54:33');

-- --------------------------------------------------------

--
-- Table structure for table `personal_access_tokens`
--

CREATE TABLE `personal_access_tokens` (
  `id` bigint UNSIGNED NOT NULL,
  `tokenable_type` varchar(255) COLLATE utf8mb4_unicode_ci NOT NULL,
  `tokenable_id` bigint UNSIGNED NOT NULL,
  `name` varchar(255) COLLATE utf8mb4_unicode_ci NOT NULL,
  `token` varchar(64) COLLATE utf8mb4_unicode_ci NOT NULL,
  `abilities` text COLLATE utf8mb4_unicode_ci,
  `last_used_at` timestamp NULL DEFAULT NULL,
  `expires_at` timestamp NULL DEFAULT NULL,
  `created_at` timestamp NULL DEFAULT NULL,
  `updated_at` timestamp NULL DEFAULT NULL
) ENGINE=InnoDB DEFAULT CHARSET=utf8mb4 COLLATE=utf8mb4_unicode_ci;

-- --------------------------------------------------------

--
-- Table structure for table `salaries`
--

CREATE TABLE `salaries` (
  `id` bigint UNSIGNED NOT NULL,
  `jabatan_id` bigint UNSIGNED NOT NULL,
  `salary` int NOT NULL,
  `makan` int NOT NULL,
  `transport` int NOT NULL,
  `lembur` int NOT NULL,
  `potongan` int NOT NULL,
  `created_at` timestamp NULL DEFAULT NULL,
  `updated_at` timestamp NULL DEFAULT NULL
) ENGINE=InnoDB DEFAULT CHARSET=utf8mb4 COLLATE=utf8mb4_unicode_ci;

--
-- Dumping data for table `salaries`
--

INSERT INTO `salaries` (`id`, `jabatan_id`, `salary`, `makan`, `transport`, `lembur`, `potongan`, `created_at`, `updated_at`) VALUES
(3, 1, 2800000, 15000, 10000, 0, 28055, '2022-10-28 01:50:35', '2022-10-28 01:51:17'),
(4, 3, 1500000, 15000, 10000, 0, 28055, '2022-10-28 01:52:44', '2022-10-28 01:52:44'),
(5, 5, 1000000, 15000, 10000, 0, 28055, '2022-10-28 01:53:15', '2022-10-28 01:53:15'),
(6, 4, 1500000, 15000, 10000, 0, 0, '2022-10-28 01:53:43', '2022-10-28 01:53:43');

-- --------------------------------------------------------

--
-- Table structure for table `schedules`
--

CREATE TABLE `schedules` (
  `id` bigint UNSIGNED NOT NULL,
  `employees_id` bigint UNSIGNED NOT NULL,
  `shifts_id` bigint UNSIGNED NOT NULL,
  `dates` date NOT NULL,
  `created_at` timestamp NULL DEFAULT NULL,
  `updated_at` timestamp NULL DEFAULT NULL,
  `izin` varchar(255) COLLATE utf8mb4_unicode_ci DEFAULT NULL
) ENGINE=InnoDB DEFAULT CHARSET=utf8mb4 COLLATE=utf8mb4_unicode_ci;

--
-- Dumping data for table `schedules`
--

INSERT INTO `schedules` (`id`, `employees_id`, `shifts_id`, `dates`, `created_at`, `updated_at`, `izin`) VALUES
(13, 19, 1, '2022-10-21', '2022-10-28 01:59:16', '2023-10-18 14:28:29', 'Aktif'),
(14, 19, 3, '2022-10-23', '2022-10-28 01:59:16', '2022-10-28 09:58:33', NULL),
(15, 19, 1, '2022-10-24', '2022-10-28 01:59:16', '2022-10-28 01:59:16', NULL),
(16, 19, 2, '2022-10-25', '2022-10-28 01:59:16', '2022-10-28 01:59:16', NULL),
(17, 19, 2, '2022-10-26', '2022-10-28 01:59:16', '2022-10-28 01:59:16', NULL),
(18, 19, 2, '2022-10-27', '2022-10-28 01:59:16', '2022-10-28 01:59:16', NULL),
(19, 19, 1, '2022-10-28', '2022-10-28 01:59:16', '2022-10-28 01:59:16', NULL),
(22, 20, 1, '2022-10-21', '2022-10-28 13:51:45', '2022-10-28 13:51:45', NULL),
(23, 20, 2, '2022-10-22', '2022-10-28 13:51:45', '2022-10-28 13:51:45', NULL),
(24, 20, 2, '2022-10-24', '2022-10-28 13:51:45', '2022-10-28 13:51:45', NULL),
(25, 20, 1, '2022-10-25', '2022-10-28 13:51:45', '2022-10-28 13:51:45', NULL),
(26, 20, 2, '2022-10-26', '2022-10-28 13:51:45', '2022-10-28 13:51:45', NULL),
(27, 20, 2, '2022-10-27', '2022-10-28 13:51:45', '2022-10-28 13:51:45', NULL),
(28, 20, 2, '2022-10-28', '2022-10-28 13:51:45', '2022-10-28 13:51:45', NULL),
(29, 20, 1, '2022-10-29', '2022-10-28 13:51:45', '2022-10-28 13:51:45', NULL),
(30, 19, 3, '2022-10-30', '2022-10-28 13:52:35', '2022-10-31 01:16:28', NULL),
(31, 21, 2, '2022-10-21', '2022-10-28 13:54:40', '2022-10-28 13:54:40', NULL),
(32, 21, 2, '2022-10-22', '2022-10-28 13:54:40', '2022-10-28 13:54:40', NULL),
(33, 21, 2, '2022-10-24', '2022-10-28 13:54:40', '2022-10-28 13:54:40', NULL),
(34, 21, 1, '2022-10-25', '2022-10-28 13:54:40', '2022-10-28 13:54:40', NULL),
(35, 21, 1, '2022-10-26', '2022-10-28 13:54:40', '2022-10-28 13:54:40', NULL),
(36, 21, 2, '2022-10-27', '2022-10-28 13:54:40', '2022-10-28 13:54:40', NULL),
(37, 21, 2, '2022-10-28', '2022-10-28 13:54:40', '2022-10-28 13:54:40', NULL),
(38, 21, 2, '2022-10-29', '2022-10-28 13:54:40', '2022-10-28 13:54:40', NULL),
(39, 22, 2, '2022-10-21', '2022-10-28 13:56:04', '2022-10-28 13:56:04', NULL),
(40, 22, 2, '2022-10-22', '2022-10-28 13:56:04', '2022-10-28 13:56:04', NULL),
(41, 22, 3, '2022-10-23', '2022-10-28 13:56:04', '2022-10-28 13:56:04', NULL),
(42, 22, 1, '2022-10-24', '2022-10-28 13:56:04', '2022-10-28 13:56:04', NULL),
(43, 22, 2, '2022-10-25', '2022-10-28 13:56:04', '2022-10-28 13:56:04', NULL),
(44, 22, 1, '2022-10-26', '2022-10-28 13:56:04', '2022-10-28 13:56:04', NULL),
(45, 22, 2, '2022-10-28', '2022-10-28 13:56:04', '2022-10-28 13:56:04', NULL),
(46, 22, 2, '2022-10-29', '2022-10-28 13:56:04', '2022-10-28 13:56:04', NULL),
(47, 22, 3, '2022-10-30', '2022-10-28 13:56:04', '2022-10-28 13:56:04', NULL),
(48, 23, 2, '2022-10-21', '2022-10-28 13:57:25', '2022-10-28 13:57:25', NULL),
(49, 23, 1, '2022-10-22', '2022-10-28 13:57:25', '2022-10-28 13:57:25', NULL),
(50, 23, 2, '2022-10-24', '2022-10-28 13:57:25', '2022-10-28 13:57:25', NULL),
(51, 23, 2, '2022-10-25', '2022-10-28 13:57:25', '2022-10-28 13:57:25', NULL),
(52, 23, 2, '2022-10-26', '2022-10-28 13:57:25', '2022-10-28 13:57:25', NULL),
(53, 23, 1, '2022-10-27', '2022-10-28 13:57:25', '2022-10-28 13:57:25', NULL),
(54, 23, 1, '2022-10-28', '2022-10-28 13:57:25', '2022-10-28 13:57:25', NULL),
(55, 23, 2, '2022-10-29', '2022-10-28 13:57:25', '2022-10-28 13:57:25', NULL),
(56, 24, 2, '2022-10-21', '2022-10-28 13:58:32', '2022-10-28 13:58:32', NULL),
(57, 24, 2, '2022-10-22', '2022-10-28 13:58:32', '2022-10-28 13:58:32', NULL),
(58, 24, 2, '2022-10-24', '2022-10-28 13:58:32', '2022-10-28 13:58:32', NULL),
(59, 24, 2, '2022-10-25', '2022-10-28 13:58:32', '2022-10-28 13:58:32', NULL),
(60, 24, 2, '2022-10-26', '2022-10-28 13:58:32', '2022-10-28 13:58:32', NULL),
(61, 24, 2, '2022-10-27', '2022-10-28 13:58:32', '2022-10-28 13:58:32', NULL),
(62, 24, 2, '2022-10-28', '2022-10-28 13:58:32', '2022-10-28 13:58:32', NULL),
(63, 24, 2, '2022-10-29', '2022-10-28 13:58:32', '2022-10-28 13:58:32', NULL),
(64, 16, 6, '2022-10-21', '2022-10-28 14:02:51', '2022-10-28 14:02:51', NULL),
(65, 16, 6, '2022-10-22', '2022-10-28 14:02:51', '2022-10-28 14:02:51', NULL),
(66, 16, 6, '2022-10-24', '2022-10-28 14:02:51', '2022-10-28 14:02:51', NULL),
(67, 16, 6, '2022-10-25', '2022-10-28 14:02:51', '2022-10-28 14:02:51', NULL),
(68, 16, 6, '2022-10-26', '2022-10-28 14:02:51', '2022-10-28 14:02:51', NULL),
(69, 16, 6, '2022-10-27', '2022-10-28 14:02:51', '2022-10-28 14:02:51', NULL),
(70, 16, 6, '2022-10-28', '2022-10-28 14:02:51', '2022-10-28 14:02:51', NULL),
(71, 16, 7, '2022-10-29', '2022-10-28 14:02:51', '2022-10-29 07:46:06', NULL),
(72, 16, 8, '2022-10-31', '2022-10-30 20:04:04', '2022-10-31 04:14:51', NULL),
(73, 16, 6, '2022-11-01', '2022-10-30 20:04:04', '2022-10-30 20:04:04', NULL),
(74, 16, 6, '2022-11-02', '2022-10-30 20:04:04', '2022-10-30 20:04:04', NULL),
(75, 16, 6, '2022-11-03', '2022-10-30 20:04:04', '2022-10-30 20:04:04', NULL),
(76, 16, 6, '2022-11-04', '2022-10-30 20:04:04', '2022-10-30 20:04:04', NULL),
(77, 16, 6, '2022-11-05', '2022-10-30 20:04:04', '2022-10-30 20:04:04', NULL),
(78, 24, 2, '2022-10-31', '2022-10-30 20:06:11', '2022-10-30 20:06:11', NULL),
(79, 24, 2, '2022-11-01', '2022-10-30 20:06:11', '2022-10-30 20:06:11', NULL),
(80, 24, 2, '2022-11-02', '2022-10-30 20:06:11', '2022-10-30 20:06:11', NULL),
(81, 24, 2, '2022-11-03', '2022-10-30 20:06:11', '2022-10-30 20:06:11', NULL),
(82, 24, 2, '2022-11-04', '2022-10-30 20:06:11', '2022-10-30 20:06:11', NULL),
(83, 24, 2, '2022-11-05', '2022-10-30 20:06:11', '2022-10-30 20:06:11', NULL),
(84, 19, 1, '2022-10-31', '2022-10-30 20:07:38', '2022-10-30 20:07:38', NULL),
(85, 19, 2, '2022-11-01', '2022-10-30 20:07:38', '2022-10-30 20:07:38', NULL),
(86, 19, 2, '2022-11-02', '2022-10-30 20:07:38', '2022-10-30 20:07:38', NULL),
(87, 19, 2, '2022-11-03', '2022-10-30 20:07:38', '2022-10-30 20:07:38', NULL),
(88, 19, 2, '2022-10-04', '2022-10-30 20:07:38', '2022-10-30 20:07:38', NULL),
(89, 19, 1, '2022-10-05', '2022-10-30 20:07:38', '2022-10-30 20:07:38', NULL),
(90, 20, 2, '2022-10-31', '2022-10-30 20:09:24', '2022-10-30 20:09:24', NULL),
(91, 20, 2, '2022-11-01', '2022-10-30 20:09:24', '2022-10-30 20:09:24', NULL),
(92, 20, 2, '2022-11-02', '2022-10-30 20:09:24', '2022-10-30 20:09:24', NULL),
(93, 20, 1, '2022-11-03', '2022-10-30 20:09:24', '2022-10-30 20:09:24', NULL),
(94, 20, 1, '2022-11-04', '2022-10-30 20:09:24', '2022-10-30 20:09:24', NULL),
(95, 20, 3, '2022-11-06', '2022-10-30 20:09:24', '2022-10-30 20:09:24', NULL),
(96, 21, 2, '2022-10-31', '2022-10-30 20:11:21', '2022-10-30 20:11:21', NULL),
(97, 21, 1, '2022-11-01', '2022-10-30 20:11:21', '2022-10-30 20:11:21', NULL),
(98, 21, 1, '2022-11-02', '2022-10-30 20:11:21', '2022-10-30 20:11:21', NULL),
(99, 21, 2, '2022-11-04', '2022-10-30 20:11:21', '2022-10-30 20:11:21', NULL),
(100, 21, 2, '2022-11-05', '2022-10-30 20:11:21', '2022-10-30 20:11:21', NULL),
(101, 21, 3, '2022-11-06', '2022-10-30 20:11:21', '2022-10-30 20:11:21', NULL),
(102, 22, 1, '2022-10-31', '2022-10-30 20:12:48', '2022-10-30 20:12:48', NULL),
(103, 22, 2, '2022-11-01', '2022-10-30 20:12:48', '2022-10-30 20:12:48', NULL),
(104, 22, 1, '2022-11-02', '2022-10-30 20:12:48', '2022-10-30 20:12:48', NULL),
(105, 22, 2, '2022-11-03', '2022-10-30 20:12:48', '2022-10-30 20:12:48', NULL),
(106, 22, 2, '2022-11-04', '2022-10-30 20:12:48', '2022-10-30 20:12:48', NULL),
(107, 22, 2, '2022-11-05', '2022-10-30 20:12:48', '2022-10-30 20:12:48', NULL),
(108, 23, 2, '2022-10-31', '2022-10-30 20:14:42', '2022-10-30 20:14:42', NULL),
(109, 23, 1, '2022-11-01', '2022-10-30 20:14:42', '2022-10-30 20:14:42', NULL),
(110, 23, 2, '2022-11-02', '2022-10-30 20:14:42', '2022-10-30 20:14:42', NULL),
(111, 23, 2, '2022-11-03', '2022-10-30 20:14:42', '2022-10-30 20:14:42', NULL),
(112, 23, 1, '2022-11-04', '2022-10-30 20:14:42', '2022-10-30 20:14:42', NULL),
(113, 23, 2, '2022-11-05', '2022-10-30 20:14:42', '2022-10-30 20:14:42', NULL),
(114, 19, 2, '2022-11-04', '2022-11-04 08:53:19', '2022-11-04 08:53:19', NULL),
(115, 19, 1, '2022-11-05', '2022-11-06 05:38:38', '2022-11-06 05:38:38', NULL),
(116, 19, 2, '2022-11-07', '2022-11-06 06:05:12', '2022-11-06 06:05:12', NULL),
(117, 19, 2, '2022-11-08', '2022-11-06 06:05:12', '2022-11-06 06:05:12', NULL),
(118, 19, 1, '2022-11-09', '2022-11-06 06:05:12', '2022-11-06 06:05:12', NULL),
(119, 19, 2, '2022-11-10', '2022-11-06 06:05:12', '2022-11-06 06:05:12', NULL),
(120, 19, 1, '2022-11-11', '2022-11-06 06:05:12', '2022-11-06 06:05:12', NULL),
(121, 19, 3, '2022-11-13', '2022-11-06 06:05:12', '2022-11-06 06:05:12', NULL),
(122, 20, 2, '2022-11-07', '2022-11-06 06:07:15', '2022-11-06 06:07:15', NULL),
(123, 20, 2, '2022-11-08', '2022-11-06 06:07:15', '2022-11-06 06:07:15', NULL),
(124, 20, 1, '2022-11-09', '2022-11-06 06:07:15', '2022-11-06 06:07:15', NULL),
(125, 20, 2, '2022-11-11', '2022-11-06 06:07:15', '2022-11-06 06:07:15', NULL),
(126, 20, 1, '2022-11-12', '2022-11-06 06:07:15', '2022-11-06 06:07:15', NULL),
(127, 20, 3, '2022-11-13', '2022-11-06 06:07:15', '2022-11-06 06:07:15', NULL),
(128, 21, 1, '2022-11-07', '2022-11-06 06:08:42', '2022-11-06 06:08:42', NULL),
(129, 21, 2, '2022-11-08', '2022-11-06 06:08:42', '2022-11-06 06:08:42', NULL),
(130, 21, 2, '2022-11-09', '2022-11-06 06:08:42', '2022-11-06 06:08:42', NULL),
(131, 21, 1, '2022-11-10', '2022-11-06 06:08:42', '2022-11-06 06:08:42', NULL),
(132, 21, 2, '2022-11-11', '2022-11-06 06:08:42', '2022-11-06 06:08:42', NULL),
(133, 21, 2, '2022-11-12', '2022-11-06 06:08:42', '2022-11-06 06:08:42', NULL),
(134, 22, 1, '2022-11-07', '2022-11-06 06:10:31', '2022-11-06 06:10:31', NULL),
(135, 22, 1, '2022-11-08', '2022-11-06 06:10:31', '2022-11-06 06:10:31', NULL),
(136, 22, 2, '2022-11-09', '2022-11-06 06:10:31', '2022-11-06 06:10:31', NULL),
(137, 22, 2, '2022-11-10', '2022-11-06 06:10:31', '2022-11-06 06:10:31', NULL),
(138, 22, 2, '2022-11-11', '2022-11-06 06:10:31', '2022-11-06 06:10:31', NULL),
(139, 22, 2, '2022-11-12', '2022-11-06 06:10:31', '2022-11-06 06:10:31', NULL),
(140, 23, 2, '2022-11-07', '2022-11-06 06:13:37', '2022-11-06 06:13:37', NULL),
(141, 23, 1, '2022-11-08', '2022-11-06 06:13:37', '2022-11-06 06:13:37', NULL),
(142, 23, 2, '2022-11-09', '2022-11-06 06:13:37', '2022-11-06 06:13:37', NULL),
(143, 23, 2, '2022-11-10', '2022-11-06 06:13:37', '2022-11-06 06:13:37', NULL),
(144, 23, 1, '2022-11-11', '2022-11-06 06:13:37', '2022-11-06 06:13:37', NULL),
(145, 23, 2, '2022-11-12', '2022-11-06 06:13:37', '2022-11-06 06:13:37', NULL),
(146, 16, 9, '2022-11-07', '2022-11-06 06:15:31', '2022-11-06 06:15:31', NULL),
(147, 16, 9, '2022-11-08', '2022-11-06 06:15:31', '2022-11-06 06:15:31', NULL),
(148, 16, 9, '2022-11-09', '2022-11-06 06:15:31', '2022-11-06 06:15:31', NULL),
(149, 16, 9, '2022-11-10', '2022-11-06 06:15:31', '2022-11-06 06:15:31', NULL),
(150, 16, 9, '2022-11-11', '2022-11-06 06:15:31', '2022-11-06 06:15:31', NULL),
(151, 16, 9, '2022-11-12', '2022-11-06 06:15:31', '2022-11-06 06:15:31', NULL),
(152, 24, 2, '2022-11-07', '2022-11-06 06:16:37', '2022-11-06 06:16:37', NULL),
(153, 24, 2, '2022-11-08', '2022-11-06 06:16:37', '2022-11-06 06:16:37', NULL),
(154, 24, 2, '2022-11-09', '2022-11-06 06:16:37', '2022-11-06 06:16:37', NULL),
(155, 24, 2, '2022-11-10', '2022-11-06 06:16:37', '2022-11-06 06:16:37', NULL),
(156, 24, 2, '2022-11-11', '2022-11-06 06:16:37', '2022-11-06 06:16:37', NULL),
(157, 24, 2, '2022-11-12', '2022-11-06 06:16:37', '2022-11-06 06:16:37', NULL),
(158, 19, 2, '2022-11-14', '2022-11-13 16:06:33', '2022-11-13 16:06:33', NULL),
(159, 19, 2, '2022-11-15', '2022-11-13 16:06:33', '2022-11-13 16:06:33', NULL),
(160, 19, 1, '2022-11-16', '2022-11-13 16:06:33', '2022-11-13 16:06:33', NULL),
(161, 19, 2, '2022-11-17', '2022-11-13 16:06:33', '2022-11-13 16:06:33', NULL),
(162, 19, 1, '2022-11-18', '2022-11-13 16:06:33', '2022-11-13 16:06:33', NULL),
(163, 19, 3, '2022-11-20', '2022-11-13 16:06:33', '2022-11-13 16:06:33', NULL),
(164, 20, 1, '2022-11-14', '2022-11-13 16:07:38', '2022-11-13 16:07:38', NULL),
(165, 20, 2, '2022-11-15', '2022-11-13 16:07:38', '2022-11-13 16:07:38', NULL),
(166, 20, 2, '2022-11-16', '2022-11-13 16:07:38', '2022-11-13 16:07:38', NULL),
(167, 20, 1, '2022-11-17', '2022-11-13 16:07:38', '2022-11-13 16:07:38', NULL),
(168, 20, 2, '2022-11-18', '2022-11-13 16:07:38', '2022-11-13 16:07:38', NULL),
(169, 20, 2, '2022-11-19', '2022-11-13 16:07:38', '2022-11-13 16:07:38', NULL),
(170, 21, 1, '2022-11-14', '2022-11-13 16:09:00', '2022-11-13 16:09:00', NULL),
(171, 21, 1, '2022-11-15', '2022-11-13 16:09:00', '2022-11-13 16:09:00', NULL),
(172, 21, 2, '2022-11-16', '2022-11-13 16:09:00', '2022-11-13 16:09:00', NULL),
(173, 21, 2, '2022-11-17', '2022-11-13 16:09:00', '2022-11-13 16:09:00', NULL),
(174, 21, 2, '2022-11-18', '2022-11-13 16:09:00', '2022-11-13 16:09:00', NULL),
(175, 21, 2, '2022-11-19', '2022-11-13 16:09:00', '2022-11-13 16:09:00', NULL),
(176, 22, 2, '2022-11-14', '2022-11-13 16:10:08', '2022-11-13 16:10:08', NULL),
(177, 22, 2, '2022-11-15', '2022-11-13 16:10:08', '2022-11-13 16:10:08', NULL),
(178, 22, 2, '2022-11-16', '2022-11-13 16:10:08', '2022-11-13 16:10:08', NULL),
(179, 22, 2, '2022-11-17', '2022-11-13 16:10:08', '2022-11-13 16:10:08', NULL),
(180, 22, 1, '2022-11-18', '2022-11-13 16:10:08', '2022-11-13 16:10:08', NULL),
(181, 22, 1, '2022-11-19', '2022-11-13 16:10:08', '2022-11-13 16:10:08', NULL),
(182, 23, 2, '2022-11-14', '2022-11-13 16:11:14', '2022-11-13 16:11:14', NULL),
(183, 23, 1, '2022-11-15', '2022-11-13 16:11:14', '2022-11-13 16:11:14', NULL),
(184, 23, 1, '2022-11-16', '2022-11-13 16:11:14', '2022-11-13 16:11:14', NULL),
(185, 23, 2, '2022-11-18', '2022-11-13 16:11:14', '2022-11-13 16:11:14', NULL),
(186, 23, 2, '2022-11-19', '2022-11-13 16:11:14', '2022-11-13 16:11:14', NULL),
(187, 23, 3, '2022-11-20', '2022-11-13 16:11:14', '2022-11-13 16:11:14', NULL),
(188, 16, 9, '2022-11-14', '2022-11-13 16:12:02', '2022-11-13 16:12:02', NULL),
(189, 16, 9, '2022-11-15', '2022-11-13 16:12:02', '2022-11-13 16:12:02', NULL),
(190, 16, 9, '2022-11-16', '2022-11-13 16:12:02', '2022-11-13 16:12:02', NULL),
(191, 16, 9, '2022-11-17', '2022-11-13 16:12:02', '2022-11-13 16:12:02', NULL),
(192, 16, 9, '2022-11-18', '2022-11-13 16:12:02', '2022-11-13 16:12:02', NULL),
(193, 16, 9, '2022-11-19', '2022-11-13 16:12:02', '2022-11-13 16:12:02', NULL),
(194, 24, 2, '2022-11-14', '2022-11-13 16:12:55', '2022-11-13 16:12:55', NULL),
(195, 24, 2, '2022-11-15', '2022-11-13 16:12:55', '2022-11-13 16:12:55', NULL),
(196, 24, 2, '2022-11-16', '2022-11-13 16:12:55', '2022-11-13 16:12:55', NULL),
(197, 24, 2, '2022-11-17', '2022-11-13 16:12:55', '2022-11-13 16:12:55', NULL),
(198, 24, 2, '2022-11-18', '2022-11-13 16:12:55', '2022-11-13 16:12:55', NULL),
(199, 24, 2, '2022-11-19', '2022-11-13 16:12:55', '2022-11-13 16:12:55', NULL),
(200, 19, 2, '2022-11-21', '2022-11-21 04:22:58', '2022-11-21 04:22:58', NULL),
(201, 19, 2, '2022-11-22', '2022-11-21 04:22:58', '2022-11-21 04:22:58', NULL),
(202, 19, 2, '2022-11-23', '2022-11-21 04:22:58', '2022-11-21 04:22:58', NULL),
(203, 19, 2, '2022-11-24', '2022-11-21 04:22:58', '2022-11-21 04:22:58', NULL),
(204, 19, 1, '2022-11-25', '2022-11-21 04:22:58', '2022-11-21 04:22:58', NULL),
(205, 19, 1, '2022-11-26', '2022-11-21 04:22:58', '2022-11-21 04:22:58', NULL),
(206, 20, 1, '2022-11-21', '2022-11-21 04:24:15', '2022-11-21 04:24:15', NULL),
(207, 20, 2, '2022-11-22', '2022-11-21 04:24:15', '2022-11-21 04:24:15', NULL),
(208, 20, 1, '2022-11-23', '2022-11-21 04:24:15', '2022-11-21 04:24:15', NULL),
(209, 20, 2, '2022-11-24', '2022-11-21 04:24:15', '2022-11-21 04:24:15', NULL),
(210, 20, 2, '2022-11-25', '2022-11-21 04:24:15', '2022-11-21 04:24:15', NULL),
(211, 20, 2, '2022-11-26', '2022-11-21 04:24:15', '2022-11-21 04:24:15', NULL),
(212, 21, 2, '2022-11-21', '2022-11-21 04:25:52', '2022-11-21 04:25:52', NULL),
(213, 21, 1, '2022-11-22', '2022-11-21 04:25:52', '2022-11-21 04:25:52', NULL),
(214, 21, 2, '2022-11-23', '2022-11-21 04:25:52', '2022-11-21 04:25:52', NULL),
(215, 21, 1, '2022-11-24', '2022-11-21 04:25:52', '2022-11-21 04:25:52', NULL),
(216, 21, 2, '2022-11-25', '2022-11-21 04:25:52', '2022-11-21 04:25:52', NULL),
(217, 21, 2, '2022-11-26', '2022-11-21 04:25:52', '2022-11-21 04:25:52', NULL),
(218, 22, 1, '2022-11-21', '2022-11-21 04:27:07', '2022-11-21 04:27:07', NULL),
(219, 22, 2, '2022-11-22', '2022-11-21 04:27:07', '2022-11-21 04:27:07', NULL),
(220, 22, 1, '2022-11-23', '2022-11-21 04:27:07', '2022-11-21 04:27:07', NULL),
(221, 22, 2, '2022-11-24', '2022-11-21 04:27:07', '2022-11-21 04:27:07', NULL),
(222, 22, 2, '2022-11-25', '2022-11-21 04:27:07', '2022-11-21 04:27:07', NULL),
(223, 22, 3, '2022-11-27', '2022-11-21 04:27:07', '2022-11-21 04:27:07', NULL),
(224, 23, 2, '2022-11-21', '2022-11-21 04:28:38', '2022-11-21 04:28:38', NULL),
(225, 23, 1, '2022-11-22', '2022-11-21 04:28:38', '2022-11-21 04:28:38', NULL),
(226, 23, 2, '2022-11-23', '2022-11-21 04:28:38', '2022-11-21 04:28:38', NULL),
(227, 23, 1, '2022-11-24', '2022-11-21 04:28:38', '2022-11-21 04:28:38', NULL),
(228, 23, 2, '2022-11-26', '2022-11-21 04:28:38', '2022-11-21 04:28:38', NULL),
(229, 23, 3, '2022-11-27', '2022-11-21 04:28:38', '2022-11-21 04:28:38', NULL),
(230, 16, 9, '2022-11-21', '2022-11-21 04:29:27', '2022-11-21 04:29:27', NULL),
(231, 16, 9, '2022-11-22', '2022-11-21 04:29:27', '2022-11-21 04:29:27', NULL),
(232, 16, 9, '2022-11-23', '2022-11-21 04:29:27', '2022-11-21 04:29:27', NULL),
(233, 16, 9, '2022-11-24', '2022-11-21 04:29:27', '2022-11-21 04:29:27', NULL),
(234, 16, 9, '2022-11-25', '2022-11-21 04:29:27', '2022-11-21 04:29:27', NULL),
(235, 16, 9, '2022-11-26', '2022-11-21 04:29:27', '2022-11-21 04:29:27', NULL),
(236, 24, 2, '2022-11-21', '2022-11-21 04:30:26', '2022-11-21 04:30:26', NULL),
(237, 24, 2, '2022-11-22', '2022-11-21 04:30:26', '2022-11-21 04:30:26', NULL),
(238, 24, 2, '2022-11-23', '2022-11-21 04:30:26', '2022-11-21 04:30:26', NULL),
(239, 24, 2, '2022-11-24', '2022-11-21 04:30:26', '2022-11-21 04:30:26', NULL),
(240, 24, 2, '2022-11-25', '2022-11-21 04:30:26', '2022-11-21 04:30:26', NULL),
(241, 24, 2, '2022-11-26', '2022-11-21 04:30:26', '2022-11-21 04:30:26', NULL),
(242, 16, 9, '2022-11-28', '2022-11-27 14:46:59', '2022-11-27 14:46:59', NULL),
(243, 16, 9, '2022-11-29', '2022-11-27 14:46:59', '2022-11-27 14:46:59', NULL),
(244, 16, 9, '2022-11-30', '2022-11-27 14:46:59', '2022-11-27 14:46:59', NULL),
(245, 16, 9, '2022-12-01', '2022-11-27 14:46:59', '2022-11-27 14:46:59', NULL),
(246, 16, 9, '2022-12-02', '2022-11-27 14:46:59', '2022-11-27 14:46:59', NULL),
(247, 16, 9, '2022-12-03', '2022-11-27 14:46:59', '2022-11-27 14:46:59', NULL),
(248, 24, 2, '2022-11-28', '2022-11-27 14:47:46', '2022-11-27 14:47:46', NULL),
(249, 24, 2, '2022-11-29', '2022-11-27 14:47:46', '2022-11-27 14:47:46', NULL),
(250, 24, 2, '2022-11-30', '2022-11-27 14:47:46', '2022-11-27 14:47:46', NULL),
(251, 24, 2, '2022-12-01', '2022-11-27 14:47:46', '2022-11-27 14:47:46', NULL),
(252, 24, 2, '2022-12-02', '2022-11-27 14:47:46', '2022-11-27 14:47:46', NULL),
(253, 24, 2, '2022-12-03', '2022-11-27 14:47:46', '2022-11-27 14:47:46', NULL),
(254, 19, 1, '2022-11-28', '2022-11-27 14:48:49', '2022-11-27 14:48:49', NULL),
(257, 19, 2, '2022-12-02', '2022-11-27 14:48:49', '2022-11-27 14:48:49', NULL),
(258, 19, 2, '2022-12-03', '2022-11-27 14:48:49', '2022-11-27 14:48:49', NULL),
(259, 19, 3, '2022-12-04', '2022-11-27 14:48:49', '2022-11-27 14:48:49', NULL),
(260, 20, 2, '2022-11-28', '2022-11-27 14:49:53', '2022-11-27 14:49:53', NULL),
(263, 20, 2, '2022-12-01', '2022-11-27 14:49:53', '2022-11-27 14:49:53', NULL),
(264, 20, 2, '2022-12-02', '2022-11-27 14:49:53', '2022-11-27 14:49:53', NULL),
(265, 20, 1, '2022-12-03', '2022-11-27 14:49:53', '2022-11-27 14:49:53', NULL),
(266, 21, 2, '2022-11-28', '2022-11-27 14:51:11', '2022-11-27 14:51:11', NULL),
(267, 21, 1, '2022-11-29', '2022-11-27 14:51:11', '2022-11-27 14:51:11', NULL),
(269, 21, 2, '2022-12-02', '2022-11-27 14:51:11', '2022-11-27 14:51:11', NULL),
(270, 21, 1, '2022-12-03', '2022-11-27 14:51:11', '2022-11-27 14:51:11', NULL),
(271, 21, 3, '2022-12-04', '2022-11-27 14:51:11', '2022-11-27 14:51:11', NULL),
(272, 22, 2, '2022-11-28', '2022-11-27 14:52:11', '2022-11-27 14:52:11', NULL),
(273, 22, 2, '2022-11-29', '2022-11-27 14:52:11', '2022-11-27 14:52:11', NULL),
(274, 22, 2, '2022-11-30', '2022-11-27 14:52:11', '2022-11-27 14:52:11', NULL),
(275, 22, 1, '2022-12-01', '2022-11-27 14:52:11', '2022-11-27 14:52:11', NULL),
(276, 22, 1, '2022-12-02', '2022-11-27 14:52:11', '2022-11-27 14:52:11', NULL),
(277, 22, 2, '2022-12-03', '2022-11-27 14:52:11', '2022-11-27 14:52:11', NULL),
(278, 23, 1, '2022-11-28', '2022-11-27 14:53:26', '2022-11-27 14:53:26', NULL),
(279, 23, 2, '2022-11-29', '2022-11-27 14:53:26', '2022-11-27 14:53:26', NULL),
(280, 23, 2, '2022-11-30', '2022-11-27 14:53:26', '2022-11-27 14:53:26', NULL),
(281, 23, 2, '2022-12-01', '2022-11-27 14:53:26', '2022-11-27 14:53:26', NULL),
(282, 23, 1, '2022-12-02', '2022-11-27 14:53:26', '2022-11-27 14:53:26', NULL),
(283, 23, 2, '2022-12-03', '2022-11-27 14:53:26', '2022-11-27 14:53:26', NULL),
(284, 19, 2, '2022-11-29', '2022-11-29 11:21:30', '2022-11-29 11:21:30', NULL),
(285, 19, 1, '2022-11-30', '2022-11-29 11:21:30', '2022-11-29 11:21:30', NULL),
(286, 20, 1, '2022-11-29', '2022-11-29 11:21:49', '2022-11-29 11:21:49', NULL),
(287, 20, 2, '2022-11-30', '2022-11-29 11:21:49', '2022-11-29 11:21:49', NULL),
(288, 21, 2, '2022-12-01', '2022-11-29 11:22:21', '2022-11-29 11:22:21', NULL),
(289, 16, 9, '2022-12-05', '2022-12-05 01:53:08', '2022-12-05 01:53:08', NULL),
(290, 16, 9, '2022-12-06', '2022-12-05 01:53:08', '2022-12-05 01:53:08', NULL),
(291, 16, 9, '2022-12-07', '2022-12-05 01:53:08', '2022-12-05 01:53:08', NULL),
(292, 16, 9, '2022-12-08', '2022-12-05 01:53:08', '2022-12-05 01:53:08', NULL),
(293, 16, 9, '2022-12-09', '2022-12-05 01:53:08', '2022-12-05 01:53:08', NULL),
(294, 16, 9, '2022-12-10', '2022-12-05 01:53:08', '2022-12-05 01:53:08', NULL),
(295, 24, 2, '2022-12-05', '2022-12-05 01:53:53', '2022-12-05 01:53:53', NULL),
(296, 24, 2, '2022-12-06', '2022-12-05 01:53:53', '2022-12-05 01:53:53', NULL),
(297, 24, 2, '2022-12-07', '2022-12-05 01:53:53', '2022-12-05 01:53:53', NULL),
(298, 24, 2, '2022-12-08', '2022-12-05 01:53:53', '2022-12-05 01:53:53', NULL),
(299, 24, 2, '2022-12-09', '2022-12-05 01:53:53', '2022-12-05 01:53:53', NULL),
(300, 24, 2, '2022-12-10', '2022-12-05 01:53:53', '2022-12-05 01:53:53', NULL),
(301, 19, 2, '2022-12-05', '2022-12-05 01:54:49', '2022-12-05 01:54:49', NULL),
(302, 19, 1, '2022-12-06', '2022-12-05 01:54:49', '2022-12-05 01:54:49', NULL),
(303, 19, 2, '2022-12-07', '2022-12-05 01:54:49', '2022-12-05 01:54:49', NULL),
(304, 19, 2, '2022-12-08', '2022-12-05 01:54:49', '2022-12-05 01:54:49', NULL),
(305, 19, 1, '2022-12-09', '2022-12-05 01:54:49', '2022-12-05 01:54:49', NULL),
(306, 19, 2, '2022-12-10', '2022-12-05 01:54:49', '2022-12-05 01:54:49', NULL),
(307, 20, 2, '2022-12-05', '2022-12-05 01:55:42', '2022-12-05 01:55:42', NULL),
(308, 20, 1, '2022-12-06', '2022-12-05 01:55:42', '2022-12-05 01:55:42', NULL),
(309, 20, 2, '2022-12-07', '2022-12-05 01:55:42', '2022-12-05 01:55:42', NULL),
(310, 20, 1, '2022-12-08', '2022-12-05 01:55:42', '2022-12-05 01:55:42', NULL),
(311, 20, 2, '2022-12-09', '2022-12-05 01:55:42', '2022-12-05 01:55:42', NULL),
(312, 20, 2, '2022-12-10', '2022-12-05 01:55:42', '2022-12-05 01:55:42', NULL),
(313, 21, 1, '2022-12-05', '2022-12-05 01:57:01', '2022-12-05 01:57:01', NULL),
(314, 21, 2, '2022-12-06', '2022-12-05 01:57:01', '2022-12-05 01:57:01', NULL),
(315, 21, 1, '2022-12-07', '2022-12-05 01:57:01', '2022-12-05 01:57:01', NULL),
(316, 21, 2, '2022-12-09', '2022-12-05 01:57:01', '2022-12-05 01:57:01', NULL),
(317, 21, 2, '2022-12-10', '2022-12-05 01:57:01', '2022-12-05 01:57:01', NULL),
(318, 21, 3, '2022-12-11', '2022-12-05 01:57:01', '2022-12-05 01:57:01', NULL),
(319, 22, 2, '2022-12-05', '2022-12-05 01:57:58', '2022-12-05 01:57:58', NULL),
(320, 22, 2, '2022-12-06', '2022-12-05 01:57:58', '2022-12-05 01:57:58', NULL),
(321, 22, 1, '2022-12-07', '2022-12-05 01:57:58', '2022-12-05 01:57:58', NULL),
(322, 22, 2, '2022-12-08', '2022-12-05 01:57:58', '2022-12-05 01:57:58', NULL),
(323, 22, 2, '2022-12-09', '2022-12-05 01:57:58', '2022-12-05 01:57:58', NULL),
(324, 22, 1, '2022-12-10', '2022-12-05 01:57:58', '2022-12-05 01:57:58', NULL),
(325, 23, 1, '2022-12-05', '2022-12-05 01:59:09', '2022-12-05 01:59:09', NULL),
(326, 23, 2, '2022-12-06', '2022-12-05 01:59:09', '2022-12-05 01:59:09', NULL),
(327, 23, 2, '2022-12-07', '2022-12-05 01:59:09', '2022-12-05 01:59:09', NULL),
(328, 23, 2, '2022-12-08', '2022-12-05 01:59:09', '2022-12-05 01:59:09', NULL),
(329, 23, 1, '2022-12-09', '2022-12-05 01:59:09', '2022-12-05 01:59:09', NULL),
(330, 23, 3, '2022-12-11', '2022-12-05 01:59:09', '2022-12-05 01:59:09', NULL),
(331, 16, 9, '2022-12-12', '2022-12-11 17:47:24', '2022-12-11 17:47:24', NULL),
(332, 16, 9, '2022-12-13', '2022-12-11 17:47:24', '2022-12-11 17:47:24', NULL),
(333, 16, 9, '2022-12-14', '2022-12-11 17:47:24', '2022-12-11 17:47:24', NULL),
(334, 16, 9, '2022-12-15', '2022-12-11 17:47:24', '2022-12-11 17:47:24', NULL),
(335, 16, 9, '2022-12-16', '2022-12-11 17:47:24', '2022-12-11 17:47:24', NULL),
(336, 16, 9, '2022-12-17', '2022-12-11 17:47:24', '2022-12-11 17:47:24', NULL),
(337, 24, 2, '2022-12-12', '2022-12-11 17:48:11', '2022-12-11 17:48:11', NULL),
(338, 24, 2, '2022-12-13', '2022-12-11 17:48:11', '2022-12-11 17:48:11', NULL),
(339, 24, 2, '2022-12-14', '2022-12-11 17:48:11', '2022-12-11 17:48:11', NULL),
(340, 24, 2, '2022-12-15', '2022-12-11 17:48:11', '2022-12-11 17:48:11', NULL),
(341, 24, 2, '2022-12-16', '2022-12-11 17:48:11', '2022-12-11 17:48:11', NULL),
(342, 24, 2, '2022-12-17', '2022-12-11 17:48:11', '2022-12-11 17:48:11', NULL),
(343, 19, 2, '2022-12-12', '2022-12-11 17:49:05', '2022-12-11 17:49:05', NULL),
(344, 19, 2, '2022-12-13', '2022-12-11 17:49:05', '2022-12-11 17:49:05', NULL),
(345, 19, 2, '2022-12-14', '2022-12-11 17:49:05', '2022-12-11 17:49:05', NULL),
(346, 19, 1, '2022-12-15', '2022-12-11 17:49:05', '2022-12-11 17:49:05', NULL),
(347, 19, 2, '2022-12-16', '2022-12-11 17:49:05', '2022-12-11 17:49:05', NULL),
(348, 19, 1, '2022-12-17', '2022-12-11 17:49:05', '2022-12-11 17:49:05', NULL),
(349, 20, 2, '2022-12-12', '2022-12-11 17:50:01', '2022-12-11 17:50:01', NULL),
(350, 20, 2, '2022-12-13', '2022-12-11 17:50:01', '2022-12-11 17:50:01', NULL),
(351, 20, 2, '2022-12-14', '2022-12-11 17:50:01', '2022-12-11 17:50:01', NULL),
(352, 20, 2, '2022-12-15', '2022-12-11 17:50:01', '2022-12-11 17:50:01', NULL),
(353, 20, 1, '2022-12-16', '2022-12-11 17:50:01', '2022-12-11 17:50:01', NULL),
(354, 20, 1, '2022-12-17', '2022-12-11 17:50:01', '2022-12-11 17:50:01', NULL),
(355, 21, 1, '2022-12-12', '2022-12-11 17:50:49', '2022-12-11 17:50:49', NULL),
(356, 21, 1, '2022-12-13', '2022-12-11 17:50:49', '2022-12-11 17:50:49', NULL),
(357, 21, 2, '2022-12-15', '2022-12-11 17:50:49', '2022-12-11 17:50:49', NULL),
(358, 21, 2, '2022-12-16', '2022-12-11 17:50:49', '2022-12-11 17:50:49', NULL),
(359, 21, 2, '2022-12-17', '2022-12-11 17:50:49', '2022-12-11 17:50:49', NULL),
(360, 21, 3, '2022-12-18', '2022-12-11 17:50:49', '2022-12-11 17:50:49', NULL),
(361, 22, 2, '2022-12-12', '2022-12-11 17:52:07', '2022-12-11 17:52:07', NULL),
(362, 22, 1, '2022-12-13', '2022-12-11 17:52:07', '2022-12-11 17:52:07', NULL),
(363, 22, 1, '2022-12-14', '2022-12-11 17:52:07', '2022-12-11 17:52:07', NULL),
(364, 22, 2, '2022-12-16', '2022-12-11 17:52:07', '2022-12-11 17:52:07', NULL),
(365, 22, 2, '2022-12-17', '2022-12-11 17:52:07', '2022-12-11 17:52:07', NULL),
(366, 22, 3, '2022-12-18', '2022-12-11 17:52:07', '2022-12-11 17:52:07', NULL),
(367, 23, 1, '2022-12-12', '2022-12-11 17:53:02', '2022-12-11 17:53:02', NULL),
(368, 23, 2, '2022-12-13', '2022-12-11 17:53:02', '2022-12-11 17:53:02', NULL),
(369, 23, 2, '2022-12-14', '2022-12-11 17:53:02', '2022-12-11 17:53:02', NULL),
(370, 23, 2, '2022-12-15', '2022-12-11 17:53:02', '2022-12-11 17:53:02', NULL),
(371, 23, 1, '2022-12-16', '2022-12-11 17:53:02', '2022-12-11 17:53:02', NULL),
(372, 23, 2, '2022-12-17', '2022-12-11 17:53:02', '2022-12-11 17:53:02', NULL),
(373, 16, 9, '2022-12-19', '2022-12-18 01:23:58', '2022-12-18 01:23:58', NULL),
(374, 16, 9, '2022-12-20', '2022-12-18 01:23:58', '2022-12-18 01:23:58', NULL),
(375, 16, 9, '2022-12-21', '2022-12-18 01:23:58', '2022-12-18 01:23:58', NULL),
(376, 16, 9, '2022-12-22', '2022-12-18 01:23:58', '2022-12-18 01:23:58', NULL),
(377, 16, 9, '2022-12-23', '2022-12-18 01:23:58', '2022-12-18 01:23:58', NULL),
(378, 16, 9, '2022-12-24', '2022-12-18 01:23:58', '2022-12-18 01:23:58', NULL),
(379, 24, 2, '2022-12-19', '2022-12-18 01:24:43', '2022-12-18 01:24:43', NULL),
(380, 24, 2, '2022-12-20', '2022-12-18 01:24:43', '2022-12-18 01:24:43', NULL),
(381, 24, 2, '2022-12-21', '2022-12-18 01:24:43', '2022-12-18 01:24:43', NULL),
(382, 24, 2, '2022-12-22', '2022-12-18 01:24:43', '2022-12-18 01:24:43', NULL),
(383, 24, 2, '2022-12-23', '2022-12-18 01:24:43', '2022-12-18 01:24:43', NULL),
(384, 24, 2, '2022-12-24', '2022-12-18 01:24:43', '2022-12-18 01:24:43', NULL),
(385, 19, 2, '2022-12-19', '2022-12-18 01:25:50', '2022-12-18 01:25:50', NULL),
(386, 19, 2, '2022-12-20', '2022-12-18 01:25:50', '2022-12-18 01:25:50', NULL),
(387, 19, 2, '2022-12-21', '2022-12-18 01:25:50', '2022-12-18 01:25:50', NULL),
(388, 19, 2, '2022-12-23', '2022-12-18 01:25:50', '2022-12-18 01:25:50', NULL),
(389, 19, 1, '2022-12-24', '2022-12-18 01:25:50', '2022-12-18 01:25:50', NULL),
(390, 20, 1, '2022-12-19', '2022-12-18 01:26:39', '2022-12-18 01:26:39', NULL),
(391, 20, 2, '2022-12-20', '2022-12-18 01:26:39', '2022-12-18 01:26:39', NULL),
(392, 20, 2, '2022-12-21', '2022-12-18 01:26:39', '2022-12-18 01:26:39', NULL),
(393, 20, 1, '2022-12-22', '2022-12-18 01:26:39', '2022-12-18 01:26:39', NULL),
(394, 20, 2, '2022-12-23', '2022-12-18 01:26:39', '2022-12-18 01:26:39', NULL),
(395, 21, 2, '2022-12-20', '2022-12-18 01:27:48', '2022-12-18 01:27:48', NULL),
(396, 21, 1, '2022-12-21', '2022-12-18 01:27:48', '2022-12-18 01:27:48', NULL),
(397, 21, 2, '2022-12-22', '2022-12-18 01:27:48', '2022-12-18 01:27:48', NULL),
(398, 21, 1, '2022-12-23', '2022-12-18 01:27:48', '2022-12-18 01:27:48', NULL),
(399, 21, 2, '2022-12-24', '2022-12-18 01:27:48', '2022-12-18 01:27:48', NULL),
(400, 23, 2, '2022-12-19', '2022-12-18 01:28:50', '2022-12-18 01:28:50', NULL),
(401, 23, 1, '2022-12-20', '2022-12-18 01:28:50', '2022-12-18 01:28:50', NULL),
(402, 23, 2, '2022-12-22', '2022-12-18 01:28:50', '2022-12-18 01:28:50', NULL),
(403, 23, 2, '2022-12-23', '2022-12-18 01:28:50', '2022-12-18 01:28:50', NULL),
(404, 23, 2, '2022-12-24', '2022-12-18 01:28:50', '2022-12-18 01:28:50', NULL),
(405, 22, 2, '2022-12-19', '2022-12-18 01:29:38', '2022-12-18 01:29:38', NULL),
(406, 22, 1, '2022-12-20', '2022-12-18 01:29:38', '2022-12-18 01:29:38', NULL),
(407, 22, 2, '2022-12-21', '2022-12-18 01:29:38', '2022-12-18 01:29:38', NULL),
(408, 22, 2, '2022-12-22', '2022-12-18 01:29:38', '2022-12-18 01:29:38', NULL),
(409, 22, 2, '2022-12-24', '2022-12-18 01:29:38', '2022-12-18 01:29:38', NULL),
(410, 16, 9, '2022-12-26', '2022-12-25 09:59:16', '2022-12-25 09:59:16', NULL),
(411, 16, 9, '2022-12-27', '2022-12-25 09:59:16', '2022-12-25 09:59:16', NULL),
(412, 16, 9, '2022-12-28', '2022-12-25 09:59:16', '2022-12-25 09:59:16', NULL),
(413, 16, 9, '2022-12-29', '2022-12-25 09:59:16', '2022-12-25 09:59:16', NULL),
(414, 16, 9, '2022-12-30', '2022-12-25 09:59:16', '2022-12-25 09:59:16', NULL),
(415, 16, 9, '2022-12-31', '2022-12-25 09:59:16', '2022-12-25 09:59:16', NULL),
(416, 24, 2, '2022-12-26', '2022-12-25 10:00:04', '2022-12-25 10:00:04', NULL),
(417, 24, 2, '2022-12-27', '2022-12-25 10:00:04', '2022-12-25 10:00:04', NULL),
(418, 24, 2, '2022-12-28', '2022-12-25 10:00:04', '2022-12-25 10:00:04', NULL),
(419, 24, 2, '2022-12-29', '2022-12-25 10:00:04', '2022-12-25 10:00:04', NULL),
(420, 24, 2, '2022-12-30', '2022-12-25 10:00:04', '2022-12-25 10:00:04', NULL),
(421, 24, 2, '2022-12-31', '2022-12-25 10:00:04', '2022-12-25 10:00:04', NULL),
(422, 19, 1, '2022-12-26', '2022-12-25 10:01:05', '2022-12-25 10:01:05', NULL),
(423, 19, 2, '2022-12-27', '2022-12-25 10:01:05', '2022-12-25 10:01:05', NULL),
(424, 19, 2, '2022-12-28', '2022-12-25 10:01:05', '2022-12-25 10:01:05', NULL),
(425, 19, 2, '2022-12-30', '2022-12-25 10:01:05', '2022-12-25 10:01:05', NULL),
(426, 19, 2, '2022-12-31', '2022-12-25 10:01:05', '2022-12-25 10:01:05', NULL),
(427, 20, 2, '2022-12-26', '2022-12-25 10:01:47', '2022-12-25 10:01:47', NULL),
(428, 20, 1, '2022-12-27', '2022-12-25 10:01:47', '2022-12-25 10:01:47', NULL),
(429, 20, 2, '2022-12-29', '2022-12-25 10:01:47', '2022-12-25 10:01:47', NULL),
(430, 20, 2, '2022-12-30', '2022-12-25 10:01:47', '2022-12-25 10:01:47', NULL),
(431, 20, 2, '2022-12-31', '2022-12-25 10:01:47', '2022-12-25 10:01:47', NULL),
(432, 21, 2, '2022-12-26', '2022-12-25 10:02:36', '2022-12-25 10:02:36', NULL),
(433, 21, 1, '2022-12-27', '2022-12-25 10:02:36', '2022-12-25 10:02:36', NULL),
(434, 21, 2, '2022-12-28', '2022-12-25 10:02:36', '2022-12-25 10:02:36', NULL),
(435, 21, 2, '2022-12-29', '2022-12-25 10:02:36', '2022-12-25 10:02:36', NULL),
(436, 21, 1, '2022-12-30', '2022-12-25 10:02:36', '2022-12-25 10:02:36', NULL),
(437, 22, 2, '2022-12-26', '2022-12-25 10:03:30', '2022-12-25 10:03:30', NULL),
(438, 22, 2, '2022-12-27', '2022-12-25 10:03:30', '2022-12-25 10:03:30', NULL),
(439, 22, 2, '2022-12-28', '2022-12-25 10:03:30', '2022-12-25 10:03:30', NULL),
(440, 22, 1, '2022-12-29', '2022-12-25 10:03:30', '2022-12-25 10:03:30', NULL),
(441, 22, 2, '2022-12-31', '2022-12-25 10:03:30', '2022-12-25 10:03:30', NULL),
(442, 23, 2, '2022-12-27', '2022-12-25 10:04:18', '2022-12-25 10:04:18', NULL),
(443, 23, 1, '2022-12-28', '2022-12-25 10:04:18', '2022-12-25 10:04:18', NULL),
(444, 23, 2, '2022-12-29', '2022-12-25 10:04:18', '2022-12-25 10:04:18', NULL),
(445, 23, 2, '2022-12-30', '2022-12-25 10:04:18', '2022-12-25 10:04:18', NULL),
(446, 23, 1, '2022-12-31', '2022-12-25 10:04:18', '2022-12-25 10:04:18', NULL),
(447, 16, 9, '2023-01-02', '2023-01-02 02:26:33', '2023-01-02 02:26:33', NULL),
(448, 16, 9, '2023-01-03', '2023-01-02 02:26:33', '2023-01-02 02:26:33', NULL),
(449, 16, 9, '2023-01-04', '2023-01-02 02:26:33', '2023-01-02 02:26:33', NULL),
(450, 16, 9, '2023-01-05', '2023-01-02 02:26:33', '2023-01-02 02:26:33', NULL),
(451, 16, 9, '2023-01-06', '2023-01-02 02:26:33', '2023-01-02 02:26:33', NULL),
(452, 16, 9, '2023-01-07', '2023-01-02 02:26:33', '2023-01-02 02:26:33', NULL),
(453, 24, 2, '2023-01-02', '2023-01-02 02:27:17', '2023-01-02 02:27:17', NULL),
(454, 24, 2, '2023-01-03', '2023-01-02 02:27:17', '2023-01-02 02:27:17', NULL),
(455, 24, 2, '2023-01-04', '2023-01-02 02:27:17', '2023-01-02 02:27:17', NULL),
(456, 24, 2, '2023-01-05', '2023-01-02 02:27:17', '2023-01-02 02:27:17', NULL),
(457, 24, 2, '2023-01-06', '2023-01-02 02:27:17', '2023-01-02 02:27:17', NULL),
(458, 24, 2, '2023-01-07', '2023-01-02 02:27:17', '2023-01-02 02:27:17', NULL),
(459, 19, 2, '2023-01-02', '2023-01-02 02:28:14', '2023-01-02 02:28:14', NULL),
(460, 19, 2, '2023-01-03', '2023-01-02 02:28:14', '2023-01-02 02:28:14', NULL),
(461, 19, 1, '2023-01-04', '2023-01-02 02:28:14', '2023-01-02 02:28:14', NULL),
(462, 19, 2, '2023-01-05', '2023-01-02 02:28:14', '2023-01-02 02:28:14', NULL),
(463, 19, 1, '2023-01-06', '2023-01-02 02:28:14', '2023-01-02 02:28:14', NULL),
(464, 19, 3, '2023-01-08', '2023-01-02 02:28:14', '2023-01-02 02:28:14', NULL),
(465, 20, 2, '2023-01-02', '2023-01-02 02:29:17', '2023-01-02 02:29:17', NULL),
(466, 20, 1, '2023-01-03', '2023-01-02 02:29:17', '2023-01-02 02:29:17', NULL),
(467, 20, 2, '2023-01-04', '2023-01-02 02:29:17', '2023-01-02 02:29:17', NULL),
(468, 20, 2, '2023-01-05', '2023-01-02 02:29:18', '2023-01-02 02:29:18', NULL),
(469, 20, 2, '2023-01-06', '2023-01-02 02:29:18', '2023-01-02 02:29:18', NULL),
(470, 20, 1, '2023-01-07', '2023-01-02 02:29:18', '2023-01-02 02:29:18', NULL),
(471, 21, 1, '2023-01-02', '2023-01-02 02:30:25', '2023-01-02 02:30:25', NULL),
(472, 21, 2, '2023-01-03', '2023-01-02 02:30:25', '2023-01-02 02:30:25', NULL),
(473, 21, 1, '2023-01-04', '2023-01-02 02:30:25', '2023-01-02 02:30:25', NULL),
(474, 21, 2, '2023-01-05', '2023-01-02 02:30:25', '2023-01-02 02:30:25', NULL),
(475, 21, 2, '2023-01-06', '2023-01-02 02:30:25', '2023-01-02 02:30:25', NULL),
(476, 21, 2, '2023-01-07', '2023-01-02 02:30:25', '2023-01-02 02:30:25', NULL),
(477, 22, 1, '2023-01-02', '2023-01-02 02:31:23', '2023-01-02 02:31:23', NULL),
(478, 22, 2, '2023-01-03', '2023-01-02 02:31:23', '2023-01-02 02:31:23', NULL),
(479, 22, 2, '2023-01-04', '2023-01-02 02:31:23', '2023-01-02 02:31:23', NULL),
(480, 22, 1, '2023-01-05', '2023-01-02 02:31:23', '2023-01-02 02:31:23', NULL),
(481, 22, 2, '2023-01-06', '2023-01-02 02:31:23', '2023-01-02 02:31:23', NULL),
(482, 22, 2, '2023-01-07', '2023-01-02 02:31:23', '2023-01-02 02:31:23', NULL),
(483, 23, 2, '2023-01-02', '2023-01-02 02:32:22', '2023-01-02 02:32:22', NULL),
(484, 23, 1, '2023-01-03', '2023-01-02 02:32:22', '2023-01-02 02:32:22', NULL),
(485, 23, 2, '2023-01-04', '2023-01-02 02:32:22', '2023-01-02 02:32:22', NULL),
(486, 23, 1, '2023-01-06', '2023-01-02 02:32:22', '2023-01-02 02:32:22', NULL),
(487, 23, 2, '2023-01-07', '2023-01-02 02:32:22', '2023-01-02 02:32:22', NULL),
(488, 23, 3, '2023-01-08', '2023-01-02 02:32:22', '2023-01-02 02:32:22', NULL),
(489, 16, 9, '2023-01-09', '2023-01-09 01:40:13', '2023-01-09 01:40:13', NULL),
(490, 16, 9, '2023-01-10', '2023-01-09 01:40:13', '2023-01-09 01:40:13', NULL),
(491, 16, 9, '2023-01-11', '2023-01-09 01:40:13', '2023-01-09 01:40:13', NULL),
(492, 16, 9, '2023-01-12', '2023-01-09 01:40:13', '2023-01-09 01:40:13', NULL),
(493, 16, 9, '2023-01-13', '2023-01-09 01:40:13', '2023-01-09 01:40:13', NULL),
(494, 16, 9, '2023-01-14', '2023-01-09 01:40:13', '2023-01-09 01:40:13', NULL),
(495, 19, 1, '2023-01-09', '2023-01-09 01:41:11', '2023-01-09 01:41:11', NULL),
(496, 19, 2, '2023-01-10', '2023-01-09 01:41:11', '2023-01-09 01:41:11', NULL),
(497, 19, 1, '2023-01-11', '2023-01-09 01:41:11', '2023-01-09 01:41:11', NULL),
(498, 19, 2, '2023-01-12', '2023-01-09 01:41:11', '2023-01-09 01:41:11', NULL),
(499, 19, 2, '2023-01-13', '2023-01-09 01:41:11', '2023-01-09 01:41:11', NULL),
(500, 19, 2, '2023-01-14', '2023-01-09 01:41:11', '2023-01-09 01:41:11', NULL),
(501, 20, 2, '2023-01-09', '2023-01-09 01:42:00', '2023-01-09 01:42:00', NULL),
(502, 20, 1, '2023-01-10', '2023-01-09 01:42:00', '2023-01-09 01:42:00', NULL),
(503, 20, 2, '2023-01-11', '2023-01-09 01:42:00', '2023-01-09 01:42:00', NULL),
(504, 20, 1, '2023-01-12', '2023-01-09 01:42:00', '2023-01-09 01:42:00', NULL),
(505, 20, 2, '2023-01-13', '2023-01-09 01:42:00', '2023-01-09 01:42:00', NULL),
(506, 20, 2, '2023-01-14', '2023-01-09 01:42:00', '2023-01-09 01:42:00', NULL),
(507, 21, 2, '2023-01-09', '2023-01-09 01:42:51', '2023-01-09 01:42:51', NULL),
(508, 21, 1, '2023-01-10', '2023-01-09 01:42:51', '2023-01-09 01:42:51', NULL),
(509, 21, 2, '2023-01-12', '2023-01-09 01:42:51', '2023-01-09 01:42:51', NULL),
(510, 21, 1, '2023-01-13', '2023-01-09 01:42:51', '2023-01-09 01:42:51', NULL),
(511, 21, 1, '2023-01-14', '2023-01-09 01:42:51', '2023-01-09 01:42:51', NULL),
(512, 21, 3, '2023-01-15', '2023-01-09 01:42:51', '2023-01-09 01:42:51', NULL),
(513, 22, 2, '2023-01-09', '2023-01-09 01:43:43', '2023-01-09 01:43:43', NULL),
(514, 22, 2, '2023-01-10', '2023-01-09 01:43:43', '2023-01-09 01:43:43', NULL),
(515, 22, 2, '2023-01-11', '2023-01-09 01:43:43', '2023-01-09 01:43:43', NULL),
(516, 22, 2, '2023-01-12', '2023-01-09 01:43:43', '2023-01-09 01:43:43', NULL),
(517, 22, 1, '2023-01-13', '2023-01-09 01:43:43', '2023-01-09 01:43:43', NULL),
(518, 22, 1, '2023-01-14', '2023-01-09 01:43:43', '2023-01-09 01:43:43', NULL),
(519, 23, 1, '2023-01-09', '2023-01-09 01:44:35', '2023-01-09 01:44:35', NULL),
(520, 23, 2, '2023-01-10', '2023-01-09 01:44:35', '2023-01-09 01:44:35', NULL),
(521, 23, 2, '2023-01-11', '2023-01-09 01:44:35', '2023-01-09 01:44:35', NULL),
(522, 23, 2, '2023-01-13', '2023-01-09 01:44:35', '2023-01-09 01:44:35', NULL),
(523, 23, 1, '2023-01-14', '2023-01-09 01:44:35', '2023-01-09 01:44:35', NULL),
(524, 23, 3, '2023-01-15', '2023-01-09 01:44:35', '2023-01-09 01:44:35', NULL),
(525, 24, 2, '2023-01-09', '2023-01-09 01:45:22', '2023-01-09 01:45:22', NULL),
(526, 24, 2, '2023-01-10', '2023-01-09 01:45:22', '2023-01-09 01:45:22', NULL),
(527, 24, 2, '2023-01-11', '2023-01-09 01:45:22', '2023-01-09 01:45:22', NULL),
(528, 24, 2, '2023-01-12', '2023-01-09 01:45:22', '2023-01-09 01:45:22', NULL),
(529, 24, 2, '2023-01-13', '2023-01-09 01:45:22', '2023-01-09 01:45:22', NULL),
(530, 24, 2, '2023-01-14', '2023-01-09 01:45:22', '2023-01-09 01:45:22', NULL),
(531, 16, 9, '2023-01-16', '2023-01-16 04:50:48', '2023-01-16 04:50:48', NULL),
(532, 16, 9, '2023-01-17', '2023-01-16 04:50:48', '2023-01-16 04:50:48', NULL),
(533, 16, 9, '2023-01-18', '2023-01-16 04:50:48', '2023-01-16 04:50:48', NULL),
(534, 16, 9, '2023-01-19', '2023-01-16 04:50:48', '2023-01-16 04:50:48', NULL),
(535, 16, 9, '2023-01-16', '2023-01-16 04:50:48', '2023-01-16 04:50:48', NULL),
(536, 16, 9, '2023-01-20', '2023-01-16 04:50:48', '2023-01-16 04:50:48', NULL),
(537, 16, 9, '2023-01-21', '2023-01-16 04:50:48', '2023-01-16 04:50:48', NULL),
(538, 16, 9, '2023-01-17', '2023-01-16 04:50:48', '2023-01-16 04:50:48', NULL),
(539, 16, 9, '2023-01-18', '2023-01-16 04:50:48', '2023-01-16 04:50:48', NULL),
(540, 16, 9, '2023-01-19', '2023-01-16 04:50:48', '2023-01-16 04:50:48', NULL),
(541, 16, 9, '2023-01-20', '2023-01-16 04:50:48', '2023-01-16 04:50:48', NULL),
(542, 16, 9, '2023-01-21', '2023-01-16 04:50:48', '2023-01-16 04:50:48', NULL),
(543, 19, 2, '2023-01-16', '2023-01-16 04:52:09', '2023-01-16 04:52:09', NULL),
(544, 19, 1, '2023-01-17', '2023-01-16 04:52:09', '2023-01-16 04:52:09', NULL),
(545, 19, 1, '2023-01-18', '2023-01-16 04:52:09', '2023-01-16 04:52:09', NULL),
(546, 19, 2, '2023-01-19', '2023-01-16 04:52:09', '2023-01-16 04:52:09', NULL),
(547, 19, 2, '2023-01-20', '2023-01-16 04:52:09', '2023-01-16 04:52:09', NULL),
(548, 20, 2, '2023-01-16', '2023-01-16 04:53:08', '2023-01-16 04:53:08', NULL),
(549, 20, 2, '2023-01-17', '2023-01-16 04:53:08', '2023-01-16 04:53:08', NULL),
(550, 20, 2, '2023-01-19', '2023-01-16 04:53:08', '2023-01-16 04:53:08', NULL),
(551, 20, 2, '2023-01-20', '2023-01-16 04:53:08', '2023-01-16 04:53:08', NULL),
(552, 20, 1, '2023-01-21', '2023-01-16 04:53:08', '2023-01-16 04:53:08', NULL),
(553, 21, 1, '2023-01-16', '2023-01-16 04:53:56', '2023-01-16 04:53:56', NULL),
(554, 21, 1, '2023-01-17', '2023-01-16 04:53:56', '2023-01-16 04:53:56', NULL),
(555, 21, 2, '2023-01-18', '2023-01-16 04:53:56', '2023-01-16 04:53:56', NULL),
(556, 21, 2, '2023-01-20', '2023-01-16 04:53:56', '2023-01-16 04:53:56', NULL),
(557, 21, 2, '2023-01-21', '2023-01-16 04:53:56', '2023-01-16 04:53:56', NULL),
(558, 22, 2, '2023-01-16', '2023-01-16 04:55:15', '2023-01-16 04:55:15', NULL),
(559, 22, 2, '2023-01-17', '2023-01-16 04:55:15', '2023-01-16 04:55:15', NULL),
(560, 22, 2, '2023-01-18', '2023-01-16 04:55:15', '2023-01-16 04:55:15', NULL),
(561, 22, 1, '2023-01-19', '2023-01-16 04:55:15', '2023-01-16 04:55:15', NULL),
(562, 22, 2, '2023-01-21', '2023-01-16 04:55:15', '2023-01-16 04:55:15', NULL),
(563, 23, 2, '2023-01-17', '2023-01-16 04:56:54', '2023-01-16 04:56:54', NULL),
(564, 23, 2, '2023-01-18', '2023-01-16 04:56:54', '2023-01-16 04:56:54', NULL),
(565, 23, 2, '2023-01-19', '2023-01-16 04:56:54', '2023-01-16 04:56:54', NULL),
(566, 23, 1, '2023-01-20', '2023-01-16 04:56:54', '2023-01-16 04:56:54', NULL),
(567, 23, 2, '2023-01-21', '2023-01-16 04:56:54', '2023-01-16 04:56:54', NULL),
(568, 24, 2, '2023-01-16', '2023-01-16 04:57:38', '2023-01-16 04:57:38', NULL),
(569, 24, 2, '2023-01-17', '2023-01-16 04:57:38', '2023-01-16 04:57:38', NULL),
(570, 24, 2, '2023-01-18', '2023-01-16 04:57:38', '2023-01-16 04:57:38', NULL),
(571, 24, 2, '2023-01-19', '2023-01-16 04:57:38', '2023-01-16 04:57:38', NULL),
(572, 24, 2, '2023-01-20', '2023-01-16 04:57:38', '2023-01-16 04:57:38', NULL),
(573, 24, 2, '2023-01-21', '2023-01-16 04:57:38', '2023-01-16 04:57:38', NULL),
(574, 16, 9, '2023-01-23', '2023-01-23 05:24:30', '2023-01-23 05:24:30', NULL),
(575, 16, 9, '2023-01-24', '2023-01-23 05:24:30', '2023-01-23 05:24:30', NULL),
(576, 16, 9, '2023-01-25', '2023-01-23 05:24:30', '2023-01-23 05:24:30', NULL),
(577, 16, 9, '2023-01-26', '2023-01-23 05:24:30', '2023-01-23 05:24:30', NULL),
(578, 16, 9, '2023-01-27', '2023-01-23 05:24:30', '2023-01-23 05:24:30', NULL),
(579, 16, 9, '2023-01-28', '2023-01-23 05:24:30', '2023-01-23 05:24:30', NULL),
(580, 19, 1, '2023-01-23', '2023-01-23 05:25:50', '2023-01-23 05:25:50', NULL),
(581, 19, 2, '2023-01-24', '2023-01-23 05:25:50', '2023-01-23 05:25:50', NULL),
(582, 19, 1, '2023-01-25', '2023-01-23 05:25:50', '2023-01-23 05:25:50', NULL),
(583, 19, 2, '2023-01-27', '2023-01-23 05:25:50', '2023-01-23 05:25:50', NULL),
(584, 19, 2, '2023-01-28', '2023-01-23 05:25:50', '2023-01-23 05:25:50', NULL),
(585, 20, 2, '2023-01-23', '2023-01-23 05:26:47', '2023-01-23 05:26:47', NULL),
(586, 20, 1, '2023-01-24', '2023-01-23 05:26:47', '2023-01-23 05:26:47', NULL),
(587, 20, 2, '2023-01-26', '2023-01-23 05:26:47', '2023-01-23 05:26:47', NULL),
(588, 20, 1, '2023-01-27', '2023-01-23 05:26:47', '2023-01-23 05:26:47', NULL),
(589, 20, 2, '2023-01-28', '2023-01-23 05:26:47', '2023-01-23 05:26:47', NULL),
(590, 21, 2, '2023-01-23', '2023-01-23 05:28:02', '2023-01-23 05:28:02', NULL),
(591, 21, 1, '2023-01-24', '2023-01-23 05:28:02', '2023-01-23 05:28:02', NULL),
(592, 21, 2, '2023-01-25', '2023-01-23 05:28:02', '2023-01-23 05:28:02', NULL),
(593, 21, 1, '2023-01-26', '2023-01-23 05:28:02', '2023-01-23 05:28:02', NULL),
(594, 21, 2, '2023-01-27', '2023-01-23 05:28:02', '2023-01-23 05:28:02', NULL),
(595, 21, 1, '2023-01-28', '2023-01-23 05:28:02', '2023-01-23 05:28:02', NULL),
(596, 21, 3, '2023-01-29', '2023-01-23 05:28:02', '2023-01-23 05:28:02', NULL),
(597, 22, 1, '2023-01-23', '2023-01-23 05:29:12', '2023-01-23 05:29:12', NULL),
(598, 22, 2, '2023-01-24', '2023-01-23 05:29:12', '2023-01-23 05:29:12', NULL),
(599, 22, 2, '2023-01-25', '2023-01-23 05:29:12', '2023-01-23 05:29:12', NULL),
(600, 22, 2, '2023-01-26', '2023-01-23 05:29:12', '2023-01-23 05:29:12', NULL),
(601, 22, 2, '2023-01-27', '2023-01-23 05:29:12', '2023-01-23 05:29:12', NULL),
(602, 23, 2, '2023-01-23', '2023-01-23 05:30:33', '2023-01-23 05:30:33', NULL),
(603, 23, 2, '2023-01-24', '2023-01-23 05:30:33', '2023-01-23 05:30:33', NULL),
(604, 23, 2, '2023-01-25', '2023-01-23 05:30:33', '2023-01-23 05:30:33', NULL),
(605, 23, 2, '2023-01-26', '2023-01-23 05:30:33', '2023-01-23 05:30:33', NULL),
(606, 23, 1, '2023-01-27', '2023-01-23 05:30:33', '2023-01-23 05:30:33', NULL),
(607, 23, 2, '2023-01-28', '2023-01-23 05:30:33', '2023-01-23 05:30:33', NULL),
(608, 23, 3, '2023-01-29', '2023-01-23 05:30:33', '2023-01-23 05:30:33', NULL),
(609, 24, 2, '2023-01-23', '2023-01-23 05:32:44', '2023-01-23 05:32:44', NULL),
(610, 24, 2, '2023-01-24', '2023-01-23 05:32:44', '2023-01-23 05:32:44', NULL),
(611, 24, 2, '2023-01-25', '2023-01-23 05:32:44', '2023-01-23 05:32:44', NULL),
(612, 24, 2, '2023-01-26', '2023-01-23 05:32:44', '2023-01-23 05:32:44', NULL),
(613, 24, 2, '2023-01-27', '2023-01-23 05:32:44', '2023-01-23 05:32:44', NULL),
(614, 24, 2, '2023-01-28', '2023-01-23 05:32:44', '2023-01-23 05:32:44', NULL),
(615, 16, 9, '2023-01-30', '2023-01-29 16:09:39', '2023-01-29 16:09:39', NULL),
(616, 16, 9, '2023-01-31', '2023-01-29 16:09:39', '2023-01-29 16:09:39', NULL),
(617, 16, 9, '2023-02-01', '2023-01-29 16:09:39', '2023-01-29 16:09:39', NULL),
(618, 16, 9, '2023-02-02', '2023-01-29 16:09:39', '2023-01-29 16:09:39', NULL),
(619, 16, 9, '2023-02-03', '2023-01-29 16:09:39', '2023-01-29 16:09:39', NULL),
(620, 16, 9, '2023-02-04', '2023-01-29 16:09:39', '2023-01-29 16:09:39', NULL),
(621, 19, 2, '2023-01-30', '2023-01-29 16:10:34', '2023-01-29 16:10:34', NULL),
(622, 19, 1, '2023-01-31', '2023-01-29 16:10:34', '2023-01-29 16:10:34', NULL),
(623, 19, 1, '2023-02-01', '2023-01-29 16:10:34', '2023-01-29 16:10:34', NULL),
(624, 19, 2, '2023-02-03', '2023-01-29 16:10:34', '2023-01-29 16:10:34', NULL),
(625, 19, 2, '2023-02-04', '2023-01-29 16:10:34', '2023-01-29 16:10:34', NULL),
(626, 19, 3, '2023-02-05', '2023-01-29 16:10:34', '2023-01-29 16:10:34', NULL),
(627, 20, 2, '2023-01-30', '2023-01-29 16:11:23', '2023-01-29 16:11:23', NULL),
(628, 20, 2, '2023-01-31', '2023-01-29 16:11:23', '2023-01-29 16:11:23', NULL),
(629, 20, 2, '2023-02-01', '2023-01-29 16:11:23', '2023-01-29 16:11:23', NULL),
(630, 20, 2, '2023-02-02', '2023-01-29 16:11:23', '2023-01-29 16:11:23', NULL),
(631, 20, 1, '2023-02-03', '2023-01-29 16:11:23', '2023-01-29 16:11:23', NULL),
(632, 20, 1, '2023-02-04', '2023-01-29 16:11:23', '2023-01-29 16:11:23', NULL),
(633, 21, 1, '2023-01-30', '2023-01-29 16:12:54', '2023-01-29 16:12:54', NULL),
(634, 21, 2, '2023-01-31', '2023-01-29 16:12:54', '2023-01-29 16:12:54', NULL),
(635, 21, 2, '2023-02-01', '2023-01-29 16:12:54', '2023-01-29 16:12:54', NULL),
(636, 21, 1, '2023-02-02', '2023-01-29 16:12:54', '2023-01-29 16:12:54', NULL),
(637, 21, 2, '2023-02-03', '2023-01-29 16:12:54', '2023-01-29 16:12:54', NULL),
(638, 21, 2, '2023-02-04', '2023-01-29 16:12:54', '2023-01-29 16:12:54', NULL),
(639, 22, 2, '2023-01-30', '2023-01-29 16:14:04', '2023-01-29 16:14:04', NULL),
(640, 22, 1, '2023-01-31', '2023-01-29 16:14:04', '2023-01-29 16:14:04', NULL),
(641, 22, 2, '2023-02-01', '2023-01-29 16:14:04', '2023-01-29 16:14:04', NULL),
(642, 22, 2, '2023-02-02', '2023-01-29 16:14:04', '2023-01-29 16:14:04', NULL),
(643, 22, 1, '2023-02-03', '2023-01-29 16:14:04', '2023-01-29 16:14:04', NULL),
(644, 22, 3, '2023-02-05', '2023-01-29 16:14:04', '2023-01-29 16:14:04', NULL),
(645, 23, 1, '2023-01-30', '2023-01-29 16:14:52', '2023-01-29 16:14:52', NULL),
(646, 23, 2, '2023-01-31', '2023-01-29 16:14:52', '2023-01-29 16:14:52', NULL),
(647, 23, 1, '2023-02-01', '2023-01-29 16:14:52', '2023-01-29 16:14:52', NULL),
(648, 23, 2, '2023-02-02', '2023-01-29 16:14:52', '2023-01-29 16:14:52', NULL),
(649, 23, 2, '2023-02-03', '2023-01-29 16:14:52', '2023-01-29 16:14:52', NULL),
(650, 23, 2, '2023-02-04', '2023-01-29 16:14:52', '2023-01-29 16:14:52', NULL),
(651, 24, 2, '2023-01-30', '2023-01-29 16:15:39', '2023-01-29 16:15:39', NULL),
(652, 24, 2, '2023-01-31', '2023-01-29 16:15:39', '2023-01-29 16:15:39', NULL),
(653, 24, 2, '2023-02-01', '2023-01-29 16:15:39', '2023-01-29 16:15:39', NULL),
(654, 24, 2, '2023-02-02', '2023-01-29 16:15:39', '2023-01-29 16:15:39', NULL),
(655, 24, 2, '2023-02-03', '2023-01-29 16:15:39', '2023-01-29 16:15:39', NULL),
(656, 24, 2, '2023-02-04', '2023-01-29 16:15:39', '2023-01-29 16:15:39', NULL),
(657, 16, 9, '2023-02-06', '2023-02-06 04:36:13', '2023-02-06 04:36:13', NULL),
(658, 16, 9, '2023-02-07', '2023-02-06 04:36:13', '2023-02-06 04:36:13', NULL),
(659, 16, 9, '2023-02-08', '2023-02-06 04:36:13', '2023-02-06 04:36:13', NULL);
INSERT INTO `schedules` (`id`, `employees_id`, `shifts_id`, `dates`, `created_at`, `updated_at`, `izin`) VALUES
(660, 16, 9, '2023-02-09', '2023-02-06 04:36:13', '2023-02-06 04:36:13', NULL),
(661, 16, 9, '2023-02-10', '2023-02-06 04:36:13', '2023-02-06 04:36:13', NULL),
(662, 16, 9, '2023-02-11', '2023-02-06 04:36:13', '2023-02-06 04:36:13', NULL),
(663, 19, 1, '2023-02-06', '2023-02-06 04:37:26', '2023-02-06 04:37:26', NULL),
(664, 19, 2, '2023-02-07', '2023-02-06 04:37:26', '2023-02-06 04:37:26', NULL),
(665, 19, 1, '2023-02-08', '2023-02-06 04:37:26', '2023-02-06 04:37:26', NULL),
(666, 19, 2, '2023-02-10', '2023-02-06 04:37:26', '2023-02-06 04:37:26', NULL),
(667, 19, 2, '2023-02-11', '2023-02-06 04:37:26', '2023-02-06 04:37:26', NULL),
(668, 20, 2, '2023-02-06', '2023-02-06 04:38:21', '2023-02-06 04:38:21', NULL),
(669, 20, 1, '2023-02-07', '2023-02-06 04:38:21', '2023-02-06 04:38:21', NULL),
(670, 20, 2, '2023-02-08', '2023-02-06 04:38:21', '2023-02-06 04:38:21', NULL),
(671, 20, 2, '2023-02-09', '2023-02-06 04:38:21', '2023-02-06 04:38:21', NULL),
(672, 20, 1, '2023-02-10', '2023-02-06 04:38:21', '2023-02-06 04:38:21', NULL),
(673, 21, 2, '2023-02-06', '2023-02-06 04:39:38', '2023-02-06 04:39:38', NULL),
(674, 21, 2, '2023-02-07', '2023-02-06 04:39:38', '2023-02-06 04:39:38', NULL),
(675, 21, 2, '2023-02-08', '2023-02-06 04:39:38', '2023-02-06 04:39:38', NULL),
(676, 21, 2, '2023-02-09', '2023-02-06 04:39:38', '2023-02-06 04:39:38', NULL),
(677, 21, 1, '2023-02-10', '2023-02-06 04:39:38', '2023-02-06 04:39:38', NULL),
(678, 21, 1, '2023-02-11', '2023-02-06 04:39:38', '2023-02-06 04:39:38', NULL),
(679, 22, 1, '2023-02-06', '2023-02-06 04:40:26', '2023-02-06 04:40:26', NULL),
(680, 22, 2, '2023-02-07', '2023-02-06 04:40:26', '2023-02-06 04:40:26', NULL),
(681, 22, 2, '2023-02-08', '2023-02-06 04:40:26', '2023-02-06 04:40:26', NULL),
(682, 22, 1, '2023-02-09', '2023-02-06 04:40:26', '2023-02-06 04:40:26', NULL),
(683, 22, 2, '2023-02-10', '2023-02-06 04:40:26', '2023-02-06 04:40:26', NULL),
(684, 22, 2, '2023-02-11', '2023-02-06 04:40:26', '2023-02-06 04:40:26', NULL),
(685, 23, 2, '2023-02-06', '2023-02-06 04:41:14', '2023-02-06 04:41:14', NULL),
(686, 23, 1, '2023-02-07', '2023-02-06 04:41:14', '2023-02-06 04:41:14', NULL),
(687, 23, 1, '2023-02-08', '2023-02-06 04:41:14', '2023-02-06 04:41:14', NULL),
(688, 23, 2, '2023-02-09', '2023-02-06 04:41:14', '2023-02-06 04:41:14', NULL),
(689, 23, 2, '2023-02-10', '2023-02-06 04:41:14', '2023-02-06 04:41:14', NULL),
(690, 23, 2, '2023-02-11', '2023-02-06 04:41:14', '2023-02-06 04:41:14', NULL),
(691, 24, 2, '2023-02-06', '2023-02-06 04:41:56', '2023-02-06 04:41:56', NULL),
(692, 24, 2, '2023-02-07', '2023-02-06 04:41:56', '2023-02-06 04:41:56', NULL),
(693, 24, 2, '2023-02-08', '2023-02-06 04:41:56', '2023-02-06 04:41:56', NULL),
(694, 24, 2, '2023-02-09', '2023-02-06 04:41:56', '2023-02-06 04:41:56', NULL),
(695, 24, 2, '2023-02-10', '2023-02-06 04:41:56', '2023-02-06 04:41:56', NULL),
(696, 24, 2, '2023-02-11', '2023-02-06 04:41:56', '2023-02-06 04:41:56', NULL),
(697, 19, 3, '2023-02-12', '2023-02-12 04:24:05', '2023-02-12 04:24:05', NULL),
(698, 19, 2, '2023-02-13', '2023-02-12 04:24:05', '2023-02-12 04:24:05', NULL),
(699, 19, 1, '2023-02-14', '2023-02-12 04:24:05', '2023-02-12 04:24:05', NULL),
(700, 19, 1, '2023-02-15', '2023-02-12 04:24:05', '2023-02-12 04:24:05', NULL),
(701, 19, 2, '2023-02-16', '2023-02-12 04:24:05', '2023-02-12 04:24:05', NULL),
(702, 19, 2, '2023-02-17', '2023-02-12 04:24:05', '2023-02-12 04:24:05', NULL),
(703, 20, 3, '2023-02-12', '2023-02-12 04:24:57', '2023-02-12 04:24:57', NULL),
(704, 20, 1, '2023-02-13', '2023-02-12 04:24:57', '2023-02-12 04:24:57', NULL),
(705, 20, 1, '2023-02-14', '2023-02-12 04:24:57', '2023-02-12 04:24:57', NULL),
(706, 20, 2, '2023-02-15', '2023-02-12 04:24:57', '2023-02-12 04:24:57', NULL),
(707, 20, 2, '2023-02-16', '2023-02-12 04:24:57', '2023-02-12 04:24:57', NULL),
(708, 20, 2, '2023-02-17', '2023-02-12 04:24:57', '2023-02-12 04:24:57', NULL),
(709, 21, 2, '2023-02-13', '2023-02-12 04:26:01', '2023-02-12 04:26:01', NULL),
(710, 21, 2, '2023-02-14', '2023-02-12 04:26:01', '2023-02-12 04:26:01', NULL),
(711, 21, 1, '2023-02-15', '2023-02-12 04:26:01', '2023-02-12 04:26:01', NULL),
(712, 21, 2, '2023-02-16', '2023-02-12 04:26:01', '2023-02-12 04:26:01', NULL),
(713, 21, 2, '2023-02-17', '2023-02-12 04:26:01', '2023-02-12 04:26:01', NULL),
(714, 22, 2, '2023-02-13', '2023-02-12 04:26:49', '2023-02-12 04:26:49', NULL),
(715, 22, 2, '2023-02-14', '2023-02-12 04:26:49', '2023-02-12 04:26:49', NULL),
(716, 22, 2, '2023-02-15', '2023-02-12 04:26:49', '2023-02-12 04:26:49', NULL),
(717, 22, 1, '2023-02-16', '2023-02-12 04:26:49', '2023-02-12 04:26:49', NULL),
(718, 22, 3, '2023-02-19', '2023-02-12 04:26:49', '2023-02-12 04:26:49', NULL),
(719, 23, 2, '2023-02-14', '2023-02-12 04:27:28', '2023-02-12 04:27:28', NULL),
(720, 23, 2, '2023-02-15', '2023-02-12 04:27:28', '2023-02-12 04:27:28', NULL),
(721, 23, 1, '2023-02-16', '2023-02-12 04:27:28', '2023-02-12 04:27:28', NULL),
(722, 23, 1, '2023-02-17', '2023-02-12 04:27:28', '2023-02-12 04:27:28', NULL),
(723, 23, 2, '2023-02-14', '2023-02-12 04:27:28', '2023-02-12 04:27:28', NULL),
(724, 23, 3, '2023-02-19', '2023-02-12 04:27:28', '2023-02-12 04:27:28', NULL),
(725, 23, 2, '2023-02-15', '2023-02-12 04:27:28', '2023-02-12 04:27:28', NULL),
(726, 23, 1, '2023-02-16', '2023-02-12 04:27:28', '2023-02-12 04:27:28', NULL),
(727, 23, 1, '2023-02-17', '2023-02-12 04:27:28', '2023-02-12 04:27:28', NULL),
(728, 23, 3, '2023-02-19', '2023-02-12 04:27:28', '2023-02-12 04:27:28', NULL),
(729, 16, 9, '2023-02-13', '2023-02-12 04:28:20', '2023-02-12 04:28:20', NULL),
(730, 16, 9, '2023-02-14', '2023-02-12 04:28:20', '2023-02-12 04:28:20', NULL),
(731, 16, 9, '2023-02-15', '2023-02-12 04:28:20', '2023-02-12 04:28:20', NULL),
(732, 16, 9, '2023-02-16', '2023-02-12 04:28:20', '2023-02-12 04:28:20', NULL),
(733, 16, 9, '2023-02-17', '2023-02-12 04:28:20', '2023-02-12 04:28:20', NULL),
(734, 24, 2, '2023-02-13', '2023-02-12 04:29:01', '2023-02-12 04:29:01', NULL),
(735, 24, 2, '2023-02-14', '2023-02-12 04:29:01', '2023-02-12 04:29:01', NULL),
(736, 24, 2, '2023-02-13', '2023-02-12 04:29:01', '2023-02-12 04:29:01', NULL),
(737, 24, 2, '2023-02-15', '2023-02-12 04:29:01', '2023-02-12 04:29:01', NULL),
(738, 24, 2, '2023-02-14', '2023-02-12 04:29:01', '2023-02-12 04:29:01', NULL),
(739, 24, 2, '2023-02-16', '2023-02-12 04:29:01', '2023-02-12 04:29:01', NULL),
(740, 24, 2, '2023-02-15', '2023-02-12 04:29:01', '2023-02-12 04:29:01', NULL),
(741, 24, 2, '2023-02-16', '2023-02-12 04:29:01', '2023-02-12 04:29:01', NULL),
(742, 24, 2, '2023-02-17', '2023-02-12 04:29:01', '2023-02-12 04:29:01', NULL),
(743, 24, 2, '2023-02-17', '2023-02-12 04:29:01', '2023-02-12 04:29:01', NULL),
(744, 16, 9, '2023-02-20', '2023-02-20 08:53:07', '2023-02-20 08:53:07', NULL),
(745, 16, 9, '2023-02-21', '2023-02-20 08:53:07', '2023-02-20 08:53:07', NULL),
(748, 16, 9, '2023-02-24', '2023-02-20 08:53:07', '2023-02-20 08:53:07', NULL),
(749, 16, 9, '2023-02-25', '2023-02-20 08:53:07', '2023-02-20 08:53:07', NULL),
(750, 16, 9, '2023-02-20', '2023-02-20 08:53:07', '2023-02-20 08:53:07', NULL),
(751, 16, 9, '2023-02-21', '2023-02-20 08:53:07', '2023-02-20 08:53:07', NULL),
(752, 16, 9, '2023-02-22', '2023-02-20 08:53:07', '2023-02-20 08:53:07', NULL),
(753, 16, 9, '2023-02-23', '2023-02-20 08:53:07', '2023-02-20 08:53:07', NULL),
(756, 19, 2, '2023-02-20', '2023-02-20 08:53:49', '2023-02-20 08:53:49', NULL),
(762, 20, 2, '2023-02-20', '2023-02-20 08:54:29', '2023-02-20 08:54:29', NULL),
(763, 20, 2, '2023-02-21', '2023-02-20 08:54:29', '2023-02-20 08:54:29', NULL),
(768, 21, 2, '2023-02-20', '2023-02-20 08:55:21', '2023-02-20 08:55:21', NULL),
(769, 21, 1, '2023-02-21', '2023-02-20 08:55:21', '2023-02-20 08:55:21', NULL),
(774, 21, 2, '2023-02-20', '2023-02-20 08:55:21', '2023-02-20 08:55:21', NULL),
(775, 21, 1, '2023-02-21', '2023-02-20 08:55:21', '2023-02-20 08:55:21', NULL),
(780, 22, 1, '2023-02-20', '2023-02-20 08:56:04', '2023-02-20 08:56:04', NULL),
(786, 23, 1, '2023-02-20', '2023-02-20 08:56:44', '2023-02-20 08:56:44', NULL),
(787, 23, 2, '2023-02-21', '2023-02-20 08:56:44', '2023-02-20 08:56:44', NULL),
(792, 24, 2, '2023-02-20', '2023-02-20 08:57:30', '2023-02-20 08:57:30', NULL),
(793, 24, 2, '2023-02-21', '2023-02-20 08:57:30', '2023-02-20 08:57:30', NULL),
(794, 24, 2, '2023-02-22', '2023-02-20 08:57:30', '2023-02-20 08:57:30', NULL),
(795, 24, 2, '2023-02-23', '2023-02-20 08:57:30', '2023-02-20 08:57:30', NULL),
(796, 24, 2, '2023-02-24', '2023-02-20 08:57:30', '2023-02-20 08:57:30', NULL),
(797, 24, 2, '2023-02-25', '2023-02-20 08:57:30', '2023-02-20 08:57:30', NULL),
(798, 19, 2, '2023-02-21', '2023-02-21 12:37:28', '2023-02-21 12:37:28', NULL),
(799, 19, 1, '2023-02-22', '2023-02-21 12:37:28', '2023-02-21 12:37:28', NULL),
(800, 19, 2, '2023-02-24', '2023-02-21 12:37:28', '2023-02-21 12:37:28', NULL),
(801, 19, 2, '2023-02-25', '2023-02-21 12:37:28', '2023-02-21 12:37:28', NULL),
(802, 20, 2, '2023-02-22', '2023-02-21 12:38:07', '2023-02-21 12:38:07', NULL),
(803, 20, 1, '2023-02-23', '2023-02-21 12:38:07', '2023-02-21 12:38:07', NULL),
(804, 20, 2, '2023-02-24', '2023-02-21 12:38:07', '2023-02-21 12:38:07', NULL),
(805, 21, 2, '2023-02-23', '2023-02-21 12:38:50', '2023-02-21 12:38:50', NULL),
(806, 21, 2, '2023-02-24', '2023-02-21 12:38:50', '2023-02-21 12:38:50', NULL),
(807, 21, 1, '2023-02-25', '2023-02-21 12:38:50', '2023-02-21 12:38:50', NULL),
(808, 22, 2, '2023-02-22', '2023-02-21 12:39:38', '2023-02-21 12:39:38', NULL),
(809, 22, 2, '2023-02-23', '2023-02-21 12:39:38', '2023-02-21 12:39:38', NULL),
(810, 22, 1, '2023-02-24', '2023-02-21 12:39:38', '2023-02-21 12:39:38', NULL),
(811, 22, 2, '2023-02-25', '2023-02-21 12:39:38', '2023-02-21 12:39:38', NULL),
(812, 23, 2, '2023-02-22', '2023-02-21 12:40:16', '2023-02-21 12:40:16', NULL),
(813, 23, 2, '2023-02-23', '2023-02-21 12:40:16', '2023-02-21 12:40:16', NULL),
(814, 23, 2, '2023-02-25', '2023-02-21 12:40:16', '2023-02-21 12:40:16', NULL),
(815, 16, 9, '2023-02-27', '2023-02-26 16:12:08', '2023-02-26 16:12:08', NULL),
(816, 16, 9, '2023-02-28', '2023-02-26 16:12:08', '2023-02-26 16:12:08', NULL),
(817, 16, 9, '2023-03-01', '2023-02-26 16:12:08', '2023-02-26 16:12:08', NULL),
(818, 16, 9, '2023-03-02', '2023-02-26 16:12:08', '2023-02-26 16:12:08', NULL),
(819, 16, 9, '2023-03-03', '2023-02-26 16:12:08', '2023-02-26 16:12:08', NULL),
(820, 16, 9, '2023-03-04', '2023-02-26 16:12:08', '2023-02-26 16:12:08', NULL),
(821, 24, 2, '2023-02-27', '2023-02-26 16:13:02', '2023-02-26 16:13:02', NULL),
(822, 24, 2, '2023-02-28', '2023-02-26 16:13:02', '2023-02-26 16:13:02', NULL),
(823, 24, 2, '2023-03-01', '2023-02-26 16:13:02', '2023-02-26 16:13:02', NULL),
(824, 24, 2, '2023-03-02', '2023-02-26 16:13:02', '2023-02-26 16:13:02', NULL),
(825, 24, 2, '2023-03-03', '2023-02-26 16:13:02', '2023-02-26 16:13:02', NULL),
(826, 24, 2, '2023-03-04', '2023-02-26 16:13:02', '2023-02-26 16:13:02', NULL),
(827, 19, 2, '2023-02-27', '2023-02-26 16:13:42', '2023-02-26 16:13:42', NULL),
(828, 19, 2, '2023-02-28', '2023-02-26 16:13:42', '2023-02-26 16:13:42', NULL),
(829, 19, 2, '2023-03-01', '2023-02-26 16:13:42', '2023-02-26 16:13:42', NULL),
(830, 19, 1, '2023-03-02', '2023-02-26 16:13:42', '2023-02-26 16:13:42', NULL),
(831, 19, 1, '2023-03-03', '2023-02-26 16:13:42', '2023-02-26 16:13:42', NULL),
(832, 20, 1, '2023-02-27', '2023-02-26 16:14:15', '2023-02-26 16:14:15', NULL),
(833, 20, 2, '2023-03-01', '2023-02-26 16:14:15', '2023-02-26 16:14:15', NULL),
(834, 20, 2, '2023-03-02', '2023-02-26 16:14:15', '2023-02-26 16:14:15', NULL),
(835, 20, 2, '2023-03-03', '2023-02-26 16:14:15', '2023-02-26 16:14:15', NULL),
(836, 20, 1, '2023-03-04', '2023-02-26 16:14:15', '2023-02-26 16:14:15', NULL),
(837, 21, 2, '2023-02-27', '2023-02-26 16:14:49', '2023-02-26 16:14:49', NULL),
(838, 21, 2, '2023-02-28', '2023-02-26 16:14:49', '2023-02-26 16:14:49', NULL),
(839, 21, 1, '2023-03-01', '2023-02-26 16:14:49', '2023-02-26 16:14:49', NULL),
(840, 21, 2, '2023-03-03', '2023-02-26 16:14:49', '2023-02-26 16:14:49', NULL),
(841, 21, 2, '2023-03-04', '2023-02-26 16:14:49', '2023-02-26 16:14:49', NULL),
(842, 22, 2, '2023-02-27', '2023-02-26 16:15:23', '2023-02-26 16:15:23', NULL),
(843, 22, 1, '2023-02-28', '2023-02-26 16:15:23', '2023-02-26 16:15:23', NULL),
(844, 22, 2, '2023-03-02', '2023-02-26 16:15:23', '2023-02-26 16:15:23', NULL),
(845, 22, 2, '2023-03-03', '2023-02-26 16:15:23', '2023-02-26 16:15:23', NULL),
(846, 22, 2, '2023-03-04', '2023-02-26 16:15:23', '2023-02-26 16:15:23', NULL),
(847, 23, 2, '2023-02-28', '2023-02-26 16:15:54', '2023-02-26 16:15:54', NULL),
(848, 23, 2, '2023-03-01', '2023-02-26 16:15:54', '2023-02-26 16:15:54', NULL),
(849, 23, 2, '2023-03-02', '2023-02-26 16:15:54', '2023-02-26 16:15:54', NULL),
(850, 23, 1, '2023-03-03', '2023-02-26 16:15:54', '2023-02-26 16:15:54', NULL),
(851, 23, 2, '2023-03-04', '2023-02-26 16:15:54', '2023-02-26 16:15:54', NULL),
(852, 16, 9, '2023-03-06', '2023-03-05 16:29:25', '2023-03-05 16:29:25', NULL),
(853, 16, 9, '2023-03-07', '2023-03-05 16:29:25', '2023-03-05 16:29:25', NULL),
(854, 16, 9, '2023-03-08', '2023-03-05 16:29:25', '2023-03-05 16:29:25', NULL),
(855, 16, 9, '2023-03-09', '2023-03-05 16:29:25', '2023-03-05 16:29:25', NULL),
(856, 16, 9, '2023-03-10', '2023-03-05 16:29:25', '2023-03-05 16:29:25', NULL),
(857, 16, 9, '2023-03-11', '2023-03-05 16:29:25', '2023-03-05 16:29:25', NULL),
(858, 24, 2, '2023-03-06', '2023-03-05 16:30:05', '2023-03-05 16:30:05', NULL),
(859, 24, 2, '2023-03-07', '2023-03-05 16:30:05', '2023-03-05 16:30:05', NULL),
(860, 24, 2, '2023-03-08', '2023-03-05 16:30:05', '2023-03-05 16:30:05', NULL),
(861, 24, 2, '2023-03-09', '2023-03-05 16:30:05', '2023-03-05 16:30:05', NULL),
(862, 24, 2, '2023-03-10', '2023-03-05 16:30:05', '2023-03-05 16:30:05', NULL),
(863, 24, 2, '2023-03-11', '2023-03-05 16:30:05', '2023-03-05 16:30:05', NULL),
(864, 19, 2, '2023-03-07', '2023-03-05 16:30:57', '2023-03-05 16:30:57', NULL),
(865, 19, 2, '2023-03-08', '2023-03-05 16:30:57', '2023-03-05 16:30:57', NULL),
(866, 19, 2, '2023-03-09', '2023-03-05 16:30:57', '2023-03-05 16:30:57', NULL),
(867, 19, 2, '2023-03-10', '2023-03-05 16:30:57', '2023-03-05 16:30:57', NULL),
(868, 19, 1, '2023-03-11', '2023-03-05 16:30:57', '2023-03-05 16:30:57', NULL),
(869, 20, 1, '2023-03-06', '2023-03-05 16:31:37', '2023-03-05 16:31:37', NULL),
(870, 20, 2, '2023-03-07', '2023-03-05 16:31:37', '2023-03-05 16:31:37', NULL),
(871, 20, 1, '2023-03-08', '2023-03-05 16:31:37', '2023-03-05 16:31:37', NULL),
(872, 20, 2, '2023-03-10', '2023-03-05 16:31:37', '2023-03-05 16:31:37', NULL),
(873, 20, 2, '2023-03-11', '2023-03-05 16:31:37', '2023-03-05 16:31:37', NULL),
(874, 21, 2, '2023-03-06', '2023-03-05 16:32:10', '2023-03-05 16:32:10', NULL),
(875, 21, 1, '2023-03-07', '2023-03-05 16:32:10', '2023-03-05 16:32:10', NULL),
(876, 21, 2, '2023-03-08', '2023-03-05 16:32:10', '2023-03-05 16:32:10', NULL),
(877, 21, 2, '2023-03-09', '2023-03-05 16:32:10', '2023-03-05 16:32:10', NULL),
(878, 21, 1, '2023-03-10', '2023-03-05 16:32:10', '2023-03-05 16:32:10', NULL),
(879, 22, 2, '2023-03-06', '2023-03-05 16:32:48', '2023-03-05 16:32:48', NULL),
(880, 22, 1, '2023-03-07', '2023-03-05 16:32:48', '2023-03-05 16:32:48', NULL),
(881, 22, 2, '2023-03-09', '2023-03-05 16:32:48', '2023-03-05 16:32:48', NULL),
(882, 22, 2, '2023-03-10', '2023-03-05 16:32:48', '2023-03-05 16:32:48', NULL),
(883, 22, 2, '2023-03-11', '2023-03-05 16:32:48', '2023-03-05 16:32:48', NULL),
(884, 23, 2, '2023-03-06', '2023-03-05 16:33:21', '2023-03-05 16:33:21', NULL),
(885, 23, 2, '2023-03-07', '2023-03-05 16:33:21', '2023-03-05 16:33:21', NULL),
(886, 23, 2, '2023-03-08', '2023-03-05 16:33:21', '2023-03-05 16:33:21', NULL),
(887, 23, 1, '2023-03-09', '2023-03-05 16:33:21', '2023-03-05 16:33:21', NULL),
(888, 23, 2, '2023-03-11', '2023-03-05 16:33:21', '2023-03-05 16:33:21', NULL),
(889, 21, 10, '2023-08-14', '2023-08-13 23:59:36', '2023-08-13 23:59:36', NULL),
(890, 21, 10, '2023-08-15', '2023-08-13 23:59:36', '2023-08-13 23:59:36', NULL),
(891, 21, 10, '2023-08-16', '2023-08-13 23:59:36', '2023-08-13 23:59:36', NULL),
(892, 21, 2, '2023-08-17', '2023-08-13 23:59:36', '2023-08-13 23:59:36', NULL),
(893, 21, 2, '2023-08-18', '2023-08-13 23:59:36', '2023-08-13 23:59:36', NULL),
(894, 21, 2, '2023-08-19', '2023-08-13 23:59:36', '2023-08-13 23:59:36', NULL),
(895, 23, 2, '2023-08-14', '2023-08-14 00:00:55', '2023-08-14 00:00:55', NULL),
(896, 23, 2, '2023-08-15', '2023-08-14 00:00:55', '2023-08-14 00:00:55', NULL),
(897, 23, 2, '2023-08-16', '2023-08-14 00:00:55', '2023-08-14 00:00:55', NULL),
(898, 23, 2, '2023-08-17', '2023-08-14 00:00:55', '2023-08-17 07:51:00', NULL),
(899, 23, 10, '2023-08-18', '2023-08-14 00:00:55', '2023-08-14 00:00:55', NULL),
(900, 23, 2, '2023-08-14', '2023-08-14 00:01:07', '2023-08-14 00:01:07', NULL),
(901, 23, 2, '2023-08-15', '2023-08-14 00:01:07', '2023-08-14 00:01:07', NULL),
(902, 23, 2, '2023-08-16', '2023-08-14 00:01:07', '2023-08-14 00:01:07', NULL),
(903, 23, 2, '2023-08-17', '2023-08-14 00:01:07', '2023-08-17 07:50:53', NULL),
(904, 23, 10, '2023-08-18', '2023-08-14 00:01:07', '2023-08-14 00:01:07', NULL),
(905, 23, 10, '2023-08-19', '2023-08-14 00:01:07', '2023-08-14 00:01:07', NULL),
(906, 26, 2, '2023-08-14', '2023-08-14 00:02:11', '2023-08-14 00:02:11', NULL),
(907, 26, 2, '2023-08-15', '2023-08-14 00:02:11', '2023-08-14 00:02:11', NULL),
(908, 26, 2, '2023-08-16', '2023-08-14 00:02:11', '2023-08-14 00:02:11', NULL),
(909, 26, 2, '2023-08-17', '2023-08-14 00:02:11', '2023-08-14 00:02:11', NULL),
(910, 26, 2, '2023-08-18', '2023-08-14 00:02:11', '2023-08-14 00:02:11', NULL),
(911, 26, 2, '2023-08-19', '2023-08-14 00:02:11', '2023-08-14 00:02:11', NULL),
(912, 24, 2, '2023-08-14', '2023-08-14 00:03:15', '2023-08-14 00:03:15', NULL),
(913, 24, 2, '2023-08-15', '2023-08-14 00:03:15', '2023-08-14 00:03:15', NULL),
(914, 24, 2, '2023-08-16', '2023-08-14 00:03:15', '2023-08-14 00:03:15', NULL),
(915, 24, 2, '2023-08-17', '2023-08-14 00:03:15', '2023-08-14 00:03:15', NULL),
(916, 24, 2, '2023-08-18', '2023-08-14 00:03:15', '2023-08-14 00:03:15', NULL),
(917, 24, 2, '2023-08-19', '2023-08-14 00:03:15', '2023-08-14 00:03:15', NULL),
(918, 21, 10, '2023-08-21', '2023-08-21 00:47:57', '2023-08-21 00:47:57', NULL),
(919, 21, 2, '2023-08-22', '2023-08-21 00:47:57', '2023-08-21 00:47:57', NULL),
(920, 21, 2, '2023-08-23', '2023-08-21 00:47:57', '2023-08-21 00:47:57', NULL),
(921, 21, 2, '2023-08-24', '2023-08-21 00:47:57', '2023-08-21 00:47:57', NULL),
(922, 21, 10, '2023-08-25', '2023-08-21 00:47:57', '2023-08-21 00:47:57', NULL),
(923, 21, 10, '2023-08-26', '2023-08-21 00:47:57', '2023-08-21 00:47:57', NULL),
(924, 24, 2, '2023-08-21', '2023-08-21 00:48:42', '2023-08-21 00:48:42', NULL),
(925, 24, 2, '2023-08-22', '2023-08-21 00:48:42', '2023-08-21 00:48:42', NULL),
(926, 24, 2, '2023-08-23', '2023-08-21 00:48:42', '2023-08-21 00:48:42', NULL),
(927, 24, 2, '2023-08-24', '2023-08-21 00:48:42', '2023-08-21 00:48:42', NULL),
(928, 24, 2, '2023-08-25', '2023-08-21 00:48:43', '2023-08-21 00:48:43', NULL),
(929, 24, 2, '2023-08-26', '2023-08-21 00:48:43', '2023-08-21 00:48:43', NULL),
(930, 23, 2, '2023-08-21', '2023-08-21 00:49:42', '2023-08-21 00:49:42', NULL),
(931, 23, 10, '2023-08-22', '2023-08-21 00:49:42', '2023-08-21 00:49:42', NULL),
(932, 23, 10, '2023-08-23', '2023-08-21 00:49:42', '2023-08-21 00:49:42', NULL),
(933, 23, 10, '2023-08-24', '2023-08-21 00:49:42', '2023-08-21 00:49:42', NULL),
(934, 23, 2, '2023-08-25', '2023-08-21 00:49:42', '2023-08-21 00:49:42', NULL),
(935, 23, 2, '2023-08-26', '2023-08-21 00:49:42', '2023-08-21 00:49:42', NULL),
(936, 26, 2, '2023-08-21', '2023-08-21 00:50:25', '2023-08-21 00:50:25', NULL),
(937, 26, 2, '2023-08-22', '2023-08-21 00:50:25', '2023-08-21 00:50:25', NULL),
(938, 26, 2, '2023-08-23', '2023-08-21 00:50:25', '2023-08-21 00:50:25', NULL),
(939, 26, 2, '2023-08-24', '2023-08-21 00:50:25', '2023-08-21 00:50:25', NULL),
(940, 26, 2, '2023-08-25', '2023-08-21 00:50:25', '2023-08-21 00:50:25', NULL),
(941, 26, 2, '2023-08-26', '2023-08-21 00:50:25', '2023-08-21 00:50:25', NULL),
(942, 26, 2, '2023-08-21', '2023-08-21 00:50:25', '2023-08-21 00:50:25', NULL),
(943, 26, 2, '2023-08-22', '2023-08-21 00:50:25', '2023-08-21 00:50:25', NULL),
(944, 26, 2, '2023-08-23', '2023-08-21 00:50:26', '2023-08-21 00:50:26', NULL),
(945, 26, 2, '2023-08-24', '2023-08-21 00:50:26', '2023-08-21 00:50:26', NULL),
(946, 26, 2, '2023-08-25', '2023-08-21 00:50:26', '2023-08-21 00:50:26', NULL),
(947, 26, 2, '2023-08-26', '2023-08-21 00:50:26', '2023-08-21 00:50:26', NULL),
(948, 21, 10, '2023-08-28', '2023-08-28 01:04:48', '2023-08-28 01:04:48', NULL),
(949, 21, 10, '2023-08-29', '2023-08-28 01:05:55', '2023-08-28 01:05:55', NULL),
(950, 21, 10, '2023-08-30', '2023-08-28 01:05:55', '2023-08-28 01:05:55', NULL),
(951, 21, 2, '2023-08-31', '2023-08-28 01:05:55', '2023-08-28 01:05:55', NULL),
(952, 21, 2, '2023-09-01', '2023-08-28 01:05:55', '2023-08-28 01:05:55', NULL),
(953, 21, 2, '2023-09-02', '2023-08-28 01:05:55', '2023-08-28 01:05:55', NULL),
(954, 23, 2, '2023-08-28', '2023-08-28 01:06:47', '2023-08-28 01:06:47', NULL),
(955, 23, 2, '2023-08-29', '2023-08-28 01:06:47', '2023-08-28 01:06:47', NULL),
(956, 23, 2, '2023-08-30', '2023-08-28 01:06:47', '2023-08-28 01:06:47', NULL),
(957, 23, 10, '2023-08-31', '2023-08-28 01:06:47', '2023-08-28 01:06:47', NULL),
(958, 23, 10, '2023-09-01', '2023-08-28 01:06:47', '2023-08-28 01:06:47', NULL),
(959, 23, 10, '2023-09-02', '2023-08-28 01:06:47', '2023-08-28 01:06:47', NULL),
(960, 26, 2, '2023-08-28', '2023-08-28 01:07:41', '2023-08-28 01:07:41', NULL),
(961, 26, 2, '2023-08-29', '2023-08-28 01:07:41', '2023-08-28 01:07:41', NULL),
(962, 26, 2, '2023-08-30', '2023-08-28 01:07:41', '2023-08-28 01:07:41', NULL),
(963, 26, 2, '2023-08-31', '2023-08-28 01:07:41', '2023-08-28 01:07:41', NULL),
(964, 26, 2, '2023-09-01', '2023-08-28 01:07:41', '2023-08-28 01:07:41', NULL),
(965, 26, 2, '2023-08-28', '2023-08-28 01:07:50', '2023-08-28 01:07:50', NULL),
(966, 26, 2, '2023-08-29', '2023-08-28 01:07:50', '2023-08-28 01:07:50', NULL),
(967, 26, 2, '2023-08-30', '2023-08-28 01:07:50', '2023-08-28 01:07:50', NULL),
(968, 26, 2, '2023-08-31', '2023-08-28 01:07:50', '2023-08-28 01:07:50', NULL),
(969, 26, 2, '2023-09-01', '2023-08-28 01:07:50', '2023-08-28 01:07:50', NULL),
(970, 26, 2, '2023-09-02', '2023-08-28 01:07:50', '2023-08-28 01:07:50', NULL),
(971, 24, 2, '2023-08-28', '2023-08-28 01:08:26', '2023-08-28 01:08:26', NULL),
(972, 24, 2, '2023-08-29', '2023-08-28 01:08:26', '2023-08-28 01:08:26', NULL),
(973, 24, 2, '2023-08-30', '2023-08-28 01:08:26', '2023-08-28 01:08:26', NULL),
(974, 24, 2, '2023-08-31', '2023-08-28 01:08:26', '2023-08-28 01:08:26', NULL),
(975, 24, 2, '2023-09-01', '2023-08-28 01:08:26', '2023-08-28 01:08:26', NULL),
(976, 24, 2, '2023-09-02', '2023-08-28 01:08:26', '2023-08-28 01:08:26', NULL);

-- --------------------------------------------------------

--
-- Table structure for table `settings`
--

CREATE TABLE `settings` (
  `id` bigint UNSIGNED NOT NULL,
  `company` varchar(255) COLLATE utf8mb4_unicode_ci NOT NULL,
  `leader` varchar(255) COLLATE utf8mb4_unicode_ci NOT NULL,
  `address` text COLLATE utf8mb4_unicode_ci NOT NULL,
  `logo` varchar(255) COLLATE utf8mb4_unicode_ci NOT NULL,
  `ttd` varchar(255) COLLATE utf8mb4_unicode_ci NOT NULL,
  `created_at` timestamp NULL DEFAULT NULL,
  `updated_at` timestamp NULL DEFAULT NULL,
  `lokasi` varchar(255) COLLATE utf8mb4_unicode_ci DEFAULT NULL,
  `lat` text COLLATE utf8mb4_unicode_ci,
  `lng` text COLLATE utf8mb4_unicode_ci,
  `radius` int DEFAULT NULL
) ENGINE=InnoDB DEFAULT CHARSET=utf8mb4 COLLATE=utf8mb4_unicode_ci;

--
-- Dumping data for table `settings`
--

INSERT INTO `settings` (`id`, `company`, `leader`, `address`, `logo`, `ttd`, `created_at`, `updated_at`, `lokasi`, `lat`, `lng`, `radius`) VALUES
(1, 'APOTEK SEGAR SEHAT', 'Dr. H. Soeharto Puluhulawa , SE. MM', 'JL. HB JASSIN NO 2 LIMBA U 1', '1666714282.logo.png', '1666714282.ttd.png', NULL, '2023-10-23 04:18:33', 'Kantor Pusat PT Pos Indonesia Bandung, Jalan Cilaki, Bandung Wetan, Bandung 40122, West Java, Indonesia', '-6.9020617', '107.6196605', 100);

-- --------------------------------------------------------

--
-- Table structure for table `shifts`
--

CREATE TABLE `shifts` (
  `id` bigint UNSIGNED NOT NULL,
  `created_at` timestamp NULL DEFAULT NULL,
  `updated_at` timestamp NULL DEFAULT NULL,
  `shift_name` varchar(255) COLLATE utf8mb4_unicode_ci NOT NULL,
  `in` time NOT NULL,
  `out` time NOT NULL,
  `late` int NOT NULL
) ENGINE=InnoDB DEFAULT CHARSET=utf8mb4 COLLATE=utf8mb4_unicode_ci;

--
-- Dumping data for table `shifts`
--

INSERT INTO `shifts` (`id`, `created_at`, `updated_at`, `shift_name`, `in`, `out`, `late`) VALUES
(1, '2022-10-06 15:35:10', '2022-10-25 06:19:18', 'pagi', '08:30:00', '16:00:00', 15),
(2, '2022-10-25 06:17:29', '2023-08-13 23:57:46', 'sore baru', '15:00:00', '21:00:00', 15),
(3, '2022-10-25 06:20:41', '2022-10-25 06:20:41', 'minggu', '16:00:00', '20:00:00', 15),
(6, '2022-10-28 14:00:50', '2022-10-28 14:00:50', 'Pian', '16:00:00', '22:00:00', 15),
(7, '2022-10-29 07:43:58', '2022-10-29 14:29:31', 'Pian 29/10', '14:50:00', '21:30:00', 15),
(8, '2022-10-31 04:13:47', '2022-10-31 11:40:35', 'Pian 31/10', '13:00:00', '19:00:00', 15),
(9, '2022-11-06 05:44:56', '2022-11-06 05:44:56', 'pian 02', '13:00:00', '23:00:00', 180),
(10, '2023-08-13 23:53:59', '2023-08-13 23:56:10', 'pagi baru', '08:00:00', '15:00:00', 15);

-- --------------------------------------------------------

--
-- Table structure for table `superrs`
--

CREATE TABLE `superrs` (
  `id` bigint UNSIGNED NOT NULL,
  `created_at` timestamp NULL DEFAULT NULL,
  `updated_at` timestamp NULL DEFAULT NULL,
  `name` varchar(100) COLLATE utf8mb4_unicode_ci DEFAULT NULL,
  `age` int DEFAULT NULL,
  `is_active` tinyint(1) NOT NULL DEFAULT '1',
  `birth_date` date DEFAULT NULL,
  `salary` bigint DEFAULT NULL
) ENGINE=InnoDB DEFAULT CHARSET=utf8mb4 COLLATE=utf8mb4_unicode_ci;

-- --------------------------------------------------------

--
-- Table structure for table `users`
--

CREATE TABLE `users` (
  `id` bigint UNSIGNED NOT NULL,
  `name` varchar(255) COLLATE utf8mb4_unicode_ci NOT NULL,
  `email` varchar(255) COLLATE utf8mb4_unicode_ci NOT NULL,
  `email_verified_at` timestamp NULL DEFAULT NULL,
  `password` varchar(255) COLLATE utf8mb4_unicode_ci NOT NULL,
  `remember_token` varchar(100) COLLATE utf8mb4_unicode_ci DEFAULT NULL,
  `created_at` timestamp NULL DEFAULT NULL,
  `updated_at` timestamp NULL DEFAULT NULL,
  `role` varchar(255) COLLATE utf8mb4_unicode_ci NOT NULL DEFAULT 'user'
) ENGINE=InnoDB DEFAULT CHARSET=utf8mb4 COLLATE=utf8mb4_unicode_ci;

--
-- Dumping data for table `users`
--

INSERT INTO `users` (`id`, `name`, `email`, `email_verified_at`, `password`, `remember_token`, `created_at`, `updated_at`, `role`) VALUES
(1, 'Admin Apotek', 'admin@apotek.com', '2022-10-06 15:11:38', '$2y$10$pIRoAAkPerYW3Pa/oRci3eIM5vAF8Vq2JBm7BLa/6aVbAcOndnkke', 'TnkFQuTu2DoHagxNoISz5rqnjuHBzZ4V420s9rbDKLLeplYn2DlJNTBiBrWm', '2022-10-06 15:11:38', '2022-10-06 15:11:38', 'admin'),
(2, 'Owner Apotek', 'owner@apotek.com', '2022-10-06 15:11:38', '$2y$10$pIRoAAkPerYW3Pa/oRci3eIM5vAF8Vq2JBm7BLa/6aVbAcOndnkke', 'IfOcT2ceWVHYm7WF3IKrbHrzvmjlzRYxxHflqhMvD6BFoZsLAYBmE2D9O1DL', '2022-10-06 15:11:38', '2022-10-06 15:11:38', 'owner');

--
-- Indexes for dumped tables
--

--
-- Indexes for table `attendances`
--
ALTER TABLE `attendances`
  ADD PRIMARY KEY (`id`),
  ADD KEY `attendances_employees_id_foreign` (`employees_id`),
  ADD KEY `attendances_schedules_id_foreign` (`schedules_id`);

--
-- Indexes for table `employees`
--
ALTER TABLE `employees`
  ADD PRIMARY KEY (`id`),
  ADD UNIQUE KEY `employees_rfid_unique` (`rfid`),
  ADD KEY `employees_jabatans_id_foreign` (`jabatans_id`);

--
-- Indexes for table `failed_jobs`
--
ALTER TABLE `failed_jobs`
  ADD PRIMARY KEY (`id`),
  ADD UNIQUE KEY `failed_jobs_uuid_unique` (`uuid`);

--
-- Indexes for table `jabatans`
--
ALTER TABLE `jabatans`
  ADD PRIMARY KEY (`id`);

--
-- Indexes for table `job_batches`
--
ALTER TABLE `job_batches`
  ADD PRIMARY KEY (`id`);

--
-- Indexes for table `migrations`
--
ALTER TABLE `migrations`
  ADD PRIMARY KEY (`id`);

--
-- Indexes for table `password_resets`
--
ALTER TABLE `password_resets`
  ADD KEY `password_resets_email_index` (`email`);

--
-- Indexes for table `payments`
--
ALTER TABLE `payments`
  ADD PRIMARY KEY (`id`),
  ADD KEY `payments_employees_id_foreign` (`employees_id`);

--
-- Indexes for table `personal_access_tokens`
--
ALTER TABLE `personal_access_tokens`
  ADD PRIMARY KEY (`id`),
  ADD UNIQUE KEY `personal_access_tokens_token_unique` (`token`),
  ADD KEY `personal_access_tokens_tokenable_type_tokenable_id_index` (`tokenable_type`,`tokenable_id`);

--
-- Indexes for table `salaries`
--
ALTER TABLE `salaries`
  ADD PRIMARY KEY (`id`),
  ADD KEY `salaries_jabatan_id_foreign` (`jabatan_id`);

--
-- Indexes for table `schedules`
--
ALTER TABLE `schedules`
  ADD PRIMARY KEY (`id`),
  ADD KEY `schedules_employees_id_foreign` (`employees_id`),
  ADD KEY `schedules_shifts_id_foreign` (`shifts_id`);

--
-- Indexes for table `settings`
--
ALTER TABLE `settings`
  ADD PRIMARY KEY (`id`);

--
-- Indexes for table `shifts`
--
ALTER TABLE `shifts`
  ADD PRIMARY KEY (`id`);

--
-- Indexes for table `superrs`
--
ALTER TABLE `superrs`
  ADD PRIMARY KEY (`id`);

--
-- Indexes for table `users`
--
ALTER TABLE `users`
  ADD PRIMARY KEY (`id`),
  ADD UNIQUE KEY `users_email_unique` (`email`);

--
-- AUTO_INCREMENT for dumped tables
--

--
-- AUTO_INCREMENT for table `attendances`
--
ALTER TABLE `attendances`
  MODIFY `id` bigint UNSIGNED NOT NULL AUTO_INCREMENT, AUTO_INCREMENT=977;

--
-- AUTO_INCREMENT for table `employees`
--
ALTER TABLE `employees`
  MODIFY `id` bigint UNSIGNED NOT NULL AUTO_INCREMENT, AUTO_INCREMENT=28;

--
-- AUTO_INCREMENT for table `failed_jobs`
--
ALTER TABLE `failed_jobs`
  MODIFY `id` bigint UNSIGNED NOT NULL AUTO_INCREMENT;

--
-- AUTO_INCREMENT for table `jabatans`
--
ALTER TABLE `jabatans`
  MODIFY `id` bigint UNSIGNED NOT NULL AUTO_INCREMENT, AUTO_INCREMENT=7;

--
-- AUTO_INCREMENT for table `migrations`
--
ALTER TABLE `migrations`
  MODIFY `id` int UNSIGNED NOT NULL AUTO_INCREMENT, AUTO_INCREMENT=27;

--
-- AUTO_INCREMENT for table `payments`
--
ALTER TABLE `payments`
  MODIFY `id` bigint UNSIGNED NOT NULL AUTO_INCREMENT, AUTO_INCREMENT=28;

--
-- AUTO_INCREMENT for table `personal_access_tokens`
--
ALTER TABLE `personal_access_tokens`
  MODIFY `id` bigint UNSIGNED NOT NULL AUTO_INCREMENT;

--
-- AUTO_INCREMENT for table `salaries`
--
ALTER TABLE `salaries`
  MODIFY `id` bigint UNSIGNED NOT NULL AUTO_INCREMENT, AUTO_INCREMENT=7;

--
-- AUTO_INCREMENT for table `schedules`
--
ALTER TABLE `schedules`
  MODIFY `id` bigint UNSIGNED NOT NULL AUTO_INCREMENT, AUTO_INCREMENT=977;

--
-- AUTO_INCREMENT for table `settings`
--
ALTER TABLE `settings`
  MODIFY `id` bigint UNSIGNED NOT NULL AUTO_INCREMENT, AUTO_INCREMENT=2;

--
-- AUTO_INCREMENT for table `shifts`
--
ALTER TABLE `shifts`
  MODIFY `id` bigint UNSIGNED NOT NULL AUTO_INCREMENT, AUTO_INCREMENT=11;

--
-- AUTO_INCREMENT for table `superrs`
--
ALTER TABLE `superrs`
  MODIFY `id` bigint UNSIGNED NOT NULL AUTO_INCREMENT;

--
-- AUTO_INCREMENT for table `users`
--
ALTER TABLE `users`
  MODIFY `id` bigint UNSIGNED NOT NULL AUTO_INCREMENT, AUTO_INCREMENT=3;

--
-- Constraints for dumped tables
--

--
-- Constraints for table `attendances`
--
ALTER TABLE `attendances`
  ADD CONSTRAINT `attendances_employees_id_foreign` FOREIGN KEY (`employees_id`) REFERENCES `employees` (`id`),
  ADD CONSTRAINT `attendances_schedules_id_foreign` FOREIGN KEY (`schedules_id`) REFERENCES `schedules` (`id`);

--
-- Constraints for table `employees`
--
ALTER TABLE `employees`
  ADD CONSTRAINT `employees_jabatans_id_foreign` FOREIGN KEY (`jabatans_id`) REFERENCES `jabatans` (`id`);

--
-- Constraints for table `payments`
--
ALTER TABLE `payments`
  ADD CONSTRAINT `payments_employees_id_foreign` FOREIGN KEY (`employees_id`) REFERENCES `employees` (`id`);

--
-- Constraints for table `salaries`
--
ALTER TABLE `salaries`
  ADD CONSTRAINT `salaries_jabatan_id_foreign` FOREIGN KEY (`jabatan_id`) REFERENCES `jabatans` (`id`);

--
-- Constraints for table `schedules`
--
ALTER TABLE `schedules`
  ADD CONSTRAINT `schedules_employees_id_foreign` FOREIGN KEY (`employees_id`) REFERENCES `employees` (`id`),
  ADD CONSTRAINT `schedules_shifts_id_foreign` FOREIGN KEY (`shifts_id`) REFERENCES `shifts` (`id`);
COMMIT;

/*!40101 SET CHARACTER_SET_CLIENT=@OLD_CHARACTER_SET_CLIENT */;
/*!40101 SET CHARACTER_SET_RESULTS=@OLD_CHARACTER_SET_RESULTS */;
/*!40101 SET COLLATION_CONNECTION=@OLD_COLLATION_CONNECTION */;
